# (2,3) torus knot tube generated for CSE160 asgn4
v 3.00000 0.24597 0.49193
v 3.16996 0.23393 0.46786
v 3.32328 0.19899 0.39798
v 3.44496 0.14458 0.28915
v 3.52308 0.07601 0.15202
v 3.55000 0.00000 0.00000
v 3.52308 -0.07601 -0.15202
v 3.44496 -0.14458 -0.28915
v 3.32328 -0.19899 -0.39798
v 3.16996 -0.23393 -0.46786
v 3.00000 -0.24597 -0.49193
v 2.83004 -0.23393 -0.46786
v 2.67672 -0.19899 -0.39798
v 2.55504 -0.14458 -0.28915
v 2.47692 -0.07601 -0.15202
v 2.45000 -0.00000 -0.00000
v 2.47692 0.07601 0.15202
v 2.55504 0.14458 0.28915
v 2.67672 0.19899 0.39798
v 2.83004 0.23393 0.46786
v 2.99366 0.39327 0.41825
v 3.16312 0.39289 0.38835
v 3.31599 0.36845 0.31323
v 3.43731 0.32234 0.20024
v 3.51521 0.25907 0.06046
v 3.54206 0.18483 -0.09245
v 3.51522 0.10690 -0.24350
v 3.43734 0.03291 -0.37792
v 3.31602 -0.02992 -0.48255
v 3.16316 -0.07541 -0.54714
v 2.99370 -0.09913 -0.56538
v 2.82424 -0.09875 -0.53548
v 2.67137 -0.07431 -0.46035
v 2.55005 -0.02819 -0.34737
v 2.47215 0.03507 -0.20759
v 2.44530 0.10931 -0.05468
v 2.47214 0.18724 0.09637
v 2.55002 0.26123 0.23079
v 2.67134 0.32406 0.33542
v 2.82420 0.36955 0.40002
v 2.97464 0.53989 0.34474
v 3.14260 0.55108 0.30904
v 3.29414 0.53700 0.22873
v 3.41441 0.49904 0.11167
v 3.49165 0.44091 -0.03069
v 3.51830 0.36830 -0.18441
v 3.49174 0.28831 -0.33443
v 3.41458 0.20879 -0.46609
v 3.29437 0.13751 -0.56648
v 3.14287 0.08144 -0.62579
v 2.97492 0.04609 -0.63820
v 2.80696 0.03490 -0.60250
v 2.65543 0.04898 -0.52219
v 2.53515 0.08694 -0.40513
v 2.45791 0.14507 -0.26277
v 2.43127 0.21769 -0.10905
v 2.45782 0.29767 0.04097
v 2.53499 0.37719 0.17263
v 2.65520 0.44847 0.27302
v 2.80669 0.50454 0.33232
v 2.94306 0.68466 0.27180
v 3.10854 0.70725 0.23037
v 3.25786 0.70336 0.14494
v 3.37642 0.67335 0.02388
v 3.45259 0.62017 -0.12096
v 3.47893 0.54903 -0.27542
v 3.45286 0.46688 -0.42435
v 3.37693 0.38177 -0.55320
v 3.25857 0.30203 -0.64935
v 3.10937 0.23547 -0.70337
v 2.94393 0.18859 -0.71000
v 2.77845 0.16600 -0.66857
v 2.62913 0.16990 -0.58314
v 2.51057 0.19990 -0.46208
v 2.43440 0.25308 -0.31724
v 2.40806 0.32422 -0.16279
v 2.43413 0.40637 -0.01385
v 2.51006 0.49148 0.11500
v 2.62842 0.57122 0.21114
v 2.77762 0.63778 0.26517
v 2.89914 0.82643 0.19984
v 3.06117 0.86020 0.15276
v 3.20744 0.86624 0.06231
v 3.32362 0.84396 -0.06265
v 3.39835 0.79553 -0.20990
v 3.42430 0.72570 -0.36501
v 3.39895 0.64130 -0.51281
v 3.32477 0.55059 -0.63883
v 3.20902 0.46245 -0.73073
v 3.06304 0.38552 -0.77951
v 2.90111 0.32731 -0.78041
v 2.73908 0.29354 -0.73333
v 2.59281 0.28750 -0.64288
v 2.47663 0.30978 -0.51792
v 2.40190 0.35821 -0.37067
v 2.37594 0.42804 -0.21556
v 2.40129 0.51244 -0.06776
v 2.47548 0.60315 0.05826
v 2.59122 0.69129 0.15016
v 2.73721 0.76822 0.19894
v 2.84327 0.96408 0.12927
v 3.00089 1.00874 0.07664
v 3.14327 1.02442 -0.01872
v 3.25645 1.00959 -0.14748
v 3.32937 0.96569 -0.29704
v 3.35489 0.89702 -0.45274
v 3.33050 0.81030 -0.59936
v 3.25860 0.71403 -0.72254
v 3.14622 0.61762 -0.81022
v 3.00437 0.53052 -0.85381
v 2.84692 0.46124 -0.84906
v 2.68930 0.41658 -0.79643
v 2.54692 0.40090 -0.70107
v 2.43374 0.41573 -0.57231
v 2.36082 0.45963 -0.42275
v 2.33530 0.52830 -0.26705
v 2.35969 0.61502 -0.12043
v 2.43159 0.71129 0.00275
v 2.54397 0.80770 0.09043
v 2.68582 0.89480 0.13402
v 2.77592 1.09653 0.06051
v 2.92821 1.15173 0.00244
v 3.06589 1.17670 -0.09772
v 3.17548 1.16901 -0.23016
v 3.24626 1.12940 -0.38192
v 3.27129 1.06176 -0.53816
v 3.24813 0.97270 -0.68356
v 3.17904 0.87094 -0.80391
v 3.07079 0.76645 -0.88741
v 2.93396 0.66945 -0.92591
v 2.78197 0.58943 -0.91562
v 2.62968 0.53424 -0.85755
v 2.49200 0.50927 -0.75739
v 2.38241 0.51696 -0.62495
v 2.31163 0.55657 -0.47319
v 2.28660 0.62421 -0.31695
v 2.30976 0.71327 -0.17155
v 2.37885 0.81503 -0.05120
v 2.48710 0.91952 0.03230
v 2.62392 1.01652 0.07080
v 2.69771 1.22278 -0.00607
v 2.84377 1.28809 -0.06942
v 2.97598 1.32195 -0.17423
v 3.08140 1.32106 -0.31023
v 3.14971 1.28550 -0.46411
v 3.17423 1.21876 -0.62081
v 3.15255 1.12736 -0.76499
v 3.08681 1.02026 -0.88254
v 2.98342 0.90793 -0.96194
v 2.85252 0.80138 -0.99543
v 2.70691 0.71103 -0.97973
v 2.56086 0.64572 -0.91637
v 2.42865 0.61186 -0.81157
v 2.32323 0.61275 -0.67556
v 2.25492 0.64830 -0.52168
v 2.23040 0.71505 -0.36498
v 2.25207 0.80644 -0.22080
v 2.31782 0.91355 -0.10326
v 2.42121 1.02587 -0.02386
v 2.55211 1.13243 0.00963
v 2.60937 1.34188 -0.07005
v 2.74832 1.41681 -0.13853
v 2.87430 1.45912 -0.24784
v 2.97500 1.46467 -0.38727
v 3.04055 1.43291 -0.54317
v 3.06454 1.36696 -0.70029
v 3.04461 1.27326 -0.84324
v 2.98272 1.16100 -0.95803
v 2.88493 1.04115 -1.03342
v 2.76081 0.92546 -1.06204
v 2.62250 0.82524 -1.04109
v 2.48356 0.75030 -0.97261
v 2.35757 0.70799 -0.86330
v 2.25687 0.70244 -0.72387
v 2.19132 0.73420 -0.56797
v 2.16734 0.80016 -0.41085
v 2.18726 0.89385 -0.26790
v 2.24915 1.00612 -0.15311
v 2.34694 1.12596 -0.07772
v 2.47107 1.24166 -0.04910
v 2.51172 1.45296 -0.13107
v 2.64272 1.53698 -0.20450
v 2.76176 1.58725 -0.31813
v 2.85721 1.59884 -0.46084
v 2.91971 1.57063 -0.61866
v 2.94314 1.50537 -0.77615
v 2.92522 1.40945 -0.91789
v 2.86769 1.29227 -1.03000
v 2.77619 1.16528 -1.10151
v 2.65968 1.04093 -1.12542
v 2.52955 0.93138 -1.09939
v 2.39855 0.84736 -1.02597
v 2.27951 0.79709 -0.91234
v 2.18406 0.78550 -0.76962
v 2.12156 0.81371 -0.61180
v 2.09813 0.87897 -0.45431
v 2.11605 0.97489 -0.31257
v 2.17358 1.09208 -0.20046
v 2.26508 1.21906 -0.12895
v 2.38159 1.34341 -0.10504
v 2.40569 1.55528 -0.18877
v 2.52793 1.64779 -0.26692
v 2.63935 1.70548 -0.38469
v 2.72904 1.72270 -0.53053
v 2.78820 1.69777 -0.69019
v 2.81107 1.63313 -0.84801
v 2.79538 1.53510 -0.98857
v 2.74269 1.41328 -1.09809
v 2.65815 1.27960 -1.16586
v 2.55003 1.14714 -1.18525
v 2.42892 1.02887 -1.15435
v 2.30667 0.93636 -1.07620
v 2.19525 0.87868 -0.95843
v 2.10557 0.86145 -0.81258
v 2.04640 0.88638 -0.65293
v 2.02354 0.95103 -0.49511
v 2.03922 1.04905 -0.35455
v 2.09191 1.17087 -0.24503
v 2.17646 1.30455 -0.17725
v 2.28457 1.43701 -0.15787
v 2.29228 1.64818 -0.24278
v 2.40502 1.74852 -0.32544
v 2.50815 1.81305 -0.44713
v 2.59158 1.83546 -0.59595
v 2.64715 1.81355 -0.75733
v 2.66941 1.74947 -0.91547
v 2.65618 1.64948 -1.05489
v 2.60877 1.52338 -1.16195
v 2.53180 1.38351 -1.22616
v 2.43282 1.24356 -1.24124
v 2.32151 1.11723 -1.20571
v 2.20878 1.01688 -1.12306
v 2.10564 0.95235 -1.00136
v 2.02221 0.92994 -0.85254
v 1.96664 0.95185 -0.69116
v 1.94438 1.01593 -0.53302
v 1.95761 1.11592 -0.39360
v 2.00503 1.24202 -0.28654
v 2.08199 1.38189 -0.22233
v 2.18097 1.52184 -0.20725
v 2.17258 1.73112 -0.29279
v 2.27509 1.83860 -0.37969
v 2.36932 1.90936 -0.50509
v 2.44603 1.93649 -0.65671
v 2.49772 1.91733 -0.81972
v 2.51933 1.85376 -0.97816
v 2.50875 1.75199 -1.11651
v 2.46700 1.62199 -1.22124
v 2.39818 1.47649 -1.28210
v 2.30902 1.32972 -1.29312
v 2.20826 1.19606 -1.25323
v 2.10574 1.08858 -1.16633
v 2.01152 1.01782 -1.04093
v 1.93481 0.99069 -0.88931
v 1.88311 1.00985 -0.72630
v 1.86150 1.07342 -0.56786
v 1.87209 1.17519 -0.42951
v 1.91384 1.30519 -0.32478
v 1.98266 1.45070 -0.26392
v 2.07181 1.59746 -0.25290
v 2.04773 1.80372 -0.33850
v 2.13936 1.91757 -0.42935
v 2.22408 1.99391 -0.55821
v 2.29362 2.02528 -0.71245
v 2.34116 2.00859 -0.87699
v 2.36206 1.94549 -1.03571
v 2.35425 1.84214 -1.17308
v 2.31852 1.70868 -1.27565
v 2.25835 1.55815 -1.33338
v 2.17964 1.40530 -1.34063
v 2.09009 1.26509 -1.29667
v 1.99846 1.15124 -1.20582
v 1.91373 1.07490 -1.07696
v 1.84419 1.04354 -0.92272
v 1.79665 1.06023 -0.75818
v 1.77576 1.12333 -0.59946
v 1.78356 1.22667 -0.46209
v 1.81930 1.36014 -0.35952
v 1.87947 1.51066 -0.30179
v 1.95818 1.66351 -0.29454
v 1.91892 1.86570 -0.37963
v 1.99904 1.98512 -0.47412
v 2.07372 2.06635 -0.60616
v 2.13565 2.10143 -0.76283
v 2.17876 2.08693 -0.92879
v 2.19884 2.02427 -1.08779
v 2.19391 1.91959 -1.22427
v 2.16447 1.78312 -1.32488
v 2.11338 1.62823 -1.37975
v 2.04567 1.47009 -1.38352
v 1.96794 1.32416 -1.33583
v 1.88781 1.20474 -1.24134
v 1.81313 1.12351 -1.10929
v 1.75120 1.08843 -0.95263
v 1.70809 1.10293 -0.78667
v 1.68802 1.16559 -0.62767
v 1.69294 1.27027 -0.49118
v 1.72239 1.40674 -0.39058
v 1.77347 1.56163 -0.33571
v 1.84119 1.71977 -0.33193
v 1.78735 1.91694 -0.41593
v 1.85543 2.04109 -0.51371
v 1.91955 2.12647 -0.64865
v 1.97345 2.16474 -0.80753
v 2.01184 2.15213 -0.97480
v 2.03097 2.08988 -1.13408
v 2.02896 1.98409 -1.26978
v 2.00601 1.84512 -1.36863
v 1.96436 1.68656 -1.42094
v 1.90811 1.52394 -1.42159
v 1.84274 1.37318 -1.37052
v 1.77466 1.24903 -1.27273
v 1.71053 1.16364 -1.13780
v 1.65664 1.12538 -0.97892
v 1.61825 1.13799 -0.81165
v 1.59912 1.20024 -0.65237
v 1.60113 1.30602 -0.51667
v 1.62408 1.44500 -0.41782
v 1.66572 1.60356 -0.36551
v 1.72198 1.76618 -0.36486
v 1.65425 1.95746 -0.44719
v 1.70980 2.08545 -0.54790
v 1.76290 2.17423 -0.68541
v 1.80837 2.21510 -0.84626
v 1.84173 2.20407 -1.01471
v 1.85974 2.14220 -1.17427
v 1.86062 2.03556 -1.30932
v 1.84430 1.89459 -1.40664
v 1.81236 1.73308 -1.45670
v 1.76794 1.56685 -1.45461
v 1.71538 1.41217 -1.40057
v 1.65982 1.28417 -1.29986
v 1.60672 1.19539 -1.16235
v 1.56126 1.15452 -1.00150
v 1.52789 1.16556 -0.83305
v 1.50988 1.22742 -0.67349
v 1.50900 1.33406 -0.53844
v 1.52533 1.47503 -0.44112
v 1.55726 1.63654 -0.39106
v 1.60169 1.80277 -0.39315
v 1.52083 1.98742 -0.47325
v 1.56345 2.11834 -0.57647
v 1.60512 2.20972 -0.71619
v 1.64176 2.25261 -0.87876
v 1.66980 2.24281 -1.04826
v 1.68647 2.18127 -1.20809
v 1.69015 2.07403 -1.34261
v 1.68049 1.93157 -1.43866
v 1.65842 1.76785 -1.48682
v 1.62611 1.59889 -1.48239
v 1.58671 1.44123 -1.42580
v 1.54410 1.31031 -1.32259
v 1.50243 1.21893 -1.18286
v 1.46578 1.17604 -1.02029
v 1.43775 1.18585 -0.85080
v 1.42108 1.24738 -0.69096
v 1.41739 1.35462 -0.55644
v 1.42706 1.49708 -0.46040
v 1.44913 1.66080 -0.41223
v 1.48144 1.82976 -0.41666
v 1.38830 2.00713 -0.49399
v 1.41765 2.14005 -0.59926
v 1.44753 2.23320 -0.74082
v 1.47499 2.27748 -0.90482
v 1.49736 2.26854 -1.07520
v 1.51245 2.20726 -1.23529
v 1.51877 2.09964 -1.36942
v 1.51571 1.95622 -1.46444
v 1.50357 1.79102 -1.51108
v 1.48353 1.62023 -1.50475
v 1.45757 1.46057 -1.44607
v 1.42821 1.32765 -1.34081
v 1.39834 1.23449 -1.19924
v 1.37087 1.19021 -1.03524
v 1.34850 1.19915 -0.86486
v 1.33342 1.26043 -0.70477
v 1.32709 1.36805 -0.57065
v 1.33015 1.51148 -0.47562
v 1.34230 1.67667 -0.42899
v 1.36233 1.84746 -0.43532
v 1.25778 2.01705 -0.50931
v 1.27365 2.15100 -0.61616
v 1.29142 2.24509 -0.75914
v 1.30938 2.29010 -0.92425
v 1.32576 2.28163 -1.09534
v 1.33895 2.22050 -1.25565
v 1.34767 2.11271 -1.38950
v 1.35106 1.96880 -1.48378
v 1.34879 1.80285 -1.52926
v 1.34109 1.63112 -1.52150
v 1.32870 1.47042 -1.46124
v 1.31284 1.33646 -1.35440
v 1.29506 1.24238 -1.21142
v 1.27710 1.19737 -1.04631
v 1.26072 1.20584 -0.87522
v 1.24753 1.26696 -0.71490
v 1.23881 1.37476 -0.58106
v 1.23542 1.51867 -0.48678
v 1.23769 1.68461 -0.44129
v 1.24539 1.85634 -0.44906
v 1.13038 2.01776 -0.51921
v 1.13260 2.15179 -0.62711
v 1.13806 2.24594 -0.77104
v 1.14621 2.29100 -0.93691
v 1.15626 2.28256 -1.10849
v 1.16722 2.22144 -1.26898
v 1.17803 2.11364 -1.40266
v 1.18761 1.96969 -1.49646
v 1.19505 1.80369 -1.54119
v 1.19959 1.63190 -1.53247
v 1.20081 1.47112 -1.47116
v 1.19859 1.33709 -1.36326
v 1.19313 1.24294 -1.21933
v 1.18498 1.19788 -1.05345
v 1.17493 1.20632 -0.88188
v 1.16397 1.26743 -0.72139
v 1.15316 1.37524 -0.58771
v 1.14358 1.51919 -0.49391
v 1.13615 1.68518 -0.44918
v 1.13160 1.85698 -0.45790
v 1.00707 2.00997 -0.52370
v 0.99563 2.14312 -0.63211
v 0.98862 2.23646 -0.77650
v 0.98671 2.28087 -0.94274
v 0.99011 2.27199 -1.11455
v 0.99846 2.21069 -1.27512
v 1.01096 2.10297 -1.40874
v 1.02639 1.95939 -1.50231
v 1.04323 1.79398 -1.54668
v 1.05983 1.62295 -1.53751
v 1.07457 1.46304 -1.47570
v 1.08601 1.32989 -1.36729
v 1.09303 1.23655 -1.22290
v 1.09493 1.19215 -1.05666
v 1.09154 1.20103 -0.88485
v 1.08318 1.26233 -0.72427
v 1.07068 1.37004 -0.59066
v 1.05525 1.51363 -0.49709
v 1.03842 1.67903 -0.45272
v 1.02181 1.85006 -0.46188
v 0.88876 1.99451 -0.52287
v 0.86374 2.12585 -0.63121
v 0.84419 2.21751 -0.77552
v 0.83203 2.26053 -0.94169
v 0.82845 2.25070 -1.11345
v 0.83380 2.18897 -1.27398
v 0.84755 2.08139 -1.40758
v 0.86836 1.93849 -1.50117
v 0.89419 1.77426 -1.54558
v 0.92252 1.60478 -1.53646
v 0.95057 1.44663 -1.47472
v 0.97559 1.31529 -1.36639
v 0.99513 1.22363 -1.22207
v 1.00729 1.18061 -1.05590
v 1.01087 1.19044 -0.88414
v 1.00553 1.25217 -0.72361
v 0.99178 1.35975 -0.59001
v 0.97096 1.50264 -0.49642
v 0.94513 1.66687 -0.45202
v 0.91681 1.83636 -0.46113
v 0.77622 1.97228 -0.51688
v 0.73782 2.10092 -0.62453
v 0.70577 2.19006 -0.76820
v 0.68323 2.23096 -0.93382
v 0.67238 2.21962 -1.10518
v 0.67430 2.15716 -1.26551
v 0.68880 2.04969 -1.39911
v 0.71445 1.90772 -1.49291
v 0.74874 1.74516 -1.53772
v 0.78833 1.57791 -1.52917
v 0.82933 1.42236 -1.46807
v 0.86773 1.29372 -1.36043
v 0.89977 1.20459 -1.21676
v 0.92232 1.16368 -1.05114
v 0.93316 1.17502 -0.87978
v 0.93124 1.23748 -0.71945
v 0.91675 1.34496 -0.58585
v 0.89110 1.48692 -0.49205
v 0.85680 1.64948 -0.44723
v 0.81721 1.81673 -0.45579
v 0.67007 1.94427 -0.50594
v 0.61861 2.06939 -0.61228
v 0.57422 2.15518 -0.75469
v 0.54123 2.19323 -0.91923
v 0.52287 2.17981 -1.08980
v 0.52094 2.11626 -1.24970
v 0.53563 2.00877 -1.38327
v 0.56550 1.86788 -1.47745
v 0.60762 1.70738 -1.52301
v 0.65788 1.54298 -1.51549
v 0.71135 1.39077 -1.45563
v 0.76280 1.26564 -1.34929
v 0.80720 1.17986 -1.20688
v 0.84019 1.14181 -1.04234
v 0.85855 1.15522 -0.87177
v 0.86048 1.21878 -0.71187
v 0.84579 1.32627 -0.57830
v 0.81592 1.46715 -0.48412
v 0.77379 1.62766 -0.43856
v 0.72354 1.79206 -0.44608
v 0.57079 1.91150 -0.49029
v 0.50674 2.03237 -0.59470
v 0.45026 2.11404 -0.73523
v 0.40685 2.14853 -0.89813
v 0.38078 2.13245 -1.06746
v 0.37459 2.06737 -1.22664
v 0.38890 1.95968 -1.36009
v 0.42229 1.81991 -1.45475
v 0.47151 1.66174 -1.50134
v 0.53173 1.50066 -1.49532
v 0.59706 1.35243 -1.43726
v 0.66111 1.23156 -1.33286
v 0.71760 1.14989 -1.19232
v 0.76100 1.11541 -1.02942
v 0.78707 1.13149 -0.86009
v 0.79326 1.19656 -0.70091
v 0.77896 1.30425 -0.56746
v 0.74556 1.44402 -0.47281
v 0.69634 1.60219 -0.42621
v 0.63612 1.76327 -0.43224
v 0.47870 1.87502 -0.47027
v 0.40265 1.99100 -0.57212
v 0.33443 2.06788 -0.71013
v 0.28074 2.09813 -0.87080
v 0.24682 2.07878 -1.03838
v 0.23600 2.01174 -1.19649
v 0.24934 1.90356 -1.32965
v 0.28552 1.76483 -1.42481
v 0.34102 1.60914 -1.47267
v 0.41039 1.45172 -1.46854
v 0.48685 1.30798 -1.41282
v 0.56291 1.19199 -1.31097
v 0.63112 1.11511 -1.17296
v 0.68481 1.08487 -1.01229
v 0.71873 1.10421 -0.84470
v 0.72955 1.17126 -0.68659
v 0.71621 1.27944 -0.55344
v 0.68003 1.41816 -0.45828
v 0.62453 1.57386 -0.41042
v 0.55516 1.73128 -0.41455
v 0.39395 1.83584 -0.44622
v 0.30658 1.94645 -0.54493
v 0.22713 2.01795 -0.67978
v 0.16338 2.04335 -0.83758
v 0.12156 2.02016 -1.00288
v 0.10578 1.95066 -1.15951
v 0.11757 1.84163 -1.29212
v 0.15578 1.70376 -1.38773
v 0.21668 1.55055 -1.43700
v 0.29430 1.39698 -1.43509
v 0.38104 1.25809 -1.38220
v 0.46841 1.14749 -1.28349
v 0.54786 1.07598 -1.14864
v 0.61161 1.05058 -0.99084
v 0.65343 1.07377 -0.82554
v 0.66921 1.14328 -0.66891
v 0.65742 1.25230 -0.53630
v 0.61920 1.39017 -0.44069
v 0.55831 1.54338 -0.39142
v 0.48069 1.69695 -0.39333
v 0.31652 1.79494 -0.41854
v 0.21865 1.89983 -0.51356
v 0.12856 1.96551 -0.64464
v 0.05508 1.98554 -0.79894
v 0.00540 1.95797 -0.96137
v -0.01562 1.88550 -1.11602
v -0.00592 1.77522 -1.24776
v 0.03356 1.63792 -1.34368
v 0.09894 1.48704 -1.39440
v 0.18382 1.33736 -1.39496
v 0.27991 1.20352 -1.34530
v 0.37779 1.09863 -1.25028
v 0.46787 1.03296 -1.11920
v 0.54135 1.01292 -0.96490
v 0.59103 1.04049 -0.80247
v 0.61205 1.11296 -0.64782
v 0.60235 1.22325 -0.51609
v 0.56288 1.36055 -0.42016
v 0.49749 1.51142 -0.36944
v 0.41261 1.66110 -0.36888
v 0.24623 1.75321 -0.38762
v 0.13874 1.85222 -0.47849
v 0.03872 1.91176 -0.60522
v -0.04405 1.92602 -0.75540
v -0.10147 1.89361 -0.91435
v -0.12791 1.81768 -1.06649
v -0.12079 1.70568 -1.19693
v -0.08080 1.56857 -1.29292
v -0.01187 1.41977 -1.34504
v 0.07927 1.27384 -1.34820
v 0.18369 1.14508 -1.30209
v 0.29118 1.04608 -1.21122
v 0.39120 0.98653 -1.08449
v 0.47397 0.97227 -0.93430
v 0.53139 1.00469 -0.77536
v 0.55783 1.08061 -0.62322
v 0.55071 1.19261 -0.49277
v 0.51073 1.32972 -0.39679
v 0.44179 1.47852 -0.34467
v 0.35065 1.62445 -0.34151
v 0.18274 1.71145 -0.35385
v 0.06662 1.80457 -0.44020
v -0.04254 1.85785 -0.56208
v -0.13407 1.86607 -0.70756
v -0.19900 1.82843 -0.86241
v -0.23098 1.74860 -1.01146
v -0.22687 1.63442 -1.14013
v -0.18708 1.49704 -1.23582
v -0.11551 1.34993 -1.28916
v -0.01915 1.20747 -1.29493
v 0.09255 1.08362 -1.25257
v 0.20867 0.99050 -1.16622
v 0.31783 0.93722 -1.04434
v 0.40936 0.92901 -0.89885
v 0.47429 0.96665 -0.74400
v 0.50627 1.04647 -0.59495
v 0.50216 1.16066 -0.46628
v 0.46237 1.29804 -0.37060
v 0.39080 1.44515 -0.31726
v 0.29444 1.58760 -0.31149
v 0.12560 1.67032 -0.31760
v 0.00187 1.75775 -0.39918
v -0.11558 1.80480 -0.51581
v -0.21525 1.80686 -0.65608
v -0.28737 1.76373 -0.80624
v -0.32490 1.67963 -0.95160
v -0.32416 1.56280 -1.07793
v -0.28521 1.42467 -1.17287
v -0.21188 1.27876 -1.22712
v -0.11134 1.13935 -1.23538
v 0.00657 1.02009 -1.19682
v 0.13030 0.93266 -1.11524
v 0.24775 0.88561 -0.99860
v 0.34742 0.88355 -0.85834
v 0.41954 0.92668 -0.70818
v 0.45707 1.01078 -0.56282
v 0.45633 1.12761 -0.43648
v 0.41738 1.26574 -0.34155
v 0.34405 1.41165 -0.28729
v 0.24351 1.55106 -0.27904
v 0.07425 1.63032 -0.27917
v -0.05606 1.71243 -0.35590
v -0.18088 1.75348 -0.46701
v -0.28800 1.74943 -0.60163
v -0.36693 1.70070 -0.74656
v -0.40993 1.61205 -0.88764
v -0.41282 1.49216 -1.01104
v -0.37529 1.35276 -1.10469
v -0.30102 1.20750 -1.15943
v -0.19729 1.07060 -1.16988
v -0.07425 0.95546 -1.13504
v 0.05606 0.87335 -1.05831
v 0.18088 0.83231 -0.94720
v 0.28800 0.83635 -0.81259
v 0.36693 0.88508 -0.66765
v 0.40993 0.97373 -0.52658
v 0.41282 1.09363 -0.40317
v 0.37529 1.23302 -0.30952
v 0.30102 1.37828 -0.25479
v 0.19729 1.51518 -0.24433
v 0.02803 1.59184 -0.23882
v -0.10782 1.66916 -0.31077
v -0.23909 1.70459 -0.41625
v -0.35292 1.69467 -0.54491
v -0.43817 1.64037 -0.68417
v -0.48651 1.54701 -0.82040
v -0.49319 1.42372 -0.94026
v -0.45756 1.28257 -1.03201
v -0.38311 1.13739 -1.08669
v -0.27713 1.00237 -1.09892
v -0.14999 0.89074 -1.06753
v -0.01414 0.81343 -0.99557
v 0.11712 0.77800 -0.89010
v 0.23096 0.78792 -0.76144
v 0.31621 0.84222 -0.62217
v 0.36455 0.93558 -0.48595
v 0.37123 1.05887 -0.36609
v 0.33560 1.20001 -0.27433
v 0.26115 1.34520 -0.21966
v 0.15517 1.48022 -0.20742
v -0.01376 1.55512 -0.19668
v -0.15414 1.62830 -0.26412
v -0.29092 1.65867 -0.36402
v -0.41071 1.64326 -0.48660
v -0.50177 1.58359 -0.61986
v -0.55520 1.48549 -0.75075
v -0.56577 1.35857 -0.86646
v -0.53244 1.21525 -0.95567
v -0.45847 1.06955 -1.00965
v -0.35111 0.93575 -1.02310
v -0.22086 0.82694 -0.99472
v -0.08047 0.75376 -0.92727
v 0.05631 0.72339 -0.82738
v 0.17609 0.73880 -0.70480
v 0.26716 0.79847 -0.57154
v 0.32059 0.89657 -0.44065
v 0.33116 1.02349 -0.32494
v 0.29782 1.16681 -0.23573
v 0.22386 1.31251 -0.18175
v 0.11649 1.44631 -0.16830
v -0.05186 1.52027 -0.15282
v -0.19582 1.59005 -0.21620
v -0.33720 1.61604 -0.31078
v -0.46217 1.59569 -0.42732
v -0.55848 1.53099 -0.55439
v -0.61672 1.42828 -0.67957
v -0.63119 1.29760 -0.79059
v -0.60046 1.15176 -0.87660
v -0.52754 1.00503 -0.92916
v -0.41957 0.87177 -0.94315
v -0.28713 0.76502 -0.91718
v -0.14317 0.69524 -0.85380
v -0.00179 0.66925 -0.75921
v 0.12318 0.68960 -0.64268
v 0.21949 0.75430 -0.51560
v 0.27773 0.85701 -0.39043
v 0.29220 0.98768 -0.27940
v 0.26146 1.13352 -0.19340
v 0.18855 1.28026 -0.14083
v 0.08058 1.41352 -0.12685
v -0.08705 1.48730 -0.10716
v -0.23368 1.55449 -0.16712
v -0.37879 1.57687 -0.25686
v -0.50817 1.55222 -0.36760
v -0.60917 1.48298 -0.48850
v -0.67188 1.37592 -0.60773
v -0.69018 1.24151 -0.71361
v -0.66227 1.09292 -0.79578
v -0.59088 0.94469 -0.84620
v -0.48301 0.81133 -0.85993
v -0.34921 0.70589 -0.83563
v -0.20257 0.63870 -0.77568
v -0.05746 0.61632 -0.68594
v 0.07192 0.64097 -0.57520
v 0.17291 0.71021 -0.45429
v 0.23563 0.81727 -0.33507
v 0.25392 0.95168 -0.22919
v 0.22601 1.10027 -0.14701
v 0.15463 1.24850 -0.09659
v 0.04676 1.38186 -0.08286
v -0.12009 1.45617 -0.05956
v -0.26857 1.52158 -0.11690
v -0.41658 1.54115 -0.20246
v -0.54964 1.51296 -0.30787
v -0.65472 1.43977 -0.42281
v -0.72154 1.32874 -0.53603
v -0.74355 1.19075 -0.63645
v -0.71860 1.03930 -0.71424
v -0.64914 0.88921 -0.76178
v -0.54196 0.75518 -0.77442
v -0.40756 0.65033 -0.75092
v -0.25908 0.58492 -0.69359
v -0.11107 0.56535 -0.60803
v 0.02199 0.59354 -0.50261
v 0.12707 0.66673 -0.38767
v 0.19388 0.77776 -0.27445
v 0.21590 0.91575 -0.17403
v 0.19095 1.06720 -0.09624
v 0.12149 1.21729 -0.04870
v 0.01431 1.35132 -0.03606
v -0.15178 1.42679 -0.00977
v -0.30133 1.49118 -0.06543
v -0.45146 1.50876 -0.14767
v -0.58748 1.47780 -0.24842
v -0.69606 1.40132 -0.35784
v -0.76659 1.28683 -0.46521
v -0.79215 1.14551 -0.56001
v -0.77025 0.99122 -0.63298
v -0.70302 0.83904 -0.67696
v -0.59706 0.70388 -0.68765
v -0.46273 0.59897 -0.66401
v -0.31317 0.53457 -0.60835
v -0.16304 0.51700 -0.52611
v -0.02703 0.54796 -0.42536
v 0.08156 0.62444 -0.31594
v 0.15208 0.73893 -0.20857
v 0.17764 0.88025 -0.11377
v 0.15574 1.03454 -0.04080
v 0.08852 1.18672 0.00318
v -0.01745 1.32188 0.01387
v -0.18291 1.39905 0.04251
v -0.33283 1.46312 -0.01253
v -0.48435 1.47947 -0.09245
v -0.62262 1.44651 -0.18942
v -0.73412 1.36746 -0.29396
v -0.80793 1.25005 -0.39584
v -0.83683 1.10578 -0.48507
v -0.81798 0.94878 -0.55293
v -0.75324 0.79440 -0.59278
v -0.64893 0.65777 -0.60070
v -0.51528 0.55225 -0.57593
v -0.36535 0.48818 -0.52090
v -0.21384 0.47183 -0.44098
v -0.07557 0.50479 -0.34400
v 0.03593 0.58385 -0.23946
v 0.10974 0.70125 -0.13759
v 0.13864 0.84552 -0.04835
v 0.11979 1.00252 0.01951
v 0.05505 1.15690 0.05935
v -0.04925 1.29353 0.06728
v -0.21429 1.37285 0.09759
v -0.36392 1.43718 0.04208
v -0.51612 1.45300 -0.03664
v -0.65597 1.41877 -0.13088
v -0.76979 1.33783 -0.23140
v -0.84644 1.21810 -0.32836
v -0.87841 1.07132 -0.41228
v -0.86258 0.91184 -0.47494
v -0.80049 0.75527 -0.51021
v -0.69822 0.61695 -0.51463
v -0.56579 0.51041 -0.48777
v -0.41615 0.44608 -0.43226
v -0.26396 0.43026 -0.35354
v -0.12410 0.46450 -0.25930
v -0.01028 0.54544 -0.15878
v 0.06636 0.66516 -0.06182
v 0.09834 0.81195 0.02210
v 0.08250 0.97143 0.08476
v 0.02041 1.12799 0.12003
v -0.08185 1.26631 0.12445
v -0.24674 1.34810 0.15577
v -0.39547 1.41315 0.09870
v -0.54766 1.42902 0.01997
v -0.68841 1.39416 -0.07269
v -0.80394 1.31199 -0.17021
v -0.88294 1.19054 -0.26306
v -0.91768 1.04171 -0.34214
v -0.90475 0.88006 -0.39971
v -0.84543 0.72143 -0.43014
v -0.74552 0.58132 -0.43044
v -0.61480 0.47347 -0.40060
v -0.46607 0.40843 -0.34352
v -0.31388 0.39256 -0.26480
v -0.17313 0.42742 -0.17214
v -0.05760 0.50959 -0.07461
v 0.02140 0.63104 0.01824
v 0.05614 0.77987 0.09732
v 0.04321 0.94151 0.15489
v -0.01611 1.10015 0.18532
v -0.11602 1.24025 0.18562
v -0.28112 1.32472 0.21729
v -0.42836 1.39081 0.15760
v -0.57987 1.40719 0.07768
v -0.72082 1.37225 -0.01464
v -0.83741 1.28943 -0.11034
v -0.91823 1.16681 -0.20003
v -0.95536 1.01642 -0.27495
v -0.94518 0.85296 -0.32776
v -0.88867 0.69244 -0.35329
v -0.79137 0.55057 -0.34904
v -0.66281 0.44125 -0.31542
v -0.51557 0.37516 -0.25574
v -0.36406 0.35878 -0.17582
v -0.22311 0.39371 -0.08349
v -0.10652 0.47654 0.01220
v -0.02570 0.59915 0.10190
v 0.01143 0.74955 0.17682
v 0.00125 0.91301 0.22963
v -0.05526 1.07353 0.25515
v -0.15256 1.21539 0.25090
v -0.31829 1.30260 0.28225
v -0.46348 1.36994 0.21903
v -0.61363 1.38717 0.13676
v -0.75406 1.35259 0.04351
v -0.87102 1.26960 -0.05159
v -0.95305 1.14632 -0.13925
v -0.99213 0.99481 -0.21087
v -0.98443 0.82992 -0.25945
v -0.93071 0.66776 -0.28022
v -0.83622 0.52423 -0.27117
v -0.71022 0.41337 -0.23317
v -0.56504 0.34603 -0.16994
v -0.41488 0.32881 -0.08768
v -0.27445 0.36338 0.00557
v -0.15750 0.44637 0.10068
v -0.07547 0.56965 0.18833
v -0.03639 0.72116 0.25995
v -0.04408 0.88606 0.30853
v -0.09780 1.04821 0.32931
v -0.19229 1.19174 0.32025
v -0.35914 1.28160 0.35065
v -0.50172 1.35030 0.28311
v -0.64984 1.36860 0.19745
v -0.78899 1.33471 0.10206
v -0.90556 1.25196 0.00627
v -0.98812 1.12843 -0.08053
v -1.02861 0.97623 -0.14986
v -1.02306 0.81025 -0.19493
v -0.97200 0.64674 -0.21132
v -0.88045 0.50171 -0.19743
v -0.75735 0.38934 -0.15462
v -0.61477 0.32065 -0.08708
v -0.46665 0.30235 -0.00142
v -0.32750 0.33623 0.09397
v -0.21094 0.41899 0.18976
v -0.12837 0.54251 0.27657
v -0.08788 0.69471 0.34590
v -0.09344 0.86069 0.39096
v -0.14449 1.02420 0.40735
v -0.23604 1.16924 0.39346
v -0.40451 1.26152 0.42229
v -0.54398 1.33160 0.34985
v -0.68937 1.35111 0.25991
v -0.82646 1.31815 0.16125
v -0.94181 1.23594 0.06355
v -1.02414 1.11253 -0.02364
v -1.06539 0.96000 -0.09178
v -1.06153 0.79328 -0.13420
v -1.01292 0.62868 -0.14675
v -0.92433 0.48233 -0.12820
v -0.80443 0.36855 -0.08037
v -0.66496 0.29847 -0.00793
v -0.51956 0.27895 0.08202
v -0.38248 0.31192 0.18067
v -0.26713 0.39412 0.27838
v -0.18480 0.51754 0.36556
v -0.14355 0.67007 0.43371
v -0.14741 0.83679 0.47613
v -0.19602 1.00138 0.48868
v -0.28461 1.14773 0.47013
v -0.45520 1.24203 0.49681
v -0.59110 1.31348 0.41911
v -0.73310 1.33428 0.32416
v -0.86729 1.30242 0.22127
v -0.98055 1.22100 0.12050
v -1.06179 1.09799 0.03172
v -1.10305 0.94545 -0.03638
v -1.10029 0.77829 -0.07713
v -1.05379 0.61288 -0.08655
v -0.96810 0.46541 -0.06371
v -0.85161 0.35032 -0.01085
v -0.71571 0.27888 0.06685
v -0.57371 0.25807 0.16180
v -0.43952 0.28994 0.26469
v -0.32626 0.37136 0.36546
v -0.24502 0.49436 0.45424
v -0.20376 0.64691 0.52234
v -0.20652 0.81407 0.56309
v -0.25302 0.97948 0.57251
v -0.33871 1.12694 0.54967
v -0.51195 1.22271 0.57368
v -0.64388 1.29548 0.49055
v -0.78183 1.31763 0.39010
v -0.91231 1.28699 0.28218
v -1.02253 1.20657 0.17734
v -1.10172 1.08422 0.08584
v -1.14213 0.93194 0.01665
v -1.13978 0.76462 -0.02347
v -1.09492 0.59864 -0.03058
v -1.01194 0.45026 -0.00400
v -0.89896 0.33399 0.05368
v -0.76703 0.26122 0.13681
v -0.62908 0.23906 0.23726
v -0.49860 0.26970 0.34518
v -0.38837 0.35013 0.45003
v -0.30918 0.47248 0.54152
v -0.26878 0.62476 0.61071
v -0.27113 0.79208 0.65083
v -0.31598 0.95806 0.65795
v -0.39897 1.10644 0.63136
v -0.57534 1.20299 0.65220
v -0.70298 1.27705 0.56370
v -0.83630 1.30058 0.45748
v -0.96224 1.27130 0.34394
v -1.06848 1.19205 0.23419
v -1.14461 1.07061 0.13897
v -1.18318 0.91885 0.06761
v -1.18042 0.75163 0.02710
v -1.13660 0.58532 0.02139
v -1.05601 0.43621 0.05105
v -0.94653 0.31888 0.11316
v -0.81888 0.24482 0.20167
v -0.68556 0.22128 0.30789
v -0.55962 0.25057 0.42143
v -0.45339 0.32981 0.53118
v -0.37726 0.45126 0.62639
v -0.33868 0.60302 0.69775
v -0.34144 0.77023 0.73827
v -0.38526 0.93654 0.74398
v -0.46586 1.08566 0.71432
v -0.64579 1.18216 0.73156
v -0.76896 1.25749 0.63793
v -0.89714 1.28247 0.52587
v -1.01777 1.25468 0.40634
v -1.11905 1.17682 0.29105
v -1.19106 1.05653 0.19128
v -1.22675 0.90557 0.11680
v -1.22264 0.73872 0.07489
v -1.17912 0.57232 0.06967
v -1.10046 0.42265 0.10163
v -0.99434 0.30437 0.16766
v -0.87117 0.22904 0.26129
v -0.74300 0.20406 0.37335
v -0.62237 0.23185 0.49288
v -0.52109 0.30971 0.60817
v -0.44908 0.43000 0.70794
v -0.41338 0.58096 0.78242
v -0.41749 0.74781 0.82433
v -0.46101 0.91421 0.82955
v -0.53968 1.06388 0.79759
v -0.72355 1.15942 0.81084
v -0.84218 1.23600 0.71249
v -0.96481 1.26252 0.59473
v -1.07943 1.23639 0.46907
v -1.17482 1.16017 0.34781
v -1.24165 1.04132 0.24284
v -1.27336 0.89147 0.16442
v -1.26687 0.72529 0.12023
v -1.22279 0.55905 0.11459
v -1.14546 0.40902 0.14806
v -1.04243 0.28988 0.21736
v -0.92379 0.21330 0.31571
v -0.80116 0.18678 0.43348
v -0.68654 0.21291 0.55914
v -0.59115 0.28913 0.68039
v -0.52433 0.40798 0.78537
v -0.49261 0.55783 0.86379
v -0.49911 0.72401 0.90798
v -0.54318 0.89025 0.91361
v -0.62052 1.04028 0.88014
v -0.80861 1.13383 0.88909
v -0.92279 1.21167 0.78655
v -1.03961 1.23986 0.66337
v -1.14762 1.21562 0.53163
v -1.23627 1.14134 0.40422
v -1.29686 1.02429 0.29359
v -1.32348 0.87591 0.21060
v -1.31351 0.71075 0.16335
v -1.26793 0.54496 0.15648
v -1.19120 0.39478 0.19065
v -1.09084 0.27489 0.26253
v -0.97666 0.19705 0.36507
v -0.85984 0.16887 0.48824
v -0.75183 0.19311 0.61998
v -0.66318 0.26739 0.74740
v -0.60259 0.38444 0.85802
v -0.57597 0.53281 0.94102
v -0.58594 0.69798 0.98827
v -0.63152 0.86377 0.99514
v -0.70825 1.01395 0.96096
v -0.90077 1.10444 0.96532
v -1.01072 1.18355 0.85919
v -1.12160 1.21354 0.73106
v -1.22255 1.19146 0.59346
v -1.30369 1.11949 0.45988
v -1.35709 1.00466 0.34337
v -1.37751 0.85821 0.25535
v -1.36295 0.69448 0.20444
v -1.31484 0.52950 0.19561
v -1.23790 0.37942 0.22973
v -1.13964 0.25892 0.30347
v -1.02969 0.17981 0.40960
v -0.91881 0.14982 0.53773
v -0.81786 0.17189 0.67532
v -0.73671 0.24387 0.80891
v -0.68332 0.35870 0.92541
v -0.66290 0.50515 1.01343
v -0.67746 0.66888 1.06435
v -0.72556 0.83386 1.07317
v -0.80251 0.98394 1.03905
v -0.99956 1.07024 1.03858
v -1.10565 1.15062 0.92952
v -1.21063 1.18257 0.79697
v -1.30421 1.16297 0.65390
v -1.37724 1.09372 0.51432
v -1.42256 0.98162 0.39189
v -1.43576 0.83763 0.29859
v -1.41552 0.67584 0.24357
v -1.36383 0.51210 0.23220
v -1.28576 0.36244 0.26560
v -1.18894 0.24150 0.34050
v -1.08285 0.16112 0.44956
v -0.97787 0.12916 0.58212
v -0.88429 0.14877 0.72519
v -0.81126 0.21802 0.86477
v -0.76594 0.33012 0.98719
v -0.75274 0.47411 1.08049
v -0.77298 0.63589 1.13551
v -0.82467 0.79963 1.14688
v -0.90274 0.94930 1.11348
v -1.10432 1.03027 1.10799
v -1.20705 1.11188 0.99664
v -1.30630 1.14595 0.86027
v -1.39237 1.12914 0.71221
v -1.45682 1.06311 0.56696
v -1.49335 0.95430 0.43875
v -1.49839 0.81339 0.34012
v -1.47144 0.65415 0.28073
v -1.41513 0.49218 0.26638
v -1.33498 0.34333 0.29849
v -1.23884 0.22217 0.37391
v -1.13612 0.14056 0.48526
v -1.03686 0.10650 0.62164
v -0.95079 0.12330 0.76969
v -0.88634 0.18934 0.91494
v -0.84981 0.29814 1.04315
v -0.84477 0.43906 1.14178
v -0.87173 0.59829 1.20118
v -0.92803 0.76027 1.21552
v -1.00818 0.90912 1.18341
v -1.21417 0.98364 1.17273
v -1.31413 1.06638 1.05972
v -1.40799 1.10269 0.92014
v -1.48657 1.08902 0.76766
v -1.54216 1.02670 0.61720
v -1.56933 0.92184 0.48350
v -1.56543 0.78470 0.37964
v -1.53082 0.62870 0.31578
v -1.46890 0.46911 0.29819
v -1.38574 0.32156 0.32857
v -1.28946 0.20049 0.40396
v -1.18950 0.11775 0.51697
v -1.09564 0.08144 0.65655
v -1.01707 0.09511 0.80903
v -0.96147 0.15743 0.95949
v -0.93430 0.26229 1.09319
v -0.93821 0.39943 1.19705
v -0.97281 0.55543 1.26091
v -1.03473 0.71502 1.27851
v -1.11789 0.86257 1.24812
v -1.32808 0.92952 1.23210
v -1.42595 1.01324 1.11798
v -1.51486 1.05189 0.97581
v -1.58612 1.04167 0.81952
v -1.63274 0.98360 0.66439
v -1.65017 0.88335 0.52562
v -1.63670 0.75074 0.41678
v -1.59364 0.59876 0.34854
v -1.52522 0.44227 0.32757
v -1.43812 0.29659 0.35593
v -1.34088 0.17599 0.43084
v -1.24301 0.09228 0.54496
v -1.15410 0.05363 0.68713
v -1.08284 0.06385 0.84342
v -1.03621 0.12192 0.99855
v -1.01879 0.22217 1.13732
v -1.03226 0.35477 1.24616
v -1.07532 0.50676 1.31440
v -1.14374 0.66325 1.33537
v -1.23084 0.80893 1.30701
v -1.44489 0.86725 1.28551
v -1.54137 0.95171 1.17076
v -1.62588 0.99271 1.02658
v -1.69014 0.98624 0.86708
v -1.72785 0.93293 0.70787
v -1.73534 0.83800 0.56455
v -1.71186 0.71073 0.45113
v -1.65971 0.56360 0.37872
v -1.58400 0.41099 0.35441
v -1.49214 0.26786 0.38058
v -1.39312 0.14820 0.45467
v -1.29663 0.06374 0.56942
v -1.21213 0.02274 0.71360
v -1.14787 0.02921 0.87310
v -1.11015 0.08252 1.03230
v -1.10267 0.17746 1.17563
v -1.12615 0.30472 1.28904
v -1.17830 0.45186 1.36145
v -1.25401 0.60446 1.38576
v -1.34587 0.74760 1.35959
v -1.56333 0.79627 1.33247
v -1.65915 0.88117 1.21748
v -1.73986 0.92449 1.07181
v -1.79755 0.92200 0.90971
v -1.82657 0.87394 0.74705
v -1.82410 0.78501 0.59975
v -1.79036 0.66392 0.48223
v -1.72866 0.52252 0.40600
v -1.64505 0.37466 0.37852
v -1.54770 0.23480 0.40247
v -1.44614 0.11664 0.47551
v -1.35032 0.03174 0.59050
v -1.26962 -0.01158 0.73617
v -1.21193 -0.00909 0.89827
v -1.18290 0.03898 1.06093
v -1.18537 0.12791 1.20823
v -1.21911 0.24900 1.32575
v -1.28081 0.39039 1.40198
v -1.36442 0.53826 1.42946
v -1.46178 0.67811 1.40551
v -1.68210 0.71620 1.37262
v -1.77795 0.80114 1.25768
v -1.85548 0.84668 1.11097
v -1.90713 0.84834 0.94683
v -1.92782 0.80597 0.78134
v -1.91554 0.72372 0.63069
v -1.87149 0.60963 0.50964
v -1.79997 0.47488 0.43002
v -1.70800 0.33265 0.39964
v -1.60457 0.19687 0.42147
v -1.49980 0.08083 0.49337
v -1.40396 -0.00412 0.60830
v -1.32642 -0.04965 0.75502
v -1.27478 -0.05131 0.91916
v -1.25409 -0.00894 1.08465
v -1.26637 0.07331 1.23529
v -1.31042 0.18740 1.35635
v -1.38193 0.32215 1.43596
v -1.47391 0.46437 1.46634
v -1.57734 0.60016 1.44452
v -1.79987 0.62678 1.40570
v -1.89636 0.71133 1.29102
v -1.97137 0.75889 1.14363
v -2.01754 0.76482 0.97797
v -2.03037 0.72853 0.81025
v -2.00860 0.65358 0.65689
v -1.95436 0.54731 0.53290
v -1.87295 0.42010 0.45042
v -1.77234 0.28443 0.41752
v -1.66239 0.15356 0.43743
v -1.55386 0.04032 0.50818
v -1.45737 -0.04423 0.62286
v -1.38236 -0.09179 0.77025
v -1.33618 -0.09772 0.93591
v -1.32335 -0.06144 1.10363
v -1.34513 0.01352 1.25699
v -1.39937 0.11979 1.38098
v -1.48078 0.24699 1.46346
v -1.58138 0.38267 1.49636
v -1.69133 0.51353 1.47646
v -1.91529 0.52793 1.43155
v -2.01298 0.61157 1.31722
v -2.08606 0.66093 1.16946
v -2.12739 0.67117 1.00274
v -2.13292 0.64129 0.83336
v -2.10210 0.57421 0.67792
v -2.03795 0.47650 0.55163
v -1.94675 0.35774 0.46685
v -1.83743 0.22953 0.43188
v -1.72069 0.10443 0.45014
v -1.60796 -0.00531 0.51985
v -1.51027 -0.08895 0.63418
v -1.43718 -0.13831 0.78194
v -1.39585 -0.14854 0.94867
v -1.39033 -0.11866 1.11804
v -1.42115 -0.05159 1.27348
v -1.48530 0.04612 1.39977
v -1.57649 0.16489 1.48455
v -1.68581 0.29310 1.51952
v -1.80255 0.41819 1.50126
v -2.02705 0.41970 1.45010
v -2.12639 0.50190 1.33615
v -2.19812 0.55276 1.18823
v -2.23523 0.56728 1.02083
v -2.23406 0.54406 0.85033
v -2.19476 0.48536 0.69342
v -2.12115 0.39694 0.56546
v -2.02044 0.28744 0.47898
v -1.90250 0.16758 0.44244
v -1.77886 0.04911 0.45942
v -1.66164 -0.05640 0.52825
v -1.56230 -0.13860 0.64221
v -1.49057 -0.18945 0.79012
v -1.45347 -0.20398 0.95752
v -1.45463 -0.18076 1.12802
v -1.49394 -0.12206 1.28493
v -1.56755 -0.03363 1.41289
v -1.66825 0.07587 1.49937
v -1.78619 0.19572 1.53591
v -1.90983 0.31420 1.51893
v -2.13390 0.30227 1.46133
v -2.23523 0.38248 1.34771
v -2.30610 0.43450 1.19978
v -2.33959 0.45324 1.03204
v -2.33240 0.43687 0.86089
v -2.28525 0.38698 0.70310
v -2.20275 0.30847 0.57410
v -2.09297 0.20902 0.48653
v -1.96667 0.09836 0.44895
v -1.83619 -0.01268 0.46505
v -1.71433 -0.11322 0.53325
v -1.61300 -0.19343 0.64687
v -1.54213 -0.24545 0.79480
v -1.50864 -0.26419 0.96254
v -1.51583 -0.24782 1.13369
v -1.56298 -0.19793 1.29149
v -1.64548 -0.11942 1.42048
v -1.75526 -0.01997 1.50805
v -1.88156 0.09069 1.54563
v -2.01203 0.20173 1.52953
v -2.23461 0.17596 1.46529
v -2.33816 0.25362 1.35189
v -2.40860 0.30645 1.20405
v -2.43904 0.32928 1.03623
v -2.42651 0.31989 0.86487
v -2.37223 0.27917 0.70673
v -2.28152 0.21114 0.57731
v -2.16324 0.12243 0.48925
v -2.02899 0.02174 0.45119
v -1.89190 -0.08108 0.46686
v -1.76539 -0.17596 0.53471
v -1.66184 -0.25362 0.64811
v -1.59140 -0.30645 0.79595
v -1.56096 -0.32928 0.96377
v -1.57349 -0.31989 1.13513
v -1.62777 -0.27917 1.29327
v -1.71848 -0.21114 1.42269
v -1.83676 -0.12243 1.51075
v -1.97101 -0.02174 1.54881
v -2.10810 0.08108 1.53314
v -2.32804 0.04119 1.46208
v -2.43391 0.11576 1.34877
v -2.50426 0.16904 1.20104
v -2.53221 0.19582 1.03337
v -2.51502 0.19346 0.86217
v -2.45437 0.16221 0.70420
v -2.35620 0.10513 0.57491
v -2.23012 0.02779 0.48697
v -2.08847 -0.06223 0.44899
v -1.94512 -0.15612 0.46467
v -1.81409 -0.24468 0.53250
v -1.70822 -0.31925 0.64582
v -1.63787 -0.37253 0.79354
v -1.60992 -0.39931 0.96121
v -1.62711 -0.39695 1.13241
v -1.68776 -0.36570 1.29038
v -1.78593 -0.30861 1.41967
v -1.91201 -0.23128 1.50761
v -2.05366 -0.14126 1.54559
v -2.19702 -0.04737 1.52991
v -2.41311 -0.10149 1.45185
v -2.52131 -0.03051 1.33843
v -2.59183 0.02286 1.19082
v -2.61777 0.05340 1.02347
v -2.59659 0.05811 0.85276
v -2.53037 0.03654 0.69541
v -2.42558 -0.00921 0.56682
v -2.29248 -0.07465 0.47956
v -2.14410 -0.15338 0.44220
v -1.99497 -0.23769 0.45837
v -1.85968 -0.31934 0.52650
v -1.75148 -0.39032 0.63993
v -1.68096 -0.44369 0.78754
v -1.65501 -0.47423 0.95488
v -1.67619 -0.47894 1.12559
v -1.74242 -0.45737 1.28294
v -1.84721 -0.41163 1.41154
v -1.98031 -0.34618 1.49879
v -2.12869 -0.26745 1.53616
v -2.27782 -0.18314 1.51998
v -2.48880 -0.25145 1.43476
v -2.59924 -0.18452 1.32103
v -2.67012 -0.13139 1.17350
v -2.69449 -0.09728 1.00660
v -2.66998 -0.08552 0.83669
v -2.59899 -0.09726 0.68038
v -2.48846 -0.13135 0.55298
v -2.34921 -0.18446 0.46696
v -2.19487 -0.25139 0.43073
v -2.04055 -0.32558 0.44786
v -1.90136 -0.39977 0.51665
v -1.79093 -0.46670 0.63038
v -1.72005 -0.51983 0.77791
v -1.69567 -0.55394 0.94480
v -1.72018 -0.56570 1.11472
v -1.79118 -0.55396 1.27103
v -1.90171 -0.51987 1.39843
v -2.04096 -0.46676 1.48445
v -2.19530 -0.39983 1.52067
v -2.34961 -0.32564 1.50355
v -2.55420 -0.40794 1.41100
v -2.66670 -0.34545 1.29676
v -2.73804 -0.29289 1.14925
v -2.76124 -0.25540 0.98291
v -2.73403 -0.23664 0.81404
v -2.65908 -0.23845 0.65915
v -2.54372 -0.26066 0.53341
v -2.39925 -0.30110 0.44913
v -2.23980 -0.35579 0.41456
v -2.08099 -0.41940 0.43308
v -1.93835 -0.48569 0.50288
v -1.82586 -0.54817 0.61713
v -1.75452 -0.60073 0.76463
v -1.73132 -0.63823 0.93097
v -1.75852 -0.65699 1.09984
v -1.83347 -0.65517 1.25473
v -1.94883 -0.63296 1.38047
v -2.09330 -0.59253 1.46475
v -2.25275 -0.53783 1.49932
v -2.41157 -0.47423 1.48080
v -2.60847 -0.57013 1.38081
v -2.72276 -0.51243 1.26583
v -2.79461 -0.46071 1.11827
v -2.81699 -0.42001 0.95258
v -2.78769 -0.39434 0.78497
v -2.70960 -0.38619 0.63185
v -2.59035 -0.39636 0.50820
v -2.44162 -0.42387 0.42614
v -2.27797 -0.46602 0.39370
v -2.11542 -0.51867 0.41404
v -1.96987 -0.57669 0.48518
v -1.85558 -0.63438 0.60016
v -1.78373 -0.68611 0.74771
v -1.76136 -0.72680 0.91341
v -1.79065 -0.75248 1.08102
v -1.86875 -0.76063 1.23414
v -1.98799 -0.75045 1.35778
v -2.13672 -0.72294 1.43984
v -2.30037 -0.68080 1.47229
v -2.46293 -0.62814 1.45195
v -2.65086 -0.73710 1.34441
v -2.76663 -0.68447 1.22849
v -2.83898 -0.63382 1.08081
v -2.86083 -0.59010 0.91582
v -2.83003 -0.55760 0.74967
v -2.74960 -0.53949 0.59862
v -2.62741 -0.53756 0.47747
v -2.47543 -0.55198 0.39807
v -2.30853 -0.58136 0.36819
v -2.14305 -0.62280 0.39076
v -1.99519 -0.67226 0.46357
v -1.87942 -0.72489 0.57949
v -1.80707 -0.77555 0.72717
v -1.78522 -0.81927 0.89216
v -1.81602 -0.85177 1.05831
v -1.89645 -0.86987 1.20936
v -2.01864 -0.87181 1.33051
v -2.17062 -0.85738 1.40991
v -2.33752 -0.82801 1.43979
v -2.50300 -0.78656 1.41722
v -2.68072 -0.90788 1.30208
v -2.79761 -0.86051 1.18502
v -2.87041 -0.81111 1.03713
v -2.89199 -0.76453 0.87289
v -2.86024 -0.72531 0.70837
v -2.77826 -0.69731 0.55969
v -2.65409 -0.68326 0.44139
v -2.49988 -0.68453 0.36505
v -2.33072 -0.70101 0.33815
v -2.16317 -0.73107 0.36332
v -2.01363 -0.77178 0.43810
v -1.89674 -0.81916 0.55516
v -1.82394 -0.86855 0.70305
v -1.80236 -0.91514 0.86729
v -1.83411 -0.95435 1.03180
v -1.91608 -0.98235 1.18049
v -2.04025 -0.99641 1.29879
v -2.19447 -0.99513 1.37512
v -2.36363 -0.97866 1.40202
v -2.53118 -0.94859 1.37685
v -2.69749 -1.08140 1.25408
v -2.81510 -1.03941 1.13569
v -2.88826 -0.99142 0.98752
v -2.90982 -0.94211 0.82408
v -2.87765 -0.89630 0.66136
v -2.79492 -0.85850 0.51529
v -2.66971 -0.83239 0.40017
v -2.51429 -0.82052 0.32726
v -2.34387 -0.82408 0.30372
v -2.17513 -0.84269 0.33183
v -2.02459 -0.87455 0.40886
v -1.90698 -0.91653 0.52725
v -1.83381 -0.96453 0.67542
v -1.81226 -1.01384 0.83886
v -1.84442 -1.05964 1.00158
v -1.92716 -1.09745 1.14765
v -2.05236 -1.12356 1.26277
v -2.20778 -1.13542 1.33567
v -2.37821 -1.13187 1.35922
v -2.54695 -1.11326 1.33111
v -2.70074 -1.25653 1.20072
v -2.81865 -1.22000 1.08083
v -2.89207 -1.17350 0.93232
v -2.91381 -1.12158 0.76970
v -2.88175 -1.06932 0.60892
v -2.79902 -1.02185 0.46570
v -2.67372 -0.98380 0.35406
v -2.51812 -0.95891 0.28493
v -2.34745 -0.94960 0.26508
v -2.17840 -0.95679 0.29645
v -2.02754 -0.97978 0.37597
v -1.90963 -1.01631 0.49586
v -1.83621 -1.06281 0.64438
v -1.81447 -1.11473 0.80699
v -1.84653 -1.16699 0.96777
v -1.92926 -1.21446 1.11100
v -2.05456 -1.25251 1.22264
v -2.21016 -1.27741 1.29176
v -2.38084 -1.28671 1.31161
v -2.54988 -1.27952 1.28024
v -2.69013 -1.43212 1.14230
v -2.80792 -1.40103 1.02077
v -2.88148 -1.35607 0.87184
v -2.90361 -1.30165 0.71011
v -2.87215 -1.24308 0.55139
v -2.79017 -1.18611 0.41123
v -2.66571 -1.13631 0.30334
v -2.51094 -1.09856 0.23829
v -2.34101 -1.07654 0.22244
v -2.17256 -1.07243 0.25735
v -2.02208 -1.08661 0.33960
v -1.90429 -1.11770 0.46113
v -1.83073 -1.16266 0.61006
v -1.80860 -1.21708 0.77180
v -1.84006 -1.27564 0.93051
v -1.92204 -1.33261 1.07068
v -2.04650 -1.38241 1.17856
v -2.20127 -1.42017 1.24361
v -2.37120 -1.44218 1.25946
v -2.53965 -1.44630 1.22455
v -2.66545 -1.60695 1.07915
v -2.78269 -1.58123 0.95584
v -2.85626 -1.53782 0.80647
v -2.87898 -1.48098 0.64564
v -2.84861 -1.41626 0.48912
v -2.76812 -1.35001 0.35221
v -2.64540 -1.28870 0.24833
v -2.49247 -1.23834 0.18763
v -2.32428 -1.20385 0.17606
v -2.15730 -1.18862 0.21476
v -2.00788 -1.19414 0.29993
v -1.89064 -1.21986 0.42324
v -1.81707 -1.26326 0.57262
v -1.79435 -1.32011 0.73344
v -1.82472 -1.38482 0.88996
v -1.90521 -1.45108 1.02687
v -2.02792 -1.51239 1.13075
v -2.18086 -1.56275 1.19145
v -2.34905 -1.59723 1.20302
v -2.51603 -1.61246 1.16432
v -2.62662 -1.77977 1.01161
v -2.74289 -1.75930 0.88642
v -2.81636 -1.71742 0.73656
v -2.83984 -1.65823 0.57670
v -2.81104 -1.58752 0.42248
v -2.73276 -1.51223 0.28901
v -2.61268 -1.43971 0.18935
v -2.46255 -1.37706 0.13325
v -2.29706 -1.33043 0.12621
v -2.13242 -1.30437 0.16891
v -1.98473 -1.30143 0.25718
v -1.86846 -1.32190 0.38237
v -1.79499 -1.36379 0.53223
v -1.77151 -1.42298 0.69209
v -1.80031 -1.49368 0.84631
v -1.87858 -1.56898 0.97978
v -1.99866 -1.64150 1.07944
v -2.14880 -1.70414 1.13554
v -2.31428 -1.75077 1.14258
v -2.47893 -1.77684 1.09988
v -2.57366 -1.94934 0.94004
v -2.68857 -1.93393 0.81288
v -2.76183 -1.89352 0.66251
v -2.78627 -1.83204 0.50366
v -2.75950 -1.75553 0.35187
v -2.68414 -1.67148 0.22200
v -2.56757 -1.58810 0.12676
v -2.42119 -1.51357 0.07548
v -2.25934 -1.45517 0.07317
v -2.09786 -1.41863 0.12007
v -1.95255 -1.40752 0.21158
v -1.83765 -1.42293 0.33874
v -1.76439 -1.46335 0.48910
v -1.73994 -1.52482 0.64796
v -1.76671 -1.60133 0.79975
v -1.84207 -1.68539 0.92962
v -1.95864 -1.76876 1.02486
v -2.10502 -1.84330 1.07614
v -2.26687 -1.90169 1.07844
v -2.42835 -1.93823 1.03155
v -2.50674 -2.11440 0.86481
v -2.61992 -2.10383 0.73561
v -2.69287 -2.06479 0.58474
v -2.71846 -2.00109 0.42694
v -2.69419 -1.91897 0.27768
v -2.62243 -1.82648 0.15156
v -2.51021 -1.73265 0.06093
v -2.36851 -1.64669 0.01466
v -2.21120 -1.57699 0.01728
v -2.05368 -1.53040 0.06853
v -1.91136 -1.51145 0.16340
v -1.79819 -1.52202 0.29259
v -1.72524 -1.56106 0.44347
v -1.69965 -1.62476 0.60126
v -1.72392 -1.70688 0.75052
v -1.79567 -1.79937 0.87664
v -1.90790 -1.89319 0.96727
v -2.04960 -1.97916 1.01354
v -2.20691 -2.04885 1.01093
v -2.36443 -2.09545 0.95968
v -2.42617 -2.27368 0.78631
v -2.53726 -2.26769 0.65503
v -2.60983 -2.22992 0.50365
v -2.63678 -2.16405 0.34697
v -2.61546 -2.07655 0.20035
v -2.54797 -1.97597 0.07812
v -2.44091 -1.87216 -0.00774
v -2.30476 -1.77528 -0.04884
v -2.15285 -1.69482 -0.04114
v -2.00005 -1.63864 0.01460
v -1.86131 -1.61226 0.11291
v -1.75022 -1.61825 0.24419
v -1.67764 -1.65603 0.39557
v -1.65070 -1.72189 0.55225
v -1.67201 -1.80939 0.69887
v -1.73950 -1.90997 0.82110
v -1.84656 -2.01378 0.90696
v -1.98271 -2.11066 0.94806
v -2.13462 -2.19113 0.94036
v -2.28743 -2.24730 0.88463
v -2.33235 -2.42597 0.70494
v -2.44105 -2.42427 0.57155
v -2.51319 -2.38764 0.41968
v -2.54170 -2.31967 0.26419
v -2.52379 -2.22701 0.12029
v -2.46122 -2.11875 0.00208
v -2.36010 -2.00546 -0.07887
v -2.23035 -1.89825 -0.11464
v -2.08465 -1.80760 -0.10174
v -1.93727 -1.74240 -0.04141
v -1.80264 -1.70902 0.06043
v -1.69394 -1.71072 0.19382
v -1.62180 -1.74736 0.34569
v -1.59329 -1.81532 0.50118
v -1.61120 -1.90798 0.64507
v -1.67377 -2.01624 0.76328
v -1.77489 -2.12953 0.84424
v -1.90464 -2.23674 0.88001
v -2.05034 -2.32739 0.86710
v -2.19772 -2.39259 0.80678
v -2.22583 -2.57009 0.62111
v -2.33187 -2.57234 0.48560
v -2.40354 -2.53672 0.33327
v -2.43384 -2.46672 0.17902
v -2.41978 -2.36918 0.03795
v -2.36275 -2.25366 -0.07612
v -2.26833 -2.13147 -0.15204
v -2.14577 -2.01456 -0.18238
v -2.00705 -1.91437 -0.16415
v -1.86576 -1.84073 -0.09915
v -1.73573 -1.80082 0.00626
v -1.62969 -1.79857 0.14176
v -1.55802 -1.83419 0.29409
v -1.52773 -1.90419 0.44834
v -1.54178 -2.00173 0.58941
v -1.59881 -2.11725 0.70349
v -1.69323 -2.23945 0.77941
v -1.81580 -2.35636 0.80974
v -1.95451 -2.45654 0.79151
v -2.09580 -2.53019 0.72652
v -2.10729 -2.70489 0.53524
v -2.21043 -2.71076 0.39763
v -2.28163 -2.67602 0.24487
v -2.31393 -2.60407 0.09193
v -2.30416 -2.50194 -0.04622
v -2.25328 -2.37965 -0.15606
v -2.16627 -2.24915 -0.22685
v -2.05164 -2.12323 -0.25164
v -1.92062 -2.01420 -0.22802
v -1.78603 -1.93275 -0.15829
v -1.66105 -1.88684 -0.04928
v -1.55791 -1.88097 0.08834
v -1.48670 -1.91571 0.24109
v -1.45440 -1.98767 0.39403
v -1.46417 -2.08979 0.53218
v -1.51505 -2.21208 0.64202
v -1.60207 -2.34258 0.71281
v -1.71669 -2.46850 0.73760
v -1.84771 -2.57753 0.71398
v -1.98230 -2.65898 0.64425
v -1.97750 -2.82931 0.44778
v -2.07754 -2.83845 0.30807
v -2.14830 -2.80445 0.15494
v -2.18284 -2.73064 0.00338
v -2.17778 -2.62426 -0.13178
v -2.13362 -2.49570 -0.23730
v -2.05469 -2.35757 -0.30286
v -1.94870 -2.22337 -0.32204
v -1.82603 -2.10624 -0.29296
v -1.69870 -2.01766 -0.21846
v -1.57916 -1.96628 -0.10585
v -1.47911 -1.95715 0.03386
v -1.40836 -1.99115 0.18699
v -1.37382 -2.06495 0.33855
v -1.37887 -2.17134 0.47370
v -1.42303 -2.29989 0.57922
v -1.50197 -2.43803 0.64478
v -1.60796 -2.57223 0.66396
v -1.73062 -2.68935 0.63488
v -1.85796 -2.77794 0.56039
v -1.83736 -2.94236 0.35915
v -1.93415 -2.95440 0.21738
v -2.00450 -2.92102 0.06393
v -2.04151 -2.84548 -0.08619
v -2.04158 -2.73519 -0.21827
v -2.00469 -2.60094 -0.31940
v -1.93446 -2.45587 -0.37966
v -1.83775 -2.31418 -0.39317
v -1.72404 -2.18973 -0.35860
v -1.60446 -2.09473 -0.27933
v -1.49071 -2.03845 -0.16312
v -1.39392 -2.02641 -0.02135
v -1.32358 -2.05979 0.13210
v -1.28656 -2.13533 0.28222
v -1.28649 -2.24562 0.41431
v -1.32338 -2.37987 0.51543
v -1.39361 -2.52494 0.57570
v -1.49032 -2.66664 0.58920
v -1.60403 -2.79108 0.55463
v -1.72361 -2.88608 0.47536
v -1.68788 -3.04314 0.26982
v -1.78128 -3.05771 0.12604
v -1.85127 -3.02483 -0.02768
v -1.89101 -2.94772 -0.17629
v -1.89660 -2.83391 -0.30524
v -1.86749 -2.69456 -0.40191
v -1.80653 -2.54330 -0.45684
v -1.71970 -2.39495 -0.46464
v -1.61549 -2.26401 -0.42456
v -1.50410 -2.16331 -0.34052
v -1.39643 -2.10271 -0.22074
v -1.30303 -2.08814 -0.07696
v -1.23303 -2.12102 0.07677
v -1.19330 -2.19814 0.22538
v -1.18771 -2.31194 0.35433
v -1.21682 -2.45129 0.45100
v -1.27777 -2.60255 0.50592
v -1.36461 -2.75091 0.51372
v -1.46882 -2.88184 0.47364
v -1.58021 -2.98254 0.38960
v -1.53012 -3.13086 0.18024
v -1.62004 -3.14760 0.03449
v -1.68976 -3.11512 -0.11944
v -1.73245 -3.03659 -0.26648
v -1.74393 -2.91970 -0.39224
v -1.72308 -2.77589 -0.48441
v -1.67194 -2.61924 -0.53396
v -1.59551 -2.46508 -0.53605
v -1.50127 -2.32851 -0.49047
v -1.39846 -2.22288 -0.40168
v -1.29713 -2.15855 -0.27838
v -1.20720 -2.14180 -0.13263
v -1.13748 -2.17428 0.02131
v -1.09479 -2.25281 0.16835
v -1.08331 -2.36970 0.29411
v -1.10416 -2.51351 0.38628
v -1.15531 -2.67016 0.43583
v -1.23174 -2.82432 0.43792
v -1.32597 -2.96090 0.39234
v -1.42879 -3.06652 0.30355
v -1.36525 -3.20482 0.09087
v -1.45164 -3.22338 -0.05679
v -1.52118 -3.19122 -0.21087
v -1.56705 -3.11147 -0.35629
v -1.58477 -2.99196 -0.47882
v -1.57261 -2.84437 -0.56646
v -1.53175 -2.68316 -0.61063
v -1.46619 -2.52410 -0.60702
v -1.38235 -2.38276 -0.55596
v -1.28844 -2.27299 -0.46247
v -1.19365 -2.20552 -0.33569
v -1.10726 -2.18696 -0.18803
v -1.03772 -2.21912 -0.03395
v -0.99185 -2.29886 0.11147
v -0.97413 -2.41838 0.23400
v -0.98629 -2.56597 0.32164
v -1.02715 -2.72718 0.36581
v -1.09271 -2.88624 0.36219
v -1.17655 -3.02758 0.31114
v -1.27046 -3.13735 0.21765
v -1.19450 -3.26447 0.00216
v -1.27733 -3.28450 -0.14734
v -1.34678 -3.25259 -0.30151
v -1.39606 -3.17186 -0.44527
v -1.42034 -3.05022 -0.56453
v -1.41725 -2.89957 -0.64763
v -1.38709 -2.73466 -0.68644
v -1.33281 -2.57163 -0.67714
v -1.25972 -2.42644 -0.62066
v -1.17498 -2.31331 -0.52253
v -1.08689 -2.24330 -0.39234
v -1.00407 -2.22327 -0.24284
v -0.93461 -2.25518 -0.08867
v -0.88534 -2.33591 0.05509
v -0.86105 -2.45756 0.17435
v -0.86414 -2.60821 0.25745
v -0.89431 -2.77312 0.29626
v -0.94859 -2.93614 0.28696
v -1.02167 -3.08133 0.23048
v -1.10641 -3.19447 0.13235
v -1.01916 -3.30938 -0.08543
v -1.09841 -3.33053 -0.23670
v -1.16788 -3.29883 -0.39090
v -1.22077 -3.21737 -0.53295
v -1.25189 -3.09413 -0.64894
v -1.25821 -2.94117 -0.72752
v -1.23910 -2.77346 -0.76098
v -1.19644 -2.60742 -0.74607
v -1.13440 -2.45931 -0.68423
v -1.05905 -2.34362 -0.58152
v -0.97777 -2.27167 -0.44800
v -0.89852 -2.25052 -0.29673
v -0.82905 -2.28222 -0.14252
v -0.77616 -2.36368 -0.00047
v -0.74504 -2.48692 0.11552
v -0.73872 -2.63988 0.19409
v -0.75783 -2.80759 0.22756
v -0.80049 -2.97363 0.21264
v -0.86253 -3.12174 0.15080
v -0.93788 -3.23743 0.04809
v -0.84054 -3.33923 -0.17143
v -0.91624 -3.36119 -0.32440
v -0.98583 -3.32968 -0.47859
v -1.04250 -3.24777 -0.61891
v -1.08071 -3.12349 -0.73162
v -1.09672 -2.96899 -0.80570
v -1.08896 -2.79942 -0.83388
v -1.05818 -2.63136 -0.81342
v -1.00741 -2.48126 -0.74631
v -0.94161 -2.36382 -0.63912
v -0.86723 -2.29053 -0.50235
v -0.79153 -2.26857 -0.34938
v -0.72194 -2.30009 -0.19519
v -0.66527 -2.38200 -0.05487
v -0.62706 -2.50628 0.05784
v -0.61105 -2.66077 0.13192
v -0.61881 -2.83035 0.16010
v -0.64959 -2.99841 0.13964
v -0.70036 -3.14851 0.07253
v -0.76616 -3.26595 -0.03466
v -0.66000 -3.35388 -0.25539
v -0.73216 -3.37633 -0.40998
v -0.80197 -3.34499 -0.56411
v -0.86259 -3.26294 -0.70269
v -0.90808 -3.13821 -0.81215
v -0.93400 -2.98300 -0.88178
v -0.93781 -2.81250 -0.90477
v -0.91913 -2.64342 -0.87885
v -0.87979 -2.49229 -0.80658
v -0.82365 -2.37391 -0.69502
v -0.75619 -2.29987 -0.55509
v -0.68403 -2.27742 -0.40050
v -0.61422 -2.30875 -0.24637
v -0.55360 -2.39081 -0.10779
v -0.50811 -2.51554 0.00167
v -0.48219 -2.67075 0.07130
v -0.47838 -2.84125 0.09428
v -0.49706 -3.01033 0.06837
v -0.53640 -3.16146 -0.00390
v -0.59254 -3.27984 -0.11546
v -0.47887 -3.35328 -0.33686
v -0.54755 -3.37593 -0.49301
v -0.61766 -3.34479 -0.64704
v -0.68235 -3.26293 -0.78388
v -0.73528 -3.13835 -0.89013
v -0.77127 -2.98325 -0.95539
v -0.78680 -2.81281 -0.97327
v -0.78035 -2.64371 -0.94203
v -0.75254 -2.49251 -0.86472
v -0.70611 -2.37401 -0.74891
v -0.64560 -2.29981 -0.60593
v -0.57692 -2.27717 -0.44979
v -0.50681 -2.30830 -0.29576
v -0.44212 -2.39016 -0.15892
v -0.38919 -2.51474 -0.05267
v -0.35320 -2.66984 0.01259
v -0.33767 -2.84028 0.03048
v -0.34412 -3.00938 -0.00076
v -0.37192 -3.16058 -0.07807
v -0.41836 -3.27908 -0.19388
v -0.29852 -3.33757 -0.41540
v -0.36376 -3.36012 -0.57303
v -0.43426 -3.32921 -0.72693
v -0.50310 -3.24788 -0.86205
v -0.56356 -3.12408 -0.96515
v -0.60971 -2.96994 -1.02615
v -0.63705 -2.80054 -1.03907
v -0.64288 -2.63246 -1.00264
v -0.62665 -2.48216 -0.92044
v -0.58993 -2.36435 -0.80051
v -0.53633 -2.29056 -0.65459
v -0.47109 -2.26801 -0.49697
v -0.40060 -2.29891 -0.34306
v -0.33175 -2.38024 -0.20795
v -0.27129 -2.50404 -0.10484
v -0.22514 -2.65818 -0.04385
v -0.19781 -2.82759 -0.03093
v -0.19197 -2.99566 -0.06735
v -0.20821 -3.14596 -0.14955
v -0.24492 -3.26378 -0.26948
v -0.12027 -3.30699 -0.49058
v -0.18213 -3.32917 -0.64962
v -0.25306 -3.29853 -0.80338
v -0.32611 -3.21809 -0.93681
v -0.39413 -3.09572 -1.03685
v -0.45047 -2.94339 -1.09370
v -0.48961 -2.77602 -1.10181
v -0.50772 -2.60999 -1.06038
v -0.50303 -2.46155 -0.97346
v -0.47599 -2.34523 -0.84957
v -0.42925 -2.27243 -0.70082
v -0.36739 -2.25025 -0.54178
v -0.29647 -2.28089 -0.38802
v -0.22342 -2.36133 -0.25459
v -0.15539 -2.48370 -0.15455
v -0.09905 -2.63603 -0.09769
v -0.05991 -2.80340 -0.08958
v -0.04180 -2.96943 -0.13102
v -0.04650 -3.11787 -0.21794
v -0.07354 -3.23419 -0.34183
v 0.05459 -3.26195 -0.56197
v -0.00395 -3.28348 -0.72235
v -0.07534 -3.25316 -0.87596
v -0.15260 -3.17397 -1.00776
v -0.22816 -3.05366 -1.10485
v -0.29464 -2.90401 -1.15772
v -0.34551 -2.73966 -1.16121
v -0.37581 -2.57671 -1.11497
v -0.38257 -2.43110 -1.02352
v -0.36512 -2.31708 -0.89582
v -0.32517 -2.24582 -0.74437
v -0.26663 -2.22430 -0.58399
v -0.19524 -2.25462 -0.43039
v -0.11798 -2.33380 -0.29859
v -0.04242 -2.45411 -0.20150
v 0.02406 -2.60377 -0.14862
v 0.07493 -2.76811 -0.14513
v 0.10523 -2.93107 -0.19138
v 0.11199 -3.07668 -0.28282
v 0.09454 -3.19069 -0.41052
v 0.22482 -3.20297 -0.62917
v 0.16955 -3.22358 -0.79083
v 0.09769 -3.19363 -0.94429
v 0.01627 -3.11605 -1.07453
v -0.06675 -2.99845 -1.16880
v -0.14323 -2.85232 -1.21789
v -0.20569 -2.69199 -1.21697
v -0.24802 -2.53313 -1.16615
v -0.26607 -2.39130 -1.07039
v -0.25808 -2.28039 -0.93907
v -0.22482 -2.21124 -0.78504
v -0.16955 -2.19064 -0.62339
v -0.09769 -2.22059 -0.46993
v -0.01627 -2.29816 -0.33969
v 0.06675 -2.41577 -0.24541
v 0.14323 -2.56189 -0.19633
v 0.20569 -2.72223 -0.19724
v 0.24802 -2.88109 -0.24807
v 0.26607 -3.02291 -0.34383
v 0.25808 -3.13383 -0.47515
v 0.38924 -3.13072 -0.69178
v 0.33720 -3.15013 -0.85465
v 0.26489 -3.12058 -1.00798
v 0.17939 -3.04497 -1.13676
v 0.08908 -2.93070 -1.22839
v 0.00279 -2.78894 -1.27389
v -0.07102 -2.63358 -1.26882
v -0.12515 -2.47983 -1.21367
v -0.15428 -2.34273 -1.11384
v -0.15556 -2.23571 -0.97910
v -0.12887 -2.16924 -0.82263
v -0.07683 -2.14983 -0.65977
v -0.00452 -2.17937 -0.50644
v 0.08098 -2.25498 -0.37766
v 0.17129 -2.36926 -0.28603
v 0.25758 -2.51101 -0.24053
v 0.33139 -2.66637 -0.24560
v 0.38552 -2.82012 -0.30075
v 0.41465 -2.95722 -0.40058
v 0.41593 -3.06424 -0.53532
v 0.54676 -3.04596 -0.74943
v 0.49789 -3.06390 -0.91345
v 0.42518 -3.03479 -1.06667
v 0.33576 -2.96147 -1.19410
v 0.23838 -2.85112 -1.28327
v 0.14257 -2.71455 -1.32545
v 0.05770 -2.56512 -1.31651
v -0.00790 -2.41746 -1.25732
v -0.04783 -2.28602 -1.15368
v -0.05817 -2.18368 -1.01573
v -0.03791 -2.12044 -0.85698
v 0.01096 -2.10250 -0.69297
v 0.08367 -2.13161 -0.53975
v 0.17309 -2.20493 -0.41231
v 0.27047 -2.31528 -0.32314
v 0.36628 -2.45185 -0.28097
v 0.45114 -2.60128 -0.28991
v 0.51675 -2.74894 -0.34910
v 0.55668 -2.88038 -0.45274
v 0.56702 -2.98272 -0.59068
v 0.69637 -2.94961 -0.80176
v 0.65062 -2.96578 -0.96686
v 0.57760 -2.93710 -1.12001
v 0.48445 -2.86637 -1.24623
v 0.38029 -2.76052 -1.33316
v 0.27531 -2.62991 -1.37229
v 0.17979 -2.48732 -1.35979
v 0.10309 -2.34671 -1.29689
v 0.05270 -2.22185 -1.18974
v 0.03357 -2.12496 -1.04883
v 0.04756 -2.06551 -0.88795
v 0.09330 -2.04934 -0.72285
v 0.16632 -2.07802 -0.56970
v 0.25947 -2.14875 -0.44348
v 0.36364 -2.25460 -0.35655
v 0.46861 -2.38521 -0.31742
v 0.56413 -2.52780 -0.32991
v 0.64083 -2.66841 -0.39282
v 0.69122 -2.79327 -0.49997
v 0.71035 -2.89016 -0.64088
v 0.83715 -2.84266 -0.84843
v 0.79450 -2.85675 -1.01454
v 0.72127 -2.82847 -1.16767
v 0.62463 -2.76059 -1.29283
v 0.51405 -2.65975 -1.37776
v 0.40034 -2.53583 -1.41416
v 0.29464 -2.40095 -1.39846
v 0.20730 -2.26832 -1.33220
v 0.14686 -2.15092 -1.22186
v 0.11923 -2.06024 -1.07824
v 0.12714 -2.00516 -0.91541
v 0.16979 -1.99107 -0.74930
v 0.24302 -2.01935 -0.59617
v 0.33966 -2.08723 -0.47101
v 0.45024 -2.18807 -0.38608
v 0.56395 -2.31199 -0.34968
v 0.66965 -2.44687 -0.36538
v 0.75699 -2.57950 -0.43164
v 0.81744 -2.69690 -0.54198
v 0.84506 -2.78758 -0.68560
v 0.96833 -2.72621 -0.88914
v 0.92873 -2.73788 -1.05619
v 0.85542 -2.70993 -1.20934
v 0.75559 -2.64510 -1.33361
v 0.63901 -2.54974 -1.41682
v 0.51708 -2.43318 -1.45083
v 0.40174 -2.30682 -1.43231
v 0.30429 -2.18304 -1.36308
v 0.23425 -2.07396 -1.24991
v 0.19850 -1.99025 -1.10388
v 0.20052 -1.94011 -0.93928
v 0.24012 -1.92844 -0.77223
v 0.31343 -1.95639 -0.61908
v 0.41326 -2.02122 -0.49481
v 0.52985 -2.11658 -0.41160
v 0.65178 -2.23314 -0.37759
v 0.76711 -2.35950 -0.39611
v 0.86457 -2.48327 -0.46534
v 0.93460 -2.59236 -0.57851
v 0.97035 -2.67607 -0.72454
v 1.08923 -2.60146 -0.92359
v 1.05264 -2.61034 -1.09150
v 0.97941 -2.58260 -1.24473
v 0.87672 -2.52096 -1.36828
v 0.75460 -2.43145 -1.45006
v 0.62503 -2.32284 -1.48206
v 0.50067 -2.20575 -1.46115
v 0.39371 -2.09165 -1.38938
v 0.31462 -1.99171 -1.27378
v 0.27112 -1.91570 -1.12565
v 0.26750 -1.87107 -0.95950
v 0.30409 -1.86219 -0.79159
v 0.37731 -1.88993 -0.63836
v 0.48001 -1.95157 -0.51481
v 0.60212 -2.04107 -0.43303
v 0.73170 -2.14969 -0.40103
v 0.85605 -2.26678 -0.42193
v 0.96301 -2.38088 -0.49370
v 1.04211 -2.48082 -0.60931
v 1.08560 -2.55683 -0.75744
v 1.19932 -2.46966 -0.95155
v 1.16569 -2.47535 -1.12022
v 1.09271 -2.44764 -1.27357
v 0.98751 -2.38926 -1.39659
v 0.86040 -2.30590 -1.47725
v 0.72381 -2.20575 -1.50765
v 0.59113 -2.09858 -1.48481
v 0.47533 -1.99491 -1.41096
v 0.38775 -1.90487 -1.29334
v 0.33697 -1.83728 -1.14347
v 0.32795 -1.79876 -0.97600
v 0.36157 -1.79307 -0.80734
v 0.43456 -1.82078 -0.65398
v 0.53976 -1.87916 -0.53096
v 0.66687 -1.96252 -0.45030
v 0.80345 -2.06267 -0.41990
v 0.93614 -2.16984 -0.44275
v 1.05194 -2.27351 -0.51659
v 1.13952 -2.36355 -0.63421
v 1.19030 -2.43114 -0.78409
v 1.29820 -2.33215 -0.97281
v 1.26747 -2.33421 -1.14211
v 1.19490 -2.30629 -1.29561
v 1.08759 -2.25113 -1.41830
v 0.95605 -2.17413 -1.49817
v 0.81315 -2.08283 -1.52739
v 0.67288 -1.98615 -1.50310
v 0.54897 -1.89358 -1.42768
v 0.45355 -1.81416 -1.30852
v 0.39597 -1.75567 -1.15728
v 0.38185 -1.72385 -0.98876
v 0.41258 -1.72179 -0.81946
v 0.48515 -1.74971 -0.66596
v 0.59246 -1.80487 -0.54327
v 0.72400 -1.88187 -0.46340
v 0.86690 -1.97317 -0.43419
v 1.00717 -2.06984 -0.45847
v 1.13108 -2.16242 -0.53389
v 1.22650 -2.24184 -0.65305
v 1.28408 -2.30032 -0.80429
v 1.38564 -2.19030 -0.98719
v 1.35772 -2.18825 -1.15698
v 1.28573 -2.15981 -1.31066
v 1.17670 -2.10776 -1.43320
v 1.04132 -2.03720 -1.51259
v 0.89284 -1.95503 -1.54108
v 0.74579 -1.86930 -1.51586
v 0.61456 -1.78840 -1.43942
v 0.51200 -1.72024 -1.31922
v 0.44815 -1.67151 -1.16704
v 0.42925 -1.64697 -0.99777
v 0.45717 -1.64902 -0.82798
v 0.52917 -1.67746 -0.67430
v 0.63819 -1.72951 -0.55176
v 0.77357 -1.80007 -0.47236
v 0.92205 -1.88224 -0.44388
v 1.06911 -1.96797 -0.46910
v 1.20034 -2.04888 -0.54554
v 1.30290 -2.11703 -0.66574
v 1.36675 -2.16576 -0.81792
v 1.46155 -2.04553 -0.99458
v 1.43632 -2.03887 -1.16467
v 1.36506 -2.00951 -1.31852
v 1.25472 -1.96035 -1.44108
v 1.11611 -1.89619 -1.52034
v 0.96281 -1.82331 -1.54855
v 0.80980 -1.74884 -1.52294
v 0.67208 -1.68008 -1.44603
v 0.56313 -1.62375 -1.32534
v 0.49360 -1.58537 -1.17268
v 0.47030 -1.56870 -1.00301
v 0.49552 -1.57537 -0.83292
v 0.56679 -1.60472 -0.67907
v 0.67713 -1.65388 -0.55651
v 0.81573 -1.71804 -0.47725
v 0.96904 -1.79093 -0.44904
v 1.12204 -1.86539 -0.47465
v 1.25976 -1.93415 -0.55156
v 1.36872 -1.99048 -0.67225
v 1.43825 -2.02886 -0.82491
v 1.52599 -1.89926 -0.99493
v 1.50332 -1.88744 -1.16510
v 1.43290 -1.85673 -1.31908
v 1.32164 -1.81012 -1.44179
v 1.18041 -1.75219 -1.52123
v 1.02305 -1.68861 -1.54962
v 0.86496 -1.62559 -1.52418
v 0.72162 -1.56931 -1.44739
v 0.60705 -1.52527 -1.32679
v 0.53247 -1.49779 -1.17417
v 0.50518 -1.48956 -1.00447
v 0.52786 -1.50137 -0.83430
v 0.59828 -1.53209 -0.68032
v 0.70954 -1.57869 -0.55761
v 0.85077 -1.63662 -0.47817
v 1.00813 -1.70021 -0.44978
v 1.16621 -1.76323 -0.47522
v 1.30956 -1.81951 -0.55200
v 1.42413 -1.86355 -0.67261
v 1.49871 -1.89103 -0.82523
v 1.57923 -1.75291 -0.98825
v 1.55890 -1.73539 -1.15822
v 1.48942 -1.70279 -1.31223
v 1.37757 -1.65831 -1.43521
v 1.23432 -1.60631 -1.51512
v 1.07368 -1.55188 -1.54413
v 0.91137 -1.50034 -1.51940
v 0.76329 -1.45674 -1.44337
v 0.64393 -1.42534 -1.32346
v 0.56497 -1.40923 -1.17142
v 0.53414 -1.40997 -1.00212
v 0.55447 -1.42750 -0.83215
v 0.62395 -1.46009 -0.67814
v 0.73580 -1.50457 -0.55516
v 0.87905 -1.55657 -0.47525
v 1.03969 -1.61100 -0.44624
v 1.20200 -1.66254 -0.47097
v 1.35008 -1.70615 -0.54700
v 1.46944 -1.73754 -0.66691
v 1.54840 -1.75366 -0.81895
v 1.62165 -1.60789 -0.97461
v 1.60343 -1.58409 -1.14405
v 1.53491 -1.54904 -1.29796
v 1.42280 -1.50616 -1.42126
v 1.27806 -1.45965 -1.50188
v 1.11487 -1.41407 -1.53193
v 0.94921 -1.37387 -1.50847
v 0.79728 -1.34300 -1.43380
v 0.67397 -1.32447 -1.31523
v 0.59133 -1.32009 -1.16435
v 0.55746 -1.33030 -0.99595
v 0.57568 -1.35410 -0.82650
v 0.64420 -1.38916 -0.67260
v 0.75632 -1.43204 -0.54930
v 0.90105 -1.47854 -0.46868
v 1.06424 -1.52413 -0.43862
v 1.22990 -1.56432 -0.46208
v 1.38183 -1.59520 -0.53675
v 1.50515 -1.61373 -0.65533
v 1.58778 -1.61810 -0.80620
v 1.65383 -1.46554 -0.95418
v 1.63742 -1.43492 -1.12272
v 1.56984 -1.39679 -1.27631
v 1.45770 -1.35489 -1.39992
v 1.31198 -1.31330 -1.48144
v 1.14694 -1.27611 -1.51291
v 0.97874 -1.24696 -1.49124
v 0.82384 -1.22869 -1.41855
v 0.69741 -1.22311 -1.30195
v 0.61182 -1.23074 -1.15286
v 0.57545 -1.25085 -0.98588
v 0.59186 -1.28147 -0.81734
v 0.65944 -1.31960 -0.66376
v 0.77158 -1.36150 -0.54015
v 0.91731 -1.40309 -0.45862
v 1.08234 -1.44027 -0.42715
v 1.25054 -1.46943 -0.44882
v 1.40544 -1.48769 -0.52152
v 1.53187 -1.49328 -0.63811
v 1.61746 -1.48565 -0.78720
v 1.67650 -1.32713 -0.92723
v 1.66155 -1.28918 -1.09441
v 1.59481 -1.24733 -1.24740
v 1.48282 -1.20570 -1.37123
v 1.33653 -1.16836 -1.45379
v 1.17026 -1.13895 -1.48698
v 1.00030 -1.12037 -1.46757
v 0.84327 -1.11442 -1.39744
v 0.71455 -1.12169 -1.28347
v 0.62674 -1.14147 -1.13681
v 0.58843 -1.17183 -0.97182
v 0.60337 -1.20978 -0.80465
v 0.67011 -1.25162 -0.65166
v 0.78210 -1.29325 -0.52783
v 0.92839 -1.33060 -0.44527
v 1.09466 -1.36001 -0.41208
v 1.26463 -1.37859 -0.43149
v 1.42166 -1.38454 -0.50161
v 1.55038 -1.37727 -0.61558
v 1.63819 -1.35748 -0.76224
v 1.69051 -1.19382 -0.89411
v 1.67664 -1.14807 -1.05941
v 1.61059 -1.10188 -1.21145
v 1.49883 -1.05978 -1.33533
v 1.35230 -1.02588 -1.41894
v 1.18534 -1.00351 -1.45409
v 1.01430 -0.99485 -1.43734
v 0.85592 -1.00075 -1.37033
v 0.72570 -1.02064 -1.25962
v 0.63638 -1.05257 -1.11604
v 0.59672 -1.09341 -0.95365
v 0.61059 -1.13916 -0.78835
v 0.67664 -1.18535 -0.63631
v 0.78840 -1.22746 -0.51243
v 0.93493 -1.26135 -0.42882
v 1.10189 -1.28372 -0.39366
v 1.27293 -1.29238 -0.41041
v 1.43131 -1.28648 -0.47743
v 1.56154 -1.26659 -0.58814
v 1.65085 -1.23466 -0.73172
v 1.69686 -1.06663 -0.85525
v 1.68364 -1.01270 -1.01812
v 1.61806 -0.96156 -1.16877
v 1.50654 -0.91820 -1.29244
v 1.36000 -0.88689 -1.37704
v 1.19278 -0.87068 -1.41427
v 1.02125 -0.87116 -1.40051
v 0.86221 -0.88828 -1.33708
v 0.73122 -0.92037 -1.23021
v 0.64109 -0.96428 -1.09035
v 0.60067 -1.01572 -0.93120
v 0.61389 -1.06965 -0.76833
v 0.67947 -1.12080 -0.61768
v 0.79099 -1.16415 -0.49401
v 0.93753 -1.19546 -0.40941
v 1.10474 -1.21168 -0.37217
v 1.27627 -1.21120 -0.38594
v 1.43531 -1.19408 -0.44937
v 1.56631 -1.16199 -0.55624
v 1.65643 -1.11808 -0.69610
v 1.69663 -0.94643 -0.81121
v 1.68361 -0.88403 -0.97105
v 1.61823 -0.82738 -1.11979
v 1.50687 -0.78201 -1.24289
v 1.36045 -0.75236 -1.32828
v 1.19329 -0.74134 -1.36761
v 1.02176 -0.75003 -1.35703
v 0.86264 -0.77756 -1.29758
v 0.73152 -0.82126 -1.19507
v 0.64123 -0.87684 -1.05954
v 0.60060 -0.93886 -0.90425
v 0.61361 -1.00125 -0.74441
v 0.67900 -1.05790 -0.59566
v 0.79036 -1.10328 -0.47257
v 0.93678 -1.13292 -0.38718
v 1.10394 -1.14394 -0.34784
v 1.27547 -1.13526 -0.35842
v 1.43459 -1.10772 -0.41788
v 1.56571 -1.06402 -0.52039
v 1.65600 -1.00845 -0.65592
v 1.69097 -0.83385 -0.76259
v 1.67772 -0.76285 -0.91877
v 1.61222 -0.70022 -1.06506
v 1.50088 -0.65210 -1.18711
v 1.35460 -0.62319 -1.27300
v 1.18769 -0.61632 -1.31430
v 1.01650 -0.63217 -1.30699
v 0.85778 -0.66919 -1.25176
v 0.72708 -0.72375 -1.15404
v 0.63717 -0.79050 -1.02338
v 0.59687 -0.86293 -0.87258
v 0.61012 -0.93393 -0.71640
v 0.67562 -0.99656 -0.57011
v 0.78696 -1.04468 -0.44806
v 0.93325 -1.07359 -0.36217
v 1.10015 -1.08046 -0.32087
v 1.27134 -1.06461 -0.32818
v 1.43006 -1.02759 -0.38340
v 1.56077 -0.97303 -0.48113
v 1.65067 -0.90628 -0.61179
v 1.68106 -0.72936 -0.71008
v 1.66717 -0.64974 -0.86200
v 1.60122 -0.58078 -1.00520
v 1.48969 -0.52923 -1.12567
v 1.34348 -0.50015 -1.21163
v 1.17691 -0.49637 -1.25464
v 1.00628 -0.51827 -1.25052
v 0.84830 -0.56371 -1.19965
v 0.71842 -0.62823 -1.10702
v 0.62937 -0.70552 -0.98169
v 0.58986 -0.78802 -0.83594
v 0.60375 -0.86764 -0.68402
v 0.66970 -0.93660 -0.54082
v 0.78123 -0.98815 -0.42035
v 0.92744 -1.01723 -0.33439
v 1.09401 -1.02101 -0.29138
v 1.26464 -0.99911 -0.29550
v 1.42262 -0.95367 -0.34637
v 1.55250 -0.88915 -0.43900
v 1.64155 -0.81186 -0.56433
v 1.66806 -0.63318 -0.65442
v 1.65316 -0.54507 -0.80147
v 1.58646 -0.46955 -0.94097
v 1.47449 -0.41401 -1.05925
v 1.32822 -0.38390 -1.14474
v 1.16196 -0.38215 -1.18906
v 0.99198 -0.40895 -1.18789
v 0.83493 -0.46166 -1.14133
v 0.70618 -0.53513 -1.05395
v 0.61833 -0.62216 -0.93429
v 0.57998 -0.71424 -0.79407
v 0.59488 -0.80235 -0.64702
v 0.66158 -0.87788 -0.50753
v 0.77355 -0.93341 -0.38925
v 0.91982 -0.96352 -0.30376
v 1.08608 -0.96527 -0.25943
v 1.25606 -0.93848 -0.26060
v 1.41311 -0.88576 -0.30716
v 1.54186 -0.81230 -0.39454
v 1.62971 -0.72526 -0.51420
v 1.65308 -0.54530 -0.59634
v 1.63688 -0.44898 -0.73801
v 1.56914 -0.36681 -0.87318
v 1.45649 -0.30684 -0.98862
v 1.30997 -0.27492 -1.07301
v 1.14391 -0.27419 -1.11811
v 0.97457 -0.30472 -1.11950
v 0.81852 -0.36352 -1.07704
v 0.69104 -0.44483 -0.99489
v 0.60461 -0.54069 -0.88109
v 0.56769 -0.64172 -0.74678
v 0.58389 -0.73804 -0.60510
v 0.65163 -0.82021 -0.46994
v 0.76427 -0.88019 -0.35450
v 0.91080 -0.91210 -0.27010
v 1.07686 -0.91283 -0.22500
v 1.24620 -0.88230 -0.22362
v 1.40225 -0.82351 -0.26608
v 1.52973 -0.74220 -0.34823
v 1.61616 -0.64633 -0.46203
v 1.63712 -0.46550 -0.53657
v 1.61943 -0.36141 -0.67245
v 1.55043 -0.27265 -0.80272
v 1.43689 -0.20791 -0.91465
v 1.28990 -0.17354 -0.99726
v 1.12388 -0.17288 -1.04248
v 0.95505 -0.20601 -1.04588
v 0.79996 -0.26969 -1.00712
v 0.67378 -0.35768 -0.93000
v 0.58886 -0.46136 -0.82207
v 0.55352 -0.57060 -0.69390
v 0.57121 -0.67469 -0.55802
v 0.64021 -0.76345 -0.42774
v 0.75376 -0.82818 -0.31582
v 0.90074 -0.86256 -0.23320
v 1.06677 -0.86322 -0.18798
v 1.23559 -0.83008 -0.18458
v 1.39068 -0.76641 -0.22334
v 1.51687 -0.67842 -0.30046
v 1.60178 -0.57473 -0.40839
v 1.62110 -0.39337 -0.47578
v 1.60182 -0.28205 -0.60558
v 1.53142 -0.18690 -0.73049
v 1.41680 -0.11723 -0.83828
v 1.26916 -0.07986 -0.91839
v 1.10297 -0.07844 -0.96298
v 0.93449 -0.11312 -0.96770
v 0.78021 -0.18049 -0.93207
v 0.65523 -0.27397 -0.85959
v 0.57180 -0.38441 -0.75735
v 0.53807 -0.50099 -0.63536
v 0.55734 -0.61230 -0.50556
v 0.62774 -0.70745 -0.38065
v 0.74237 -0.77712 -0.27286
v 0.89000 -0.81450 -0.19275
v 1.05619 -0.81591 -0.14816
v 1.22468 -0.78124 -0.14344
v 1.37895 -0.71386 -0.17907
v 1.50393 -0.62038 -0.25155
v 1.58736 -0.50994 -0.35379
v 1.60574 -0.32832 -0.41457
v 1.58490 -0.21044 -0.53819
v 1.51305 -0.10923 -0.65738
v 1.39724 -0.03458 -0.76046
v 1.24880 0.00619 -0.83736
v 1.08225 0.00909 -0.88053
v 0.91390 -0.02616 -0.88576
v 0.76023 -0.09611 -0.85254
v 0.63629 -0.19391 -0.78411
v 0.55419 -0.31000 -0.68718
v 0.52199 -0.43300 -0.57122
v 0.54283 -0.55087 -0.44761
v 0.61467 -0.65209 -0.32842
v 0.73048 -0.72673 -0.22533
v 0.87893 -0.76750 -0.14844
v 1.04548 -0.77040 -0.10526
v 1.21382 -0.73515 -0.10003
v 1.36749 -0.66520 -0.13326
v 1.49144 -0.56740 -0.20169
v 1.57353 -0.45132 -0.29862
v 1.59163 -0.26964 -0.35343
v 1.56935 -0.14593 -0.47095
v 1.49612 -0.03909 -0.58422
v 1.37910 0.04044 -0.68216
v 1.22975 0.08487 -0.75518
v 1.06268 0.08984 -0.79613
v 0.89427 0.05488 -0.80099
v 0.74098 -0.01659 -0.76931
v 0.61782 -0.11759 -0.70417
v 0.53685 -0.23822 -0.61195
v 0.50600 -0.36667 -0.50168
v 0.52828 -0.49038 -0.38416
v 0.60152 -0.59722 -0.27089
v 0.71854 -0.67675 -0.17295
v 0.86789 -0.72118 -0.09993
v 1.03495 -0.72615 -0.05898
v 1.20337 -0.69119 -0.05412
v 1.35666 -0.61972 -0.08580
v 1.47981 -0.51872 -0.15094
v 1.56078 -0.39809 -0.24316
v 1.57923 -0.21652 -0.29270
v 1.55571 -0.08778 -0.40442
v 1.48122 0.02418 -0.51179
v 1.36306 0.10839 -0.60429
v 1.21278 0.15662 -0.67286
v 1.04511 0.16413 -0.71081
v 0.87645 0.13020 -0.71440
v 0.72331 0.05815 -0.68329
v 0.60069 -0.04498 -0.62052
v 0.52058 -0.16907 -0.53224
v 0.49083 -0.30200 -0.42709
v 0.51435 -0.43074 -0.31537
v 0.58884 -0.54270 -0.20800
v 0.70700 -0.62691 -0.11550
v 0.85728 -0.67514 -0.04693
v 1.02495 -0.68265 -0.00898
v 1.19361 -0.64872 -0.00539
v 1.34675 -0.57667 -0.03650
v 1.46938 -0.47355 -0.09927
v 1.54948 -0.34945 -0.18755
v 1.56884 -0.16809 -0.23259
v 1.54434 -0.03513 -0.33904
v 1.46881 0.08135 -0.44072
v 1.34965 0.16996 -0.52767
v 1.19851 0.22200 -0.59138
v 1.03019 0.23240 -0.62562
v 0.86117 0.20012 -0.62704
v 0.70800 0.12834 -0.59549
v 0.58566 0.02408 -0.53406
v 0.50613 -0.10246 -0.44878
v 0.47720 -0.23889 -0.34797
v 0.50170 -0.37185 -0.24153
v 0.57722 -0.48834 -0.13985
v 0.69639 -0.57694 -0.05290
v 0.84753 -0.62898 0.01081
v 1.01584 -0.63938 0.04505
v 1.18486 -0.60711 0.04647
v 1.33804 -0.53533 0.01492
v 1.46038 -0.43106 -0.04651
v 1.53991 -0.30452 -0.13179
v 1.56063 -0.12345 -0.17319
v 1.53545 0.01291 -0.27509
v 1.45914 0.13329 -0.37151
v 1.33918 0.22591 -0.45301
v 1.18731 0.28171 -0.51161
v 1.01840 0.29521 -0.54158
v 0.84899 0.26511 -0.53999
v 0.69565 0.19435 -0.50698
v 0.57339 0.08985 -0.44579
v 0.49419 -0.03816 -0.36242
v 0.46579 -0.17715 -0.26501
v 0.49098 -0.31350 -0.16311
v 0.56729 -0.43388 -0.06669
v 0.68724 -0.52650 0.01481
v 0.83911 -0.58230 0.07341
v 1.00802 -0.59580 0.10338
v 1.17744 -0.56570 0.10178
v 1.33078 -0.49494 0.06878
v 1.45303 -0.39044 0.00759
v 1.53224 -0.26243 -0.07579
v 1.55473 -0.08165 -0.11443
v 1.52912 0.05726 -0.21270
v 1.45231 0.18088 -0.30452
v 1.33180 0.27708 -0.38089
v 1.17939 0.33647 -0.43433
v 1.01001 0.35322 -0.45963
v 0.84023 0.32570 -0.45430
v 0.68668 0.25660 -0.41886
v 0.56437 0.15268 -0.35678
v 0.48529 0.02412 -0.27414
v 0.45718 -0.11650 -0.17903
v 0.48279 -0.25542 -0.08076
v 0.55960 -0.37903 0.01106
v 0.68011 -0.47524 0.08742
v 0.83252 -0.53463 0.14087
v 1.00190 -0.55138 0.16617
v 1.17168 -0.52386 0.16084
v 1.32524 -0.45476 0.12540
v 1.44754 -0.35084 0.06332
v 1.52662 -0.22228 -0.01932
v 1.55118 -0.04179 -0.05614
v 1.52538 0.09886 -0.15186
v 1.44830 0.22502 -0.23992
v 1.32749 0.32433 -0.31169
v 1.17477 0.38708 -0.36016
v 1.00508 0.40713 -0.38057
v 0.83505 0.38250 -0.37093
v 0.68131 0.31562 -0.33218
v 0.55891 0.21302 -0.26812
v 0.47984 0.08476 -0.18501
v 0.45183 -0.05661 -0.09099
v 0.47762 -0.19726 0.00473
v 0.55470 -0.32342 0.09279
v 0.67551 -0.42273 0.16456
v 0.82824 -0.48548 0.21303
v 0.99792 -0.50553 0.23344
v 1.16795 -0.48090 0.22380
v 1.32169 -0.41402 0.18505
v 1.44409 -0.31143 0.12099
v 1.52317 -0.18316 0.03788
v 1.54999 -0.00291 0.00194
v 1.52415 0.13864 -0.09243
v 1.44701 0.26662 -0.17775
v 1.32611 0.36851 -0.24567
v 1.17329 0.43432 -0.28955
v 1.00350 0.45762 -0.30508
v 0.83338 0.43612 -0.29075
v 0.67956 0.37193 -0.24796
v 0.55711 0.27134 -0.18089
v 0.47801 0.14418 -0.09612
v 0.45001 0.00291 -0.00194
v 0.47585 -0.13864 0.09243
v 0.55299 -0.26662 0.17775
v 0.67389 -0.36851 0.24567
v 0.82671 -0.43432 0.28955
v 0.99650 -0.45762 0.30508
v 1.16662 -0.43612 0.29075
v 1.32044 -0.37193 0.24796
v 1.44289 -0.27134 0.18089
v 1.52199 -0.14418 0.09612
v 1.55118 0.03591 0.06009
v 1.52536 0.17753 -0.03418
v 1.44826 0.30659 -0.11791
v 1.32743 0.41046 -0.18289
v 1.17469 0.47896 -0.22277
v 1.00500 0.50539 -0.23364
v 0.83497 0.48717 -0.21444
v 0.68124 0.42608 -0.16705
v 0.55886 0.32810 -0.09611
v 0.47981 0.20281 -0.00855
v 0.45183 0.06249 0.08704
v 0.47765 -0.07913 0.18131
v 0.55475 -0.20819 0.26504
v 0.67558 -0.31205 0.33002
v 0.82831 -0.38056 0.36990
v 0.99800 -0.40699 0.38077
v 1.16803 -0.38877 0.36157
v 1.32176 -0.32768 0.31418
v 1.44414 -0.22970 0.24324
v 1.52319 -0.10441 0.15568
v 1.55474 0.07563 0.11860
v 1.52888 0.21646 0.02316
v 1.45184 0.34581 -0.06018
v 1.33115 0.45100 -0.12327
v 1.17863 0.52174 -0.15993
v 1.00921 0.55111 -0.16657
v 0.83947 0.53623 -0.14254
v 0.68602 0.47856 -0.09020
v 0.56390 0.38374 -0.01467
v 0.48504 0.26106 0.07667
v 0.45718 0.12252 0.17486
v 0.48303 -0.01831 0.27030
v 0.56007 -0.14765 0.35364
v 0.68076 -0.25284 0.41673
v 0.83328 -0.32358 0.45339
v 1.00270 -0.35295 0.46003
v 1.17245 -0.33807 0.43600
v 1.32589 -0.28040 0.38366
v 1.44802 -0.18559 0.30813
v 1.52687 -0.06291 0.21679
v 1.56065 0.11723 0.17770
v 1.53462 0.25638 0.07989
v 1.45754 0.38516 -0.00430
v 1.33697 0.49094 -0.06662
v 1.18471 0.56338 -0.10097
v 1.01567 0.59539 -0.10399
v 0.84638 0.58382 -0.07538
v 0.69342 0.52982 -0.01795
v 0.57176 0.43867 0.06269
v 0.49332 0.31929 0.15863
v 0.46577 0.18337 0.26050
v 0.49181 0.04421 0.35832
v 0.56888 -0.08457 0.44250
v 0.68945 -0.19035 0.50482
v 0.84171 -0.26279 0.53917
v 1.01076 -0.29479 0.54219
v 1.18005 -0.28323 0.51359
v 1.33300 -0.22923 0.45615
v 1.45466 -0.13808 0.37552
v 1.53310 -0.01870 0.27957
v 1.56888 0.16167 0.23755
v 1.54244 0.29824 0.13625
v 1.46515 0.42553 0.05003
v 1.34458 0.53109 -0.01267
v 1.19253 0.60458 -0.04571
v 1.02389 0.63881 -0.04587
v 0.85517 0.63043 -0.01312
v 0.70287 0.58025 0.04933
v 0.58192 0.49320 0.13537
v 0.50414 0.37779 0.23657
v 0.47715 0.24531 0.34302
v 0.50360 0.10875 0.44432
v 0.58089 -0.01855 0.53053
v 0.70146 -0.12411 0.59323
v 0.85350 -0.19760 0.62628
v 1.02214 -0.23183 0.62643
v 1.19087 -0.22345 0.59369
v 1.34316 -0.17327 0.53124
v 1.46412 -0.08622 0.44520
v 1.54190 0.02919 0.34400
v 1.57932 0.20994 0.29816
v 1.55219 0.34297 0.19243
v 1.47442 0.46780 0.10310
v 1.35365 0.57222 0.03891
v 1.20169 0.64601 0.00613
v 1.03342 0.68194 0.00798
v 0.86530 0.67649 0.04428
v 0.71380 0.63020 0.11148
v 0.59374 0.54760 0.20299
v 0.51688 0.43678 0.30986
v 0.49074 0.30858 0.42163
v 0.51787 0.17555 0.52736
v 0.59564 0.05072 0.61669
v 0.71641 -0.05370 0.68089
v 0.86837 -0.12749 0.71366
v 1.03665 -0.16341 0.71181
v 1.20476 -0.15797 0.67551
v 1.35627 -0.11168 0.60831
v 1.47632 -0.02908 0.51680
v 1.55318 0.08174 0.40993
v 1.59179 0.26301 0.35943
v 1.56366 0.39153 0.24851
v 1.48513 0.51287 0.15512
v 1.36389 0.61514 0.08839
v 1.21181 0.68834 0.05487
v 1.04377 0.72531 0.05783
v 0.87623 0.72242 0.09698
v 0.72559 0.67996 0.16849
v 0.60658 0.60209 0.26535
v 0.53086 0.49642 0.37810
v 0.50585 0.37330 0.49568
v 0.53398 0.24478 0.60660
v 0.61251 0.12345 0.69999
v 0.73375 0.02117 0.76672
v 0.88582 -0.05203 0.80024
v 1.05386 -0.08900 0.79728
v 1.22140 -0.08611 0.75813
v 1.37205 -0.04365 0.68662
v 1.49105 0.03422 0.58976
v 1.56677 0.13989 0.47701
v 1.60597 0.32180 0.42107
v 1.57656 0.44483 0.30442
v 1.49696 0.56158 0.20621
v 1.37497 0.66062 0.13606
v 1.22253 0.73225 0.10085
v 1.05455 0.76947 0.10401
v 0.88749 0.76863 0.14524
v 0.73769 0.72981 0.22050
v 0.61982 0.65681 0.32242
v 0.54541 0.55678 0.44103
v 0.52176 0.43952 0.56472
v 0.55117 0.31648 0.68138
v 0.63076 0.19973 0.77959
v 0.75275 0.10070 0.84974
v 0.90520 0.02906 0.88495
v 1.07317 -0.00816 0.88179
v 1.24024 -0.00732 0.84056
v 1.39004 0.03150 0.76530
v 1.50791 0.10450 0.66338
v 1.58231 0.20453 0.54476
v 1.62141 0.38713 0.48269
v 1.59050 0.50372 0.35996
v 1.50958 0.61477 0.25638
v 1.38656 0.70942 0.18208
v 1.23349 0.77840 0.14435
v 1.06536 0.81495 0.14686
v 0.89862 0.81551 0.18939
v 0.74960 0.78001 0.26776
v 0.63287 0.71193 0.37430
v 0.55987 0.61793 0.49859
v 0.53775 0.50722 0.62845
v 0.56866 0.39064 0.75118
v 0.64959 0.27958 0.85476
v 0.77260 0.18494 0.92906
v 0.92567 0.11596 0.96679
v 1.09380 0.07940 0.96428
v 1.26054 0.07885 0.92175
v 1.40957 0.11435 0.84338
v 1.52629 0.18243 0.73684
v 1.59929 0.27642 0.61255
v 1.63753 0.45973 0.54372
v 1.60497 0.56896 0.41481
v 1.52252 0.67321 0.30551
v 1.39825 0.76227 0.22653
v 1.24434 0.82742 0.18560
v 1.07583 0.86229 0.18672
v 0.90923 0.86346 0.22979
v 0.76085 0.83082 0.31059
v 0.64521 0.76757 0.42121
v 0.57363 0.67989 0.55082
v 0.55312 0.57636 0.68674
v 0.58568 0.46713 0.81566
v 0.66813 0.36289 0.92495
v 0.79239 0.27383 1.00393
v 0.94631 0.20868 1.04486
v 1.11481 0.17381 1.04374
v 1.28141 0.17264 1.00067
v 1.42979 0.20528 0.91987
v 1.54543 0.26853 0.80925
v 1.61701 0.35621 0.67964
v 1.65355 0.54017 0.60353
v 1.61930 0.64120 0.46851
v 1.53524 0.73757 0.35337
v 1.40959 0.81983 0.26937
v 1.25465 0.87994 0.22474
v 1.08559 0.91201 0.22385
v 0.91896 0.91291 0.26679
v 0.77106 0.88254 0.34934
v 0.65638 0.82388 0.46344
v 0.58614 0.74267 0.59791
v 0.56722 0.64686 0.73959
v 0.60146 0.54582 0.87460
v 0.68552 0.44946 0.98975
v 0.81117 0.36719 1.07375
v 0.96611 0.30708 1.11837
v 1.13517 0.27501 1.11927
v 1.30181 0.27411 1.07633
v 1.44970 0.30448 0.99378
v 1.56438 0.36314 0.87968
v 1.63462 0.44436 0.74521
v 1.66857 0.62881 0.66140
v 1.63272 0.72090 0.52054
v 1.54707 0.80838 0.39961
v 1.42001 0.88268 0.31046
v 1.26398 0.93651 0.26181
v 1.09425 0.96463 0.25844
v 0.92743 0.96427 0.30065
v 0.77986 0.93546 0.38434
v 0.66597 0.88104 0.50129
v 0.59692 0.80631 0.64007
v 0.57947 0.71861 0.78709
v 0.61532 0.62652 0.92796
v 0.70097 0.53904 1.04889
v 0.82802 0.46475 1.13803
v 0.98405 0.41091 1.18668
v 1.15379 0.38279 1.19006
v 1.32060 0.38316 1.14784
v 1.46818 0.41196 1.06416
v 1.58207 0.46639 0.94720
v 1.65111 0.54111 0.80842
v 1.68157 0.72582 0.71659
v 1.64431 0.80836 0.57027
v 1.55724 0.88604 0.44380
v 1.42889 0.95125 0.34955
v 1.27181 0.99761 0.29675
v 1.10138 1.02059 0.29057
v 0.93429 1.01793 0.33162
v 0.78689 0.98989 0.41587
v 0.67362 0.93922 0.53508
v 0.60555 0.87088 0.67759
v 0.58935 0.79156 0.82943
v 0.62661 0.70902 0.97575
v 0.71368 0.63134 1.10223
v 0.84204 0.56613 1.19647
v 0.99911 0.51977 1.24927
v 1.16954 0.49679 1.25545
v 1.33663 0.49946 1.21440
v 1.48403 0.52749 1.13015
v 1.59730 0.57816 1.01094
v 1.66537 0.64650 0.86844
v 1.69144 0.83116 0.76835
v 1.65308 0.90366 0.61708
v 1.56488 0.97075 0.48544
v 1.43547 1.02586 0.38630
v 1.27752 1.06360 0.32939
v 1.10650 1.08027 0.32026
v 0.93914 1.07425 0.35982
v 0.79182 1.04611 0.44418
v 0.67897 0.99862 0.56510
v 0.61163 0.93643 0.71073
v 0.59640 0.86562 0.86682
v 0.63476 0.79312 1.01809
v 0.72296 0.72603 1.14973
v 0.85237 0.67092 1.24887
v 1.01032 0.63318 1.30578
v 1.18134 0.61651 1.31491
v 1.34871 0.62253 1.27535
v 1.49602 0.65067 1.19099
v 1.60887 0.69816 1.07007
v 1.67621 0.76035 0.92444
v 1.69702 0.94454 0.81597
v 1.65796 1.00666 0.66033
v 1.56904 1.06252 0.52400
v 1.43896 1.10664 0.42035
v 1.28047 1.13470 0.35950
v 1.10906 1.14397 0.34743
v 0.94153 1.13353 0.38531
v 0.79427 1.10440 0.46943
v 0.68169 1.05944 0.59156
v 0.61482 1.00305 0.73975
v 0.60020 0.94074 0.89948
v 0.63927 0.87862 1.05513
v 0.72819 0.82277 1.19145
v 0.85826 0.77865 1.29511
v 1.01676 0.75058 1.35595
v 1.18817 0.74132 1.36803
v 1.35570 0.75176 1.33015
v 1.50296 0.78088 1.24602
v 1.61553 0.82584 1.12389
v 1.68240 0.88224 0.97571
v 1.69715 1.06547 0.85880
v 1.65786 1.11702 0.69940
v 1.56874 1.16115 0.55897
v 1.43850 1.19353 0.45125
v 1.27991 1.21100 0.38681
v 1.10848 1.21185 0.37193
v 0.94099 1.19598 0.40808
v 0.79384 1.16497 0.49172
v 0.68143 1.12184 0.61466
v 0.61477 1.07081 0.76487
v 0.60038 1.01688 0.92765
v 0.63967 0.96533 1.08705
v 0.72879 0.92121 1.22748
v 0.85902 0.88882 1.33519
v 1.01761 0.87135 1.39964
v 1.18904 0.87051 1.41452
v 1.35653 0.88637 1.37837
v 1.50368 0.91738 1.29473
v 1.61609 0.96052 1.17179
v 1.68275 1.01154 1.02158
v 1.69067 1.19325 0.89626
v 1.65169 1.23418 0.73373
v 1.56298 1.26624 0.58981
v 1.43321 1.28631 0.47860
v 1.27509 1.29240 0.41097
v 1.10411 1.28393 0.39355
v 0.93699 1.26172 0.42804
v 0.79010 1.22795 0.51107
v 0.67782 1.18593 0.63450
v 0.61112 1.13977 0.78626
v 0.59656 1.09398 0.95150
v 0.63554 1.05305 1.11403
v 0.72426 1.02099 1.25794
v 0.85402 1.00093 1.36916
v 1.01214 0.99483 1.43679
v 1.18312 1.00330 1.45421
v 1.35024 1.02551 1.41972
v 1.49713 1.05928 1.33669
v 1.60942 1.10130 1.21326
v 1.67611 1.14746 1.06149
v 1.67654 1.32700 0.92786
v 1.63842 1.35739 0.76283
v 1.55078 1.37721 0.61607
v 1.42219 1.38454 0.50196
v 1.26524 1.37864 0.43166
v 1.09529 1.36010 0.41205
v 0.92898 1.33073 0.44505
v 0.78259 1.29340 0.52744
v 0.67045 1.25178 0.65114
v 0.60353 1.20993 0.80405
v 0.58838 1.17196 0.97120
v 0.62650 1.14157 1.13623
v 0.71414 1.12174 1.28298
v 0.84273 1.11442 1.39710
v 0.99968 1.12032 1.46740
v 1.16963 1.13886 1.48701
v 1.33594 1.16823 1.45400
v 1.48234 1.20556 1.37162
v 1.59448 1.24718 1.24792
v 1.66140 1.28903 1.09501
v 1.65377 1.46569 0.95318
v 1.61710 1.48573 0.78626
v 1.53124 1.49329 0.63732
v 1.40460 1.48762 0.52095
v 1.24958 1.46929 0.44854
v 1.08135 1.44008 0.42718
v 0.91638 1.40285 0.45896
v 0.77082 1.36125 0.54076
v 0.65891 1.31936 0.66458
v 0.59161 1.28126 0.81831
v 0.57551 1.25070 0.98688
v 0.61219 1.23066 1.15381
v 0.69804 1.22310 1.30274
v 0.82468 1.22877 1.41911
v 0.97970 1.24710 1.49152
v 1.14793 1.27631 1.51288
v 1.31290 1.31354 1.48111
v 1.45847 1.35514 1.39930
v 1.57037 1.39703 1.27548
v 1.63767 1.43513 1.12176
v 1.62152 1.60816 0.97193
v 1.58686 1.61815 0.80368
v 1.50351 1.61355 0.65320
v 1.37965 1.59481 0.53523
v 1.22739 1.56376 0.46131
v 1.06164 1.52345 0.43868
v 0.89862 1.47781 0.46956
v 0.75429 1.43133 0.55092
v 0.64278 1.38854 0.67479
v 0.57500 1.35364 0.82906
v 0.55759 1.33004 0.99862
v 0.59226 1.32005 1.16688
v 0.67560 1.32465 1.31735
v 0.79946 1.34339 1.43533
v 0.95172 1.37444 1.50924
v 1.11748 1.41475 1.53187
v 1.28049 1.46038 1.50100
v 1.42482 1.50687 1.41964
v 1.53633 1.54965 1.29576
v 1.60411 1.58456 1.14149
v 1.57907 1.75314 0.98389
v 1.54697 1.75345 0.81483
v 1.46688 1.73693 0.66343
v 1.34664 1.70518 0.54450
v 1.19801 1.66132 0.46969
v 1.03555 1.60964 0.44632
v 0.87515 1.55520 0.47667
v 0.73253 1.50333 0.55778
v 0.62164 1.45911 0.68171
v 0.55333 1.42686 0.83632
v 0.53430 1.40974 1.00648
v 0.56640 1.40943 1.17554
v 0.64649 1.42596 1.32694
v 0.76673 1.45770 1.44587
v 0.91536 1.50156 1.52068
v 1.07782 1.55324 1.54405
v 1.23822 1.60768 1.51370
v 1.38084 1.65955 1.43259
v 1.49173 1.70378 1.30866
v 1.56004 1.73602 1.15405
v 1.52588 1.89931 0.98890
v 1.49687 1.89038 0.81952
v 1.42075 1.86227 0.66778
v 1.30497 1.81772 0.54853
v 1.16086 1.76111 0.47344
v 1.00253 1.69796 0.44987
v 0.84548 1.63447 0.48011
v 0.70508 1.57684 0.56122
v 0.59508 1.53073 0.68525
v 0.52624 1.50063 0.84006
v 0.50530 1.48950 1.01050
v 0.53431 1.49843 1.17987
v 0.61043 1.52655 1.33162
v 0.72621 1.57109 1.45087
v 0.87032 1.62771 1.52596
v 1.02865 1.69085 1.54953
v 1.18570 1.75435 1.51929
v 1.32610 1.81197 1.43818
v 1.43610 1.85809 1.31415
v 1.50494 1.88818 1.15934
v 1.46154 2.04528 0.98692
v 1.43611 2.02760 0.81765
v 1.36466 1.98833 0.66612
v 1.25417 1.93132 0.54715
v 1.11547 1.86216 0.47239
v 0.96213 1.78760 0.44915
v 0.80916 1.71496 0.47973
v 0.67154 1.65134 0.56111
v 0.56273 1.60297 0.68533
v 0.49339 1.57458 0.84024
v 0.47031 1.56895 1.01067
v 0.49574 1.58664 1.17994
v 0.56719 1.62591 1.33147
v 0.67768 1.68291 1.45044
v 0.81638 1.75208 1.52520
v 0.96972 1.82663 1.54844
v 1.12269 1.89927 1.51786
v 1.26031 1.96289 1.43648
v 1.36912 2.01127 1.31226
v 1.43846 2.03966 1.15735
v 1.38582 2.18965 0.97794
v 1.36443 2.16373 0.80918
v 1.29830 2.11381 0.65836
v 1.19392 2.04479 0.54024
v 1.06150 1.96342 0.46640
v 0.91399 1.87767 0.44405
v 0.76585 1.79593 0.47538
v 0.63156 1.72619 0.55733
v 0.52428 1.67530 0.68188
v 0.45451 1.64822 0.83683
v 0.42908 1.64762 1.00702
v 0.45047 1.67354 1.17578
v 0.51659 1.72346 1.32660
v 0.62097 1.79248 1.44471
v 0.75340 1.87385 1.51856
v 0.90090 1.95960 1.54091
v 1.04905 2.04135 1.50958
v 1.18333 2.11108 1.42763
v 1.29061 2.16197 1.30308
v 1.36038 2.18905 1.14813
v 1.29864 2.33101 0.96204
v 1.28171 2.29739 0.79413
v 1.22155 2.23740 0.64449
v 1.12403 2.15691 0.52777
v 0.99872 2.06380 0.45540
v 0.85787 1.96719 0.43445
v 0.71528 1.87653 0.46698
v 0.58490 1.80070 0.54981
v 0.47949 1.74711 0.67482
v 0.40937 1.72102 0.82978
v 0.38141 1.72498 0.99953
v 0.39834 1.75861 1.16744
v 0.45850 1.81860 1.31708
v 0.55602 1.89909 1.43380
v 0.68133 1.99219 1.50617
v 0.82218 2.08881 1.52712
v 0.96477 2.17947 1.49459
v 1.09515 2.25530 1.41176
v 1.20056 2.30888 1.28675
v 1.27068 2.33497 1.13179
v 1.20010 2.46797 0.93934
v 1.18802 2.42721 0.77260
v 1.13439 2.35776 0.62457
v 1.04447 2.26643 0.50974
v 0.92706 2.16216 0.43936
v 0.79365 2.05516 0.42032
v 0.65731 1.95589 0.45447
v 0.53137 1.87408 0.53847
v 0.42817 1.81773 0.66411
v 0.35780 1.79236 0.81908
v 0.32716 1.80045 0.98821
v 0.33925 1.84121 1.15496
v 0.39287 1.91066 1.30298
v 0.48279 2.00199 1.41781
v 0.60020 2.10626 1.48819
v 0.73361 2.21326 1.50724
v 0.86996 2.31253 1.47309
v 0.99590 2.39434 1.38908
v 1.09910 2.45069 1.26344
v 1.16946 2.47606 1.10847
v 1.09044 2.59916 0.91000
v 1.08356 2.55182 0.74470
v 1.03701 2.47358 0.59868
v 0.95535 2.37212 0.48622
v 0.84658 2.25735 0.41832
v 0.72134 2.14053 0.40165
v 0.59190 2.03307 0.43782
v 0.47092 1.94550 0.52330
v 0.37025 1.88640 0.64972
v 0.29973 1.86154 0.80471
v 0.26628 1.87337 0.97309
v 0.27317 1.92071 1.13838
v 0.31972 1.99895 1.28441
v 0.40138 2.10041 1.39687
v 0.51015 2.21517 1.46476
v 0.63538 2.33200 1.48144
v 0.76483 2.43946 1.44527
v 0.88581 2.52702 1.35979
v 0.98648 2.58613 1.23336
v 1.05699 2.61099 1.07838
v 0.97005 2.72328 0.87423
v 0.96869 2.66991 0.71064
v 0.92971 2.58359 0.56698
v 0.85693 2.47274 0.45731
v 0.75747 2.34824 0.39236
v 0.64108 2.22226 0.37849
v 0.51914 2.10713 0.41707
v 0.40359 2.01413 0.50431
v 0.30575 1.95236 0.63167
v 0.23518 1.92786 0.78669
v 0.19880 1.94304 0.95419
v 0.20016 1.99640 1.11778
v 0.23915 2.08273 1.26144
v 0.31193 2.19357 1.37111
v 0.41138 2.31808 1.43606
v 0.52777 2.44406 1.44993
v 0.64971 2.55919 1.41135
v 0.76526 2.65219 1.32411
v 0.86311 2.71396 1.19675
v 0.93367 2.73845 1.04173
v 0.83947 2.83906 0.83228
v 0.84392 2.78025 0.67063
v 0.81295 2.68655 0.52966
v 0.74961 2.56714 0.42317
v 0.66008 2.43371 0.36159
v 0.55313 2.29933 0.35094
v 0.43924 2.17713 0.39227
v 0.32954 2.07910 0.48153
v 0.23479 2.01481 0.60998
v 0.16424 1.99058 0.76505
v 0.12482 2.00876 0.93156
v 0.12037 2.06757 1.09321
v 0.15134 2.16127 1.23418
v 0.21468 2.28068 1.34067
v 0.30421 2.41411 1.40225
v 0.41116 2.54849 1.41290
v 0.52505 2.67069 1.37157
v 0.63475 2.76872 1.28232
v 0.72951 2.83300 1.15387
v 0.80005 2.85724 0.99880
v 0.69937 2.94534 0.78444
v 0.70990 2.88164 0.62493
v 0.68735 2.78131 0.48696
v 0.63393 2.65419 0.38401
v 0.55486 2.51272 0.32618
v 0.45789 2.37074 0.31912
v 0.35251 2.24215 0.36352
v 0.24904 2.13955 0.45504
v 0.15759 2.07297 0.58471
v 0.08713 2.04892 0.73985
v 0.04455 2.06978 0.90527
v 0.03402 2.13348 1.06477
v 0.05657 2.23381 1.20275
v 0.11000 2.36093 1.30569
v 0.18906 2.50240 1.36353
v 0.28603 2.64438 1.37059
v 0.39141 2.77297 1.32619
v 0.49489 2.87557 1.23467
v 0.58633 2.94215 1.10499
v 0.65679 2.96620 0.94986
v 0.55053 3.04103 0.73100
v 0.56739 2.97300 0.57384
v 0.55361 2.86681 0.43913
v 0.51055 2.73286 0.34006
v 0.44241 2.58427 0.28633
v 0.35587 2.43557 0.28320
v 0.25940 2.30132 0.33096
v 0.16245 2.19466 0.42495
v 0.07449 2.12603 0.55597
v 0.00415 2.10216 0.71119
v -0.04169 2.12537 0.87542
v -0.05854 2.19340 1.03258
v -0.04476 2.29959 1.16728
v -0.00170 2.43354 1.26635
v 0.06644 2.58213 1.32008
v 0.15298 2.73083 1.32322
v 0.24944 2.86508 1.27545
v 0.34640 2.97174 1.18146
v 0.43435 3.04037 1.05044
v 0.50469 3.06424 0.89522
v 0.39387 3.12512 0.67229
v 0.41728 3.05333 0.51766
v 0.41258 2.94206 0.38648
v 0.38024 2.80220 0.29159
v 0.32342 2.64744 0.24228
v 0.24769 2.49293 0.24337
v 0.16045 2.35379 0.29476
v 0.07026 2.24364 0.39142
v -0.01408 2.17327 0.52388
v -0.08429 2.14956 0.67919
v -0.13350 2.17484 0.84213
v -0.15691 2.24662 0.99675
v -0.15221 2.35789 1.12794
v -0.11987 2.49775 1.22283
v -0.06305 2.65251 1.27214
v 0.01268 2.80702 1.27105
v 0.09992 2.94616 1.21966
v 0.19011 3.05631 1.12300
v 0.27445 3.12668 0.99054
v 0.34466 3.15039 0.83523
v 0.23040 3.19673 0.60868
v 0.26055 3.12176 0.45675
v 0.26520 3.00620 0.32933
v 0.24389 2.86137 0.23889
v 0.19870 2.70143 0.19429
v 0.13407 2.54205 0.19988
v 0.05631 2.39883 0.25512
v -0.02696 2.28578 0.35460
v -0.10760 2.21398 0.48859
v -0.17770 2.19045 0.64397
v -0.23040 2.21749 0.80553
v -0.26055 2.29246 0.95746
v -0.26520 2.40801 1.08488
v -0.24389 2.55285 1.17532
v -0.19870 2.71278 1.21993
v -0.13407 2.87216 1.21434
v -0.05631 3.01539 1.15910
v 0.02696 3.12843 1.05961
v 0.10760 3.20023 0.92562
v 0.17770 3.22377 0.77024
v 0.06121 3.25508 0.54053
v 0.09829 3.17751 0.39147
v 0.11250 3.05847 0.26803
v 0.10245 2.90961 0.18229
v 0.06914 2.74551 0.14264
v 0.01581 2.58223 0.15297
v -0.05231 2.43575 0.21226
v -0.12855 2.32042 0.31471
v -0.20545 2.24751 0.45029
v -0.27548 2.22418 0.60573
v -0.33179 2.25269 0.76581
v -0.36887 2.33027 0.91487
v -0.38308 2.44931 1.03831
v -0.37303 2.59817 1.12405
v -0.33972 2.76227 1.16370
v -0.28639 2.92555 1.15337
v -0.21827 3.07202 1.09409
v -0.14203 3.18736 0.99164
v -0.06513 3.26026 0.85606
v 0.00490 3.28360 0.70062
v -0.11251 3.29954 0.46824
v -0.06836 3.21994 0.32221
v -0.04442 3.09823 0.20295
v -0.04302 2.94632 0.12213
v -0.06431 2.77908 0.08767
v -0.10619 2.61287 0.10294
v -0.16458 2.46398 0.16644
v -0.23376 2.34697 0.27196
v -0.30694 2.27330 0.40918
v -0.37698 2.25018 0.56465
v -0.43701 2.27988 0.72316
v -0.48116 2.35947 0.86919
v -0.50511 2.48119 0.98845
v -0.50651 2.63310 1.06927
v -0.48522 2.80034 1.10373
v -0.44333 2.96654 1.08846
v -0.38494 3.11544 1.02496
v -0.31577 3.23244 0.91943
v -0.24258 3.30611 0.78222
v -0.17254 3.32923 0.62675
v -0.28953 3.32958 0.39222
v -0.23818 3.24855 0.24936
v -0.20438 3.12499 0.13446
v -0.19143 2.97100 0.05877
v -0.20060 2.80165 0.02969
v -0.23100 2.63351 0.05008
v -0.27965 2.48304 0.11794
v -0.34178 2.36498 0.22662
v -0.41132 2.29087 0.36548
v -0.48146 2.26798 0.52094
v -0.54533 2.29855 0.67778
v -0.59667 2.37957 0.82064
v -0.63048 2.50313 0.93554
v -0.64343 2.65712 1.01123
v -0.63425 2.82648 1.04030
v -0.60385 2.99462 1.01991
v -0.55521 3.14509 0.95206
v -0.49307 3.26315 0.84338
v -0.42353 3.33725 0.70451
v -0.35340 3.36014 0.54905
v -0.46855 3.34481 0.31288
v -0.40990 3.26296 0.17334
v -0.36617 3.13839 0.06297
v -0.34163 2.98329 -0.00742
v -0.33868 2.81286 -0.03093
v -0.35762 2.64376 -0.00528
v -0.39658 2.49255 0.06704
v -0.45176 2.37404 0.17893
v -0.51776 2.29982 0.31946
v -0.58811 2.27717 0.47486
v -0.65592 2.30828 0.62992
v -0.71457 2.39014 0.76946
v -0.75830 2.51470 0.87982
v -0.78284 2.66980 0.95021
v -0.78579 2.84024 0.97373
v -0.76685 3.00933 0.94807
v -0.72789 3.16054 0.87576
v -0.67271 3.27905 0.76386
v -0.60671 3.35327 0.62334
v -0.53636 3.37593 0.46794
v -0.64824 3.34498 0.23066
v -0.58223 3.26293 0.09457
v -0.52855 3.13818 -0.01111
v -0.49244 2.98297 -0.07603
v -0.47744 2.81247 -0.09385
v -0.48501 2.64339 -0.06280
v -0.51443 2.49226 0.01405
v -0.56280 2.37389 0.12920
v -0.62539 2.29986 0.27137
v -0.69608 2.27742 0.42665
v -0.76795 2.30876 0.57983
v -0.83396 2.39082 0.71592
v -0.88764 2.51557 0.82159
v -0.92375 2.67078 0.88652
v -0.93875 2.84128 0.90433
v -0.93118 3.01036 0.87329
v -0.90176 3.16149 0.79643
v -0.85339 3.27986 0.68128
v -0.79080 3.35388 0.53911
v -0.72011 3.37633 0.38384
v -0.82726 3.33000 0.14599
v -0.75386 3.24836 0.01349
v -0.69025 3.12429 -0.08736
v -0.64266 2.96993 -0.14669
v -0.61575 2.80039 -0.15867
v -0.61215 2.63228 -0.12215
v -0.63220 2.48203 -0.04069
v -0.67396 2.36437 0.07773
v -0.73333 2.29081 0.22151
v -0.80450 2.26854 0.37659
v -0.88051 2.29976 0.52779
v -0.95391 2.38140 0.66029
v -1.01752 2.50547 0.76114
v -1.06511 2.65983 0.82047
v -1.09202 2.82937 0.83245
v -1.09562 2.99749 0.79593
v -1.07557 3.14773 0.71447
v -1.03381 3.26539 0.59605
v -0.97444 3.33896 0.45227
v -0.90327 3.36122 0.29719
v -1.00425 3.29990 0.05934
v -0.92347 3.21932 -0.06946
v -0.85003 3.09676 -0.16536
v -0.79112 2.94422 -0.21897
v -0.75250 2.77664 -0.22503
v -0.73796 2.61042 -0.18295
v -0.74892 2.46183 -0.09686
v -0.78431 2.34542 0.02481
v -0.84066 2.27257 0.17017
v -0.91246 2.25043 0.32498
v -0.99268 2.28115 0.47408
v -1.07346 2.36174 0.60289
v -1.14690 2.48429 0.69879
v -1.20582 2.63683 0.75239
v -1.24443 2.80441 0.75845
v -1.25897 2.97063 0.71638
v -1.24801 3.11922 0.63029
v -1.21262 3.23564 0.50861
v -1.15627 3.30848 0.36325
v -1.08447 3.33063 0.20845
v -1.17788 3.25485 -0.02885
v -1.08976 3.17597 -0.15384
v -1.00663 3.05577 -0.24467
v -0.93662 2.90602 -0.29246
v -0.88658 2.74137 -0.29253
v -0.86142 2.57795 -0.24486
v -0.86360 2.43176 -0.15412
v -0.89291 2.31709 -0.02921
v -0.94646 2.24518 0.11767
v -1.01903 2.22307 0.27212
v -1.10352 2.25292 0.41903
v -1.19164 2.33180 0.54402
v -1.27477 2.45201 0.63485
v -1.34478 2.60176 0.68264
v -1.39481 2.76640 0.68271
v -1.41997 2.92982 0.63504
v -1.41779 3.07602 0.54430
v -1.38849 3.19068 0.41939
v -1.33493 3.26259 0.27252
v -1.26236 3.28470 0.11806
v -1.34682 3.19518 -0.11811
v -1.25146 3.11865 -0.23919
v -1.15883 3.00164 -0.32487
v -1.07801 2.85561 -0.36676
v -1.01691 2.69486 -0.36078
v -0.98151 2.53511 -0.30749
v -0.97528 2.39201 -0.21212
v -0.99882 2.27957 -0.08401
v -1.04982 2.20879 0.06431
v -1.12331 2.18659 0.21832
v -1.21208 2.21516 0.36293
v -1.30744 2.29169 0.48401
v -1.40007 2.40870 0.56969
v -1.48089 2.55473 0.61158
v -1.54198 2.71548 0.60560
v -1.57739 2.87523 0.55231
v -1.58362 3.01833 0.45695
v -1.56008 3.13077 0.32883
v -1.50907 3.20155 0.18051
v -1.43559 3.22375 0.02651
v -1.50980 3.12132 -0.20800
v -1.40733 3.04780 -0.32506
v -1.30548 2.93481 -0.40551
v -1.21421 2.79343 -0.44146
v -1.14246 2.63749 -0.42939
v -1.09726 2.48226 -0.37049
v -1.08302 2.34292 -0.27052
v -1.10115 2.23313 -0.13926
v -1.14986 2.16362 0.01043
v -1.22439 2.14121 0.16390
v -1.31745 2.16808 0.30613
v -1.41991 2.24161 0.42320
v -1.52177 2.35459 0.50364
v -1.61303 2.49597 0.53959
v -1.68478 2.65191 0.52752
v -1.72999 2.80715 0.46862
v -1.74422 2.94648 0.36865
v -1.72610 3.05627 0.23740
v -1.67739 3.12578 0.08771
v -1.60285 3.14819 -0.06576
v -1.66560 3.03387 -0.29803
v -1.55621 2.96400 -0.41102
v -1.44545 2.85586 -0.48617
v -1.34416 2.72002 -0.51613
v -1.26224 2.56978 -0.49798
v -1.20773 2.41985 -0.43348
v -1.18595 2.28491 -0.32895
v -1.19904 2.17816 -0.19462
v -1.24572 2.11005 -0.04365
v -1.32141 2.08725 0.10920
v -1.41871 2.11199 0.24895
v -1.52809 2.18185 0.36193
v -1.63885 2.29000 0.43708
v -1.74015 2.42583 0.46705
v -1.82206 2.57607 0.44889
v -1.87658 2.72600 0.38440
v -1.89836 2.86095 0.27987
v -1.88527 2.96770 0.14554
v -1.83859 3.03581 -0.00543
v -1.76290 3.05861 -0.15828
v -1.81306 2.93350 -0.38777
v -1.69701 2.86796 -0.49660
v -1.57772 2.76545 -0.56642
v -1.46688 2.63602 -0.59039
v -1.37535 2.49234 -0.56616
v -1.31207 2.34847 -0.49610
v -1.28324 2.21849 -0.38708
v -1.29169 2.11513 -0.24976
v -1.33659 2.04850 -0.09759
v -1.41354 2.02513 0.05454
v -1.51501 2.04731 0.19173
v -1.63107 2.11285 0.30057
v -1.75035 2.21536 0.37038
v -1.86119 2.34479 0.39435
v -1.95272 2.48847 0.37012
v -2.01600 2.63234 0.30007
v -2.04483 2.76232 0.19105
v -2.03638 2.86568 0.05373
v -1.99148 2.93231 -0.09844
v -1.91453 2.95568 -0.25057
v -1.95112 2.82105 -0.47674
v -1.82869 2.76045 -0.58138
v -1.70132 2.66436 -0.64584
v -1.58149 2.54218 -0.66382
v -1.48093 2.40586 -0.63355
v -1.40948 2.26876 -0.55800
v -1.37414 2.14428 -0.44457
v -1.37836 2.04462 -0.30435
v -1.42173 1.97954 -0.15108
v -1.50001 1.95539 0.00025
v -1.60553 1.97455 0.13482
v -1.72797 2.03514 0.23946
v -1.85533 2.13123 0.30392
v -1.97516 2.25341 0.32190
v -2.07572 2.38973 0.29163
v -2.14717 2.52684 0.21608
v -2.18252 2.65131 0.10265
v -2.17830 2.75097 -0.03757
v -2.13492 2.81606 -0.19085
v -2.05665 2.84021 -0.34218
v -2.07880 2.69740 -0.56452
v -1.95033 2.64240 -0.66492
v -1.81539 2.55347 -0.72403
v -1.68718 2.43933 -0.73605
v -1.57825 2.31114 -0.69980
v -1.49927 2.18146 -0.61883
v -1.45797 2.06298 -0.50108
v -1.45838 1.96729 -0.35806
v -1.50047 1.90377 -0.20377
v -1.58012 1.87863 -0.05333
v -1.68954 1.89433 0.07856
v -1.81800 1.94933 0.17896
v -1.95294 2.03826 0.23807
v -2.08115 2.15240 0.25009
v -2.19008 2.28059 0.21384
v -2.26906 2.41027 0.13287
v -2.31037 2.52875 0.01512
v -2.30996 2.62444 -0.12790
v -2.26786 2.68796 -0.28219
v -2.18821 2.71310 -0.43263
v -2.19522 2.56358 -0.65064
v -2.06113 2.51477 -0.74681
v -1.91917 2.43372 -0.80058
v -1.78325 2.32837 -0.80669
v -1.66666 2.20903 -0.76454
v -1.58082 2.08739 -0.67826
v -1.53414 1.97534 -0.55629
v -1.53117 1.88386 -0.41057
v -1.57221 1.82190 -0.25537
v -1.65325 1.79553 -0.10587
v -1.76635 1.80733 0.02328
v -1.90044 1.85615 0.11945
v -2.04239 1.93719 0.17322
v -2.17831 2.04254 0.17933
v -2.29490 2.16188 0.13718
v -2.38074 2.28353 0.05089
v -2.42743 2.39557 -0.07108
v -2.43040 2.48705 -0.21679
v -2.38935 2.54901 -0.37200
v -2.30831 2.57538 -0.52149
v -2.29960 2.42065 -0.73469
v -2.16035 2.37861 -0.82663
v -2.01201 2.30612 -0.87511
v -1.86910 2.21027 -0.87538
v -1.74561 2.10044 -0.82743
v -1.65363 1.98739 -0.73595
v -1.60216 1.88218 -0.60988
v -1.59624 1.79511 -0.46158
v -1.63645 1.73470 -0.30555
v -1.71885 1.70687 -0.15707
v -1.83539 1.71434 -0.03068
v -1.97464 1.75638 0.06126
v -2.12298 1.82887 0.10974
v -2.26589 1.92472 0.11002
v -2.38938 2.03455 0.06207
v -2.48136 2.14760 -0.02942
v -2.53283 2.25281 -0.15548
v -2.53875 2.33988 -0.30379
v -2.49854 2.40029 -0.45982
v -2.41614 2.42812 -0.60830
v -2.39132 2.26976 -0.81624
v -2.24741 2.23504 -0.90397
v -2.09336 2.17174 -0.94723
v -1.94424 2.08604 -0.94178
v -1.81465 1.98634 -0.88815
v -1.71727 1.88239 -0.79160
v -1.66163 1.78437 -0.66156
v -1.65319 1.70188 -0.51078
v -1.69277 1.64299 -0.35402
v -1.77649 1.61346 -0.20661
v -1.89616 1.61619 -0.08298
v -2.04006 1.65090 0.00475
v -2.19411 1.71420 0.04801
v -2.34323 1.79990 0.04256
v -2.47283 1.89960 -0.01107
v -2.57021 2.00355 -0.10763
v -2.62584 2.10157 -0.23766
v -2.63428 2.18406 -0.38844
v -2.59471 2.24295 -0.54521
v -2.51099 2.27248 -0.69262
v -2.46983 2.11209 -0.89488
v -2.32184 2.08521 -0.97847
v -2.16281 2.03167 -1.01661
v -2.00831 1.95673 -1.00555
v -1.87345 1.86770 -0.94639
v -1.77145 1.77332 -0.84491
v -1.71228 1.68281 -0.71105
v -1.70174 1.60504 -0.55792
v -1.74086 1.54761 -0.40049
v -1.82581 1.51616 -0.25418
v -1.94828 1.51376 -0.13332
v -2.09627 1.54064 -0.04973
v -2.25530 1.59417 -0.01160
v -2.40980 1.66912 -0.02265
v -2.54465 1.75814 -0.08182
v -2.64666 1.85253 -0.18329
v -2.70582 1.94304 -0.31715
v -2.71636 2.02081 -0.47029
v -2.67725 2.07823 -0.62772
v -2.59230 2.10969 -0.77402
v -2.53475 1.94888 -0.97023
v -2.38329 1.93029 -1.04975
v -2.22006 1.88706 -1.08288
v -2.06104 1.82340 -1.06638
v -1.92181 1.74555 -1.00185
v -1.81598 1.66113 -0.89562
v -1.75392 1.57840 -0.75808
v -1.74170 1.50547 -0.60271
v -1.78053 1.44947 -0.44470
v -1.86659 1.41588 -0.29952
v -1.99146 1.40799 -0.18139
v -2.14292 1.42657 -0.10186
v -2.30615 1.46981 -0.06873
v -2.46517 1.53347 -0.08524
v -2.60440 1.61132 -0.14977
v -2.71023 1.69574 -0.25600
v -2.77229 1.77847 -0.39353
v -2.78451 1.85140 -0.54891
v -2.74569 1.90740 -0.70692
v -2.65963 1.94099 -0.85210
v -2.58580 1.78137 -1.04189
v -2.43152 1.77149 -1.11746
v -2.26492 1.73901 -1.14574
v -2.10231 1.68711 -1.12396
v -1.95960 1.62087 -1.05426
v -1.85077 1.54677 -0.94347
v -1.78647 1.47206 -0.80241
v -1.77299 1.40407 -0.64492
v -1.81166 1.34944 -0.48639
v -1.89868 1.31352 -0.34235
v -2.02554 1.29983 -0.22689
v -2.17983 1.30971 -0.15133
v -2.34643 1.34219 -0.12305
v -2.50904 1.39409 -0.14483
v -2.65175 1.46034 -0.21452
v -2.76058 1.53444 -0.32532
v -2.82488 1.60914 -0.46637
v -2.83835 1.67713 -0.62387
v -2.79969 1.73176 -0.78240
v -2.71267 1.76768 -0.92644
v -2.62285 1.61082 -1.10951
v -2.46645 1.61000 -1.18126
v -2.29733 1.58868 -1.20486
v -2.13207 1.54893 -1.17803
v -1.98684 1.49467 -1.10338
v -1.87585 1.43119 -0.98822
v -1.80996 1.36471 -0.84382
v -1.79564 1.30173 -0.68432
v -1.83427 1.24843 -0.52533
v -1.92208 1.21002 -0.38242
v -2.05048 1.19026 -0.26957
v -2.20688 1.19108 -0.19783
v -2.37600 1.21241 -0.17422
v -2.54126 1.25215 -0.20105
v -2.68649 1.30642 -0.27570
v -2.79748 1.36990 -0.39086
v -2.86337 1.43638 -0.53526
v -2.87769 1.49935 -0.69476
v -2.83906 1.55265 -0.85375
v -2.75125 1.59106 -0.99666
v -2.64588 1.43848 -1.17274
v -2.48808 1.44700 -1.24083
v -2.31735 1.43715 -1.25998
v -2.15042 1.40989 -1.22833
v -2.00362 1.36791 -1.14897
v -1.89133 1.31529 -1.02966
v -1.82453 1.25721 -0.88210
v -1.80977 1.19933 -0.72072
v -1.84848 1.14733 -0.56132
v -1.93688 1.10630 -0.41951
v -2.06633 1.08025 -0.30916
v -2.22413 1.07173 -0.24107
v -2.39486 1.08158 -0.22192
v -2.56179 1.10883 -0.25358
v -2.70859 1.15082 -0.33294
v -2.82088 1.20343 -0.45224
v -2.88768 1.26152 -0.59980
v -2.90244 1.31940 -0.76118
v -2.86373 1.37140 -0.92058
v -2.77532 1.41243 -1.06239
v -2.65501 1.26557 -1.23125
v -2.49656 1.28363 -1.29587
v -2.32514 1.28550 -1.31082
v -2.15754 1.27099 -1.27461
v -2.01016 1.24152 -1.19081
v -1.89744 1.19997 -1.06762
v -1.83039 1.15041 -0.91709
v -1.81560 1.09770 -0.75395
v -1.85450 1.04698 -0.59418
v -1.94329 1.00324 -0.45342
v -2.07327 0.97074 -0.34544
v -2.23173 0.95268 -0.28082
v -2.40314 0.95081 -0.26588
v -2.57074 0.96532 -0.30208
v -2.71812 0.99480 -0.38588
v -2.83085 1.03634 -0.50907
v -2.89789 1.08590 -0.65961
v -2.91268 1.13862 -0.82274
v -2.87378 1.18933 -0.98251
v -2.78500 1.23307 -1.12327
v -2.65047 1.09328 -1.28472
v -2.49213 1.12103 -1.34611
v -2.32095 1.13477 -1.35712
v -2.15370 1.13317 -1.31668
v -2.00675 1.11637 -1.22874
v -1.89447 1.08603 -1.10192
v -1.82787 1.04511 -0.94862
v -1.81346 0.99762 -0.78385
v -1.85264 0.94820 -0.62375
v -1.94160 0.90170 -0.48398
v -2.07161 0.86267 -0.37822
v -2.22995 0.83492 -0.31683
v -2.40112 0.82118 -0.30582
v -2.56838 0.82278 -0.34626
v -2.71533 0.83958 -0.43420
v -2.82760 0.86992 -0.56102
v -2.89421 0.91084 -0.71432
v -2.90862 0.95833 -0.87909
v -2.86943 1.00774 -1.03919
v -2.78048 1.05424 -1.17896
v -2.63261 0.92276 -1.33285
v -2.47515 0.96024 -1.39126
v -2.30516 0.98593 -1.39866
v -2.13928 0.99732 -1.35432
v -1.99376 0.99329 -1.26257
v -1.88283 0.97424 -1.13241
v -1.81735 0.94204 -0.97657
v -1.80373 0.89983 -0.81031
v -1.84332 0.85175 -0.64989
v -1.93222 0.80250 -0.51104
v -2.06174 0.75690 -0.40732
v -2.21920 0.71943 -0.34891
v -2.38919 0.69374 -0.34151
v -2.55507 0.68235 -0.38586
v -2.70059 0.68637 -0.47760
v -2.81152 0.70542 -0.60776
v -2.87700 0.73763 -0.76360
v -2.89061 0.77984 -0.92987
v -2.85103 0.82792 -1.09028
v -2.76213 0.87717 -1.22914
v -2.60188 0.75510 -1.37537
v -2.44606 0.80227 -1.43109
v -2.27820 0.83988 -1.43523
v -2.11472 0.86426 -1.38736
v -1.97163 0.87301 -1.29217
v -1.86294 0.86530 -1.15899
v -1.79929 0.84185 -1.00085
v -1.78690 0.80499 -0.83322
v -1.82699 0.75830 -0.67252
v -1.91564 0.70636 -0.53448
v -2.04417 0.65426 -0.43261
v -2.19999 0.60710 -0.37688
v -2.36785 0.56949 -0.37275
v -2.53133 0.54511 -0.42062
v -2.67442 0.53635 -0.51581
v -2.78311 0.54407 -0.64899
v -2.84676 0.56751 -0.80713
v -2.85915 0.60438 -0.97476
v -2.81906 0.65107 -1.13546
v -2.73041 0.70300 -1.27350
v -2.55886 0.59133 -1.41200
v -2.40542 0.64805 -1.46536
v -2.24059 0.69746 -1.46661
v -2.08052 0.73473 -1.41563
v -1.94087 0.75621 -1.31740
v -1.83532 0.75980 -1.18155
v -1.77420 0.74514 -1.02136
v -1.76348 0.71367 -0.85252
v -1.80422 0.66847 -0.69157
v -1.89243 0.61396 -0.55424
v -2.01948 0.55549 -0.45399
v -2.17293 0.49877 -0.40062
v -2.33775 0.44935 -0.39937
v -2.49782 0.41208 -0.45036
v -2.63747 0.39060 -0.54858
v -2.74302 0.38702 -0.68444
v -2.80415 0.40168 -0.84462
v -2.81486 0.43315 -1.01346
v -2.77412 0.47835 -1.17442
v -2.68591 0.53285 -1.31175
v -2.50420 0.43239 -1.44250
v -2.35383 0.49844 -1.49385
v -2.19293 0.55944 -1.49264
v -2.03725 0.60941 -1.43899
v -1.90203 0.64347 -1.33815
v -1.80052 0.65828 -1.20000
v -1.74263 0.65238 -1.03806
v -1.73405 0.62637 -0.86818
v -1.77560 0.58278 -0.70698
v -1.86323 0.52588 -0.57026
v -1.98836 0.46124 -0.47138
v -2.13873 0.39519 -0.42003
v -2.29963 0.33419 -0.42125
v -2.45530 0.28421 -0.47489
v -2.59052 0.25016 -0.57573
v -2.69204 0.23535 -0.71388
v -2.74992 0.24124 -0.87582
v -2.75851 0.26726 -1.04570
v -2.71695 0.31085 -1.20690
v -2.62932 0.36775 -1.34363
v -2.43864 0.27915 -1.46664
v -2.29199 0.35422 -1.51634
v -2.13586 0.42648 -1.51312
v -1.98552 0.48887 -1.45729
v -1.85569 0.53528 -1.35432
v -1.75909 0.56116 -1.21429
v -1.70516 0.56399 -1.05091
v -1.69920 0.54348 -0.88016
v -1.74177 0.50165 -0.71876
v -1.82872 0.44258 -0.58252
v -1.95152 0.37207 -0.48476
v -2.09817 0.29700 -0.43506
v -2.25431 0.22474 -0.43828
v -2.40465 0.16235 -0.49411
v -2.53447 0.11594 -0.59708
v -2.63108 0.09006 -0.73711
v -2.68500 0.08723 -0.90050
v -2.69097 0.10774 -1.07125
v -2.64840 0.14957 -1.23264
v -2.56145 0.20864 -1.36888
v -2.36302 0.13241 -1.48421
v -2.22067 0.21607 -1.53265
v -2.07007 0.29918 -1.52790
v -1.92596 0.37361 -1.47041
v -1.80245 0.43205 -1.36582
v -1.71163 0.46881 -1.22436
v -1.66239 0.48027 -1.05987
v -1.65954 0.46531 -0.88847
v -1.70338 0.42541 -0.72692
v -1.78960 0.36445 -0.59105
v -1.90976 0.28843 -0.49415
v -2.05212 0.20476 -0.44570
v -2.20272 0.12165 -0.45045
v -2.34683 0.04723 -0.50794
v -2.47034 -0.01122 -0.61253
v -2.56116 -0.04797 -0.75400
v -2.61040 -0.05943 -0.91848
v -2.61324 -0.04448 -1.08988
v -2.56941 -0.00457 -1.25143
v -2.48319 0.05638 -1.38730
v -2.27825 -0.00717 -1.49500
v -2.14068 0.08460 -1.54260
v -1.99631 0.17805 -1.53682
v -1.85924 0.26403 -1.47822
v -1.74292 0.33412 -1.37255
v -1.65871 0.38146 -1.23015
v -1.61487 0.40143 -1.06495
v -1.61569 0.39206 -0.89313
v -1.66108 0.35427 -0.73151
v -1.74660 0.29176 -0.59590
v -1.86389 0.21066 -0.49958
v -2.00145 0.11889 -0.45198
v -2.14583 0.02544 -0.45776
v -2.28289 -0.06054 -0.51636
v -2.39921 -0.13063 -0.62203
v -2.48342 -0.17797 -0.76443
v -2.52726 -0.19794 -0.92963
v -2.52644 -0.18857 -1.10145
v -2.48105 -0.15078 -1.26308
v -2.39553 -0.08827 -1.39868
v -2.18530 -0.13897 -1.49885
v -2.05290 -0.03968 -1.54601
v -1.91533 0.06350 -1.53972
v -1.78605 0.16046 -1.48060
v -1.67771 0.24172 -1.37444
v -1.60092 0.29931 -1.23162
v -1.56319 0.32761 -1.06613
v -1.56822 0.32383 -0.89417
v -1.61552 0.28836 -0.73256
v -1.70045 0.22466 -0.59714
v -1.81470 0.13897 -0.50115
v -1.94710 0.03968 -0.45399
v -2.08467 -0.06350 -0.46028
v -2.21395 -0.16046 -0.51940
v -2.32229 -0.24172 -0.62556
v -2.39908 -0.29931 -0.76838
v -2.43681 -0.32761 -0.93387
v -2.43178 -0.32383 -1.10583
v -2.38448 -0.28836 -1.26744
v -2.29955 -0.22466 -1.40286
v -2.08521 -0.26253 -1.49561
v -1.95826 -0.15636 -1.54274
v -1.82796 -0.04413 -1.53647
v -1.70707 0.06316 -1.47743
v -1.60743 0.15501 -1.37138
v -1.53879 0.22244 -1.22872
v -1.50787 0.25884 -1.06340
v -1.51769 0.26065 -0.89162
v -1.56730 0.22770 -0.73017
v -1.65183 0.16320 -0.59488
v -1.76302 0.07347 -0.49897
v -1.88997 -0.03270 -0.45184
v -2.02027 -0.14492 -0.45811
v -2.14116 -0.25221 -0.51716
v -2.24080 -0.34406 -0.62320
v -2.30944 -0.41149 -0.76586
v -2.34036 -0.44789 -0.93118
v -2.33054 -0.44970 -1.10297
v -2.28093 -0.41675 -1.26441
v -2.19640 -0.35225 -1.39971
v -1.97911 -0.37745 -1.48516
v -1.85771 -0.26511 -1.53264
v -1.73501 -0.14460 -1.52692
v -1.62301 -0.02772 -1.46857
v -1.53268 0.07409 -1.36328
v -1.47285 0.15087 -1.22138
v -1.44939 0.19510 -1.05675
v -1.46459 0.20245 -0.88550
v -1.51696 0.17220 -0.72440
v -1.60138 0.10732 -0.58922
v -1.70958 0.01414 -0.49319
v -1.83098 -0.09820 -0.44571
v -1.95368 -0.21870 -0.45143
v -2.06568 -0.33559 -0.50979
v -2.15601 -0.43740 -0.61507
v -2.21584 -0.51418 -0.75697
v -2.23930 -0.55841 -0.92161
v -2.22410 -0.56576 -1.09285
v -2.17173 -0.53551 -1.25395
v -2.08731 -0.47062 -1.38913
v -1.86814 -0.48347 -1.46743
v -1.75229 -0.36571 -1.51562
v -1.63735 -0.23773 -1.51096
v -1.53458 -0.11206 -1.45390
v -1.45403 -0.00100 -1.35003
v -1.40359 0.08458 -1.20952
v -1.38820 0.13630 -1.04613
v -1.40936 0.14910 -0.87584
v -1.46500 0.12172 -0.71532
v -1.54968 0.05686 -0.58029
v -1.65511 -0.03916 -0.48397
v -1.77096 -0.15691 -0.43578
v -1.88590 -0.28489 -0.44045
v -1.98867 -0.41056 -0.49750
v -2.06922 -0.52162 -0.60137
v -2.11966 -0.60720 -0.74188
v -2.13505 -0.65892 -0.90528
v -2.11389 -0.67172 -1.07557
v -2.05824 -0.64435 -1.23608
v -1.97357 -0.57948 -1.37111
v -1.75352 -0.58044 -1.44240
v -1.64303 -0.45804 -1.49160
v -1.53586 -0.32345 -1.48846
v -1.44248 -0.18985 -1.43330
v -1.37205 -0.07031 -1.33151
v -1.33146 0.02345 -1.19305
v -1.32468 0.08227 -1.03148
v -1.35237 0.10039 -0.86261
v -1.41182 0.07603 -0.70298
v -1.49722 0.01158 -0.56821
v -1.60021 -0.08665 -0.47149
v -1.71069 -0.20906 -0.42228
v -1.81787 -0.34365 -0.42542
v -1.91124 -0.47725 -0.48058
v -1.98167 -0.59678 -0.58238
v -2.02227 -0.69055 -0.72083
v -2.02905 -0.74937 -0.88240
v -2.00136 -0.76749 -1.05127
v -1.94190 -0.74313 -1.21090
v -1.85650 -0.67868 -1.34567
v -1.63650 -0.66835 -1.41008
v -1.53104 -0.54208 -1.46053
v -1.43145 -0.40175 -1.45935
v -1.34747 -0.26111 -1.40664
v -1.28733 -0.13392 -1.30756
v -1.25690 -0.03263 -1.17182
v -1.25918 0.03285 -1.01271
v -1.29393 0.05610 -0.84579
v -1.35775 0.03485 -0.68740
v -1.44441 -0.02882 -0.55306
v -1.54540 -0.12868 -0.45590
v -1.65086 -0.25495 -0.40545
v -1.75045 -0.39527 -0.40664
v -1.83443 -0.53591 -0.45935
v -1.89458 -0.66310 -0.55842
v -1.92500 -0.76439 -0.69416
v -1.92273 -0.82987 -0.85328
v -1.88798 -0.85312 -1.02020
v -1.82415 -0.83187 -1.17858
v -1.73750 -0.76821 -1.31293
v -1.51836 -0.74729 -1.37060
v -1.41745 -0.61792 -1.42246
v -1.32508 -0.47274 -1.42356
v -1.25029 -0.32596 -1.37381
v -1.20042 -0.19196 -1.27806
v -1.18033 -0.08385 -1.14570
v -1.19200 -0.01221 -0.98968
v -1.23428 0.01594 -0.82527
v -1.30303 -0.00215 -0.66857
v -1.39153 -0.06471 -0.53491
v -1.49111 -0.16562 -0.43737
v -1.59203 -0.29500 -0.38552
v -1.68440 -0.44018 -0.38441
v -1.75918 -0.58695 -0.43417
v -1.80906 -0.72095 -0.52991
v -1.82914 -0.82906 -0.66228
v -1.81748 -0.90070 -0.81830
v -1.77519 -0.92885 -0.98271
v -1.70644 -0.91076 -1.13941
v -1.61794 -0.84820 -1.27307
v -1.40038 -0.81752 -1.32416
v -1.30338 -0.68576 -1.37747
v -1.21770 -0.53657 -1.38111
v -1.15172 -0.38457 -1.33473
v -1.11191 -0.24461 -1.24287
v -1.10216 -0.13042 -1.11451
v -1.12342 -0.05315 -0.96223
v -1.17361 -0.02039 -0.80093
v -1.24783 -0.03532 -0.64640
v -1.33880 -0.09650 -0.51377
v -1.43762 -0.19794 -0.41601
v -1.53462 -0.32970 -0.36270
v -1.62030 -0.47888 -0.35906
v -1.68628 -0.63089 -0.40544
v -1.72610 -0.77084 -0.49731
v -1.73585 -0.88504 -0.62566
v -1.71459 -0.96230 -0.77794
v -1.66439 -0.99507 -0.93924
v -1.59018 -0.98013 -1.09377
v -1.49920 -0.91895 -1.22641
v -1.28384 -0.87940 -1.27106
v -1.19001 -0.74593 -1.32575
v -1.11032 -0.59355 -1.33206
v -1.05257 -0.43717 -1.28936
v -1.02241 -0.29211 -1.20184
v -1.02281 -0.17257 -1.07807
v -1.05371 -0.09024 -0.93016
v -1.11210 -0.05318 -0.77259
v -1.19225 -0.06503 -0.62078
v -1.28633 -0.12462 -0.48960
v -1.38512 -0.22612 -0.39188
v -1.47895 -0.35959 -0.33719
v -1.55864 -0.51197 -0.33088
v -1.61639 -0.66835 -0.37358
v -1.64654 -0.81341 -0.46109
v -1.64615 -0.93295 -0.58487
v -1.61525 -1.01528 -0.73278
v -1.55686 -1.05234 -0.89035
v -1.47671 -1.04049 -1.04216
v -1.38263 -0.98090 -1.17334
v -1.16997 -0.93346 -1.21172
v -1.07846 -0.79887 -1.26760
v -1.00392 -0.64403 -1.27656
v -0.95365 -0.48411 -1.23773
v -0.93256 -0.33475 -1.15491
v -0.94273 -0.21058 -1.03621
v -0.98315 -0.12375 -0.89324
v -1.04987 -0.08277 -0.74001
v -1.13636 -0.09164 -0.59151
v -1.23415 -0.14949 -0.46228
v -1.33367 -0.25067 -0.36497
v -1.42517 -0.38526 -0.30910
v -1.49971 -0.54010 -0.30014
v -1.54998 -0.70002 -0.33897
v -1.57107 -0.84938 -0.42179
v -1.56090 -0.97355 -0.54049
v -1.52048 -1.06038 -0.68345
v -1.45376 -1.10136 -0.83668
v -1.36728 -1.09249 -0.98518
v -1.26949 -1.03464 -1.11441
v -1.05991 -0.98034 -1.14670
v -0.96984 -0.84513 -1.20342
v -0.89951 -0.68850 -1.21487
v -0.85581 -0.52577 -1.17993
v -0.84303 -0.37288 -1.10202
v -0.86240 -0.24478 -0.98876
v -0.91204 -0.15402 -0.85125
v -0.98708 -0.10949 -0.70294
v -1.08019 -0.11553 -0.55835
v -1.18224 -0.17157 -0.43164
v -1.28325 -0.27211 -0.33520
v -1.37332 -0.40731 -0.27848
v -1.44365 -0.56394 -0.26703
v -1.48735 -0.72667 -0.30198
v -1.50014 -0.87957 -0.37989
v -1.48076 -1.00767 -0.49314
v -1.43112 -1.09842 -0.63065
v -1.35608 -1.14296 -0.77896
v -1.26297 -1.13691 -0.92355
v -1.16092 -1.08088 -1.05027
v -0.95472 -1.02078 -1.07667
v -0.86516 -0.88539 -1.13377
v -0.79803 -0.72754 -1.14738
v -0.75990 -0.56266 -1.11618
v -0.75449 -0.40692 -1.04321
v -0.78234 -0.27554 -0.93563
v -0.84072 -0.18139 -0.80396
v -0.92392 -0.13368 -0.66108
v -1.02380 -0.13709 -0.52099
v -1.13057 -0.19128 -0.39740
v -1.23378 -0.29095 -0.30241
v -1.32334 -0.42634 -0.24531
v -1.39047 -0.58420 -0.23170
v -1.42860 -0.74907 -0.26290
v -1.43401 -0.90482 -0.33587
v -1.40616 -1.03620 -0.44345
v -1.34778 -1.13035 -0.57513
v -1.26458 -1.17805 -0.71800
v -1.16470 -1.17464 -0.85809
v -1.05793 -1.12045 -0.98168
v -0.85528 -1.05565 -1.00243
v -0.76536 -0.92041 -1.05932
v -0.70039 -0.76180 -1.07462
v -0.66672 -0.59536 -1.04682
v -0.66766 -0.43736 -0.97866
v -0.70310 -0.30328 -0.87679
v -0.76959 -0.20623 -0.75120
v -0.86061 -0.15573 -0.61417
v -0.96725 -0.15671 -0.47913
v -1.07907 -0.20908 -0.35928
v -1.18513 -0.30771 -0.26636
v -1.27505 -0.44295 -0.20947
v -1.34002 -0.60155 -0.19417
v -1.37369 -0.76800 -0.22197
v -1.37275 -0.92600 -0.29013
v -1.33731 -1.06008 -0.39200
v -1.27082 -1.15712 -0.51759
v -1.17980 -1.20762 -0.65461
v -1.07316 -1.20664 -0.78966
v -0.96134 -1.15427 -0.90951
v -0.76228 -1.08583 -0.92487
v -0.67119 -0.95101 -0.98088
v -0.60736 -0.79205 -0.99723
v -0.57704 -0.62450 -0.97233
v -0.58321 -0.46477 -0.90862
v -0.62525 -0.32850 -0.81233
v -0.69906 -0.22901 -0.69288
v -0.79740 -0.17606 -0.56198
v -0.91065 -0.17482 -0.43243
v -1.02773 -0.22542 -0.31692
v -1.13717 -0.32290 -0.22674
v -1.22826 -0.45772 -0.17074
v -1.29209 -0.61668 -0.15439
v -1.32240 -0.78423 -0.17928
v -1.31624 -0.94396 -0.24300
v -1.27420 -1.08023 -0.33929
v -1.20039 -1.17972 -0.45873
v -1.10205 -1.23267 -0.58964
v -0.98880 -1.23391 -0.71919
v -0.87172 -1.18331 -0.83470
v -0.67622 -1.11228 -0.84500
v -0.58325 -0.97808 -0.89937
v -0.51961 -0.81907 -0.91603
v -0.49155 -0.65081 -0.89334
v -0.50180 -0.48979 -0.83353
v -0.54936 -0.35176 -0.74246
v -0.62959 -0.25022 -0.62903
v -0.73462 -0.19513 -0.50435
v -0.85417 -0.19187 -0.38063
v -0.97654 -0.24076 -0.26997
v -1.08975 -0.33702 -0.18321
v -1.18273 -0.47122 -0.12884
v -1.24636 -0.63023 -0.11218
v -1.27443 -0.79848 -0.13486
v -1.26418 -0.95951 -0.19467
v -1.21661 -1.09754 -0.28575
v -1.13639 -1.19908 -0.39918
v -1.03136 -1.25417 -0.52385
v -0.91181 -1.25743 -0.64758
v -0.78944 -1.20854 -0.75824
v -0.59735 -1.13591 -0.76382
v -0.50192 -1.00248 -0.81579
v -0.43763 -0.84368 -0.83192
v -0.41078 -0.67505 -0.81062
v -0.42399 -0.51310 -0.75398
v -0.47597 -0.37367 -0.66755
v -0.56163 -0.27043 -0.55979
v -0.67260 -0.21347 -0.44124
v -0.79799 -0.20837 -0.32351
v -0.92555 -0.25563 -0.21813
v -1.04278 -0.35062 -0.13540
v -1.13822 -0.48405 -0.08343
v -1.20250 -0.64285 -0.06730
v -1.22936 -0.81148 -0.08860
v -1.21615 -0.97343 -0.14524
v -1.16416 -1.11286 -0.23167
v -1.07850 -1.21610 -0.33943
v -0.96754 -1.27306 -0.45798
v -0.84214 -1.27816 -0.57571
v -0.71458 -1.23090 -0.68110
v -0.52568 -1.15759 -0.68238
v -0.42737 -1.02507 -0.73120
v -0.36171 -0.86670 -0.74591
v -0.33513 -0.69797 -0.72507
v -0.35023 -0.53540 -0.67071
v -0.40553 -0.39491 -0.58815
v -0.49562 -0.29025 -0.48548
v -0.61168 -0.23166 -0.37275
v -0.74235 -0.22488 -0.26100
v -0.87484 -0.27058 -0.16115
v -0.99618 -0.36427 -0.08299
v -1.09449 -0.49679 -0.03416
v -1.16015 -0.65517 -0.01945
v -1.18673 -0.82390 -0.04030
v -1.17164 -0.98646 -0.09466
v -1.11633 -1.12695 -0.17721
v -1.02624 -1.23161 -0.27988
v -0.91018 -1.29020 -0.39261
v -0.77951 -1.29698 -0.50437
v -0.64702 -1.25129 -0.60422
v -0.46101 -1.17813 -0.60165
v -0.35955 -1.04663 -0.64666
v -0.29195 -0.88888 -0.65908
v -0.26483 -0.72030 -0.63769
v -0.28084 -0.55741 -0.58458
v -0.33841 -0.41615 -0.50496
v -0.43191 -0.31033 -0.40661
v -0.55219 -0.25034 -0.29916
v -0.68747 -0.24202 -0.19314
v -0.82451 -0.28621 -0.09892
v -0.94989 -0.37857 -0.02572
v -1.05135 -0.51006 0.01930
v -1.11895 -0.66782 0.03172
v -1.14608 -0.83639 0.01032
v -1.13007 -0.99928 -0.04278
v -1.07250 -1.14055 -0.12241
v -0.97900 -1.24636 -0.22076
v -0.85872 -1.30636 -0.32820
v -0.72344 -1.31467 -0.43422
v -0.58640 -1.27049 -0.52845
v -0.40293 -1.19820 -0.52252
v -0.29821 -1.06785 -0.56318
v -0.22825 -0.91091 -0.57249
v -0.19990 -0.74274 -0.54954
v -0.21595 -0.57980 -0.49659
v -0.27482 -0.43804 -0.41881
v -0.37075 -0.33134 -0.32382
v -0.49435 -0.27014 -0.22092
v -0.63352 -0.26043 -0.12018
v -0.77463 -0.30316 -0.03145
v -0.90388 -0.39416 0.03656
v -1.00861 -0.52450 0.07722
v -1.07856 -0.68144 0.08653
v -1.10691 -0.84961 0.06358
v -1.09086 -1.01255 0.01063
v -1.03199 -1.15431 -0.06715
v -0.93606 -1.26101 -0.16214
v -0.81246 -1.32221 -0.26504
v -0.67329 -1.33192 -0.36578
v -0.53218 -1.28919 -0.45451
v -0.35088 -1.21835 -0.44577
v -0.24289 -1.08928 -0.48168
v -0.17030 -0.93336 -0.48718
v -0.14021 -0.76586 -0.46172
v -0.15556 -0.60317 -0.40780
v -0.21485 -0.46122 -0.33070
v -0.31229 -0.35390 -0.23796
v -0.43832 -0.29172 -0.13866
v -0.58062 -0.28077 -0.04252
v -0.72525 -0.32212 0.04104
v -0.85806 -0.41171 0.10385
v -0.96605 -0.54079 0.13976
v -1.03864 -0.69671 0.14526
v -1.06873 -0.86421 0.11980
v -1.05338 -1.02690 0.06588
v -0.99408 -1.16885 -0.01123
v -0.89665 -1.27616 -0.10397
v -0.77062 -1.33834 -0.20326
v -0.62832 -1.34929 -0.29940
v -0.48368 -1.30795 -0.38296
v -0.30414 -1.23904 -0.37201
v -0.19302 -1.11135 -0.40298
v -0.11765 -0.95666 -0.40411
v -0.08541 -0.79011 -0.37527
v -0.09946 -0.62800 -0.31930
v -0.15841 -0.48619 -0.24166
v -0.25650 -0.37858 -0.14996
v -0.38413 -0.31569 -0.05318
v -0.52880 -0.30368 0.03921
v -0.67635 -0.34373 0.11817
v -0.81235 -0.43191 0.17597
v -0.92347 -0.55959 0.20695
v -0.99884 -0.71428 0.20808
v -1.03108 -0.88084 0.17924
v -1.01704 -1.04295 0.12326
v -0.95808 -1.18475 0.04563
v -0.85999 -1.29237 -0.04607
v -0.73236 -1.35525 -0.14285
v -0.58769 -1.36726 -0.23525
v -0.44014 -1.32722 -0.31421
v -0.26197 -1.26056 -0.30165
v -0.14793 -1.13436 -0.32773
v -0.06974 -0.98111 -0.32412
v -0.03507 -0.81581 -0.29119
v -0.04730 -0.65464 -0.23216
v -0.10524 -0.51338 -0.15280
v -0.20322 -0.40584 -0.06089
v -0.33165 -0.34257 0.03458
v -0.47795 -0.32974 0.12426
v -0.62780 -0.36863 0.19937
v -0.76654 -0.45542 0.25257
v -0.88059 -0.58161 0.27864
v -0.95877 -0.73486 0.27504
v -0.99345 -0.90016 0.24211
v -0.98121 -1.06133 0.18307
v -0.92327 -1.20260 0.10372
v -0.82529 -1.31013 0.01181
v -0.69687 -1.37341 -0.08366
v -0.55057 -1.38623 -0.17334
v -0.40071 -1.34734 -0.24846
v -0.22356 -1.28313 -0.23497
v -0.10686 -1.15849 -0.25638
v -0.02591 -1.00688 -0.24789
v 0.01138 -0.84314 -0.21033
v 0.00136 -0.68331 -0.14738
v -0.05499 -0.54302 -0.06520
v -0.15216 -0.43601 0.02817
v -0.28064 -0.37275 0.12358
v -0.42784 -0.35943 0.21170
v -0.57936 -0.39737 0.28390
v -0.72037 -0.48284 0.33311
v -0.83707 -0.60748 0.35452
v -0.91802 -0.75909 0.34603
v -0.95531 -0.92282 0.30847
v -0.94529 -1.08266 0.24552
v -0.88894 -1.22295 0.16333
v -0.79177 -1.32996 0.06997
v -0.66329 -1.39322 -0.02544
v -0.51609 -1.40653 -0.11356
v -0.36457 -1.36860 -0.18576
v -0.18808 -1.30689 -0.17205
v -0.06906 -1.18381 -0.18924
v 0.01455 -1.03400 -0.17594
v 0.05457 -0.87213 -0.13342
v 0.04708 -0.71404 -0.06587
v -0.00718 -0.57521 0.02012
v -0.10291 -0.46924 0.11612
v -0.23073 -0.40648 0.21273
v -0.37813 -0.39309 0.30050
v -0.53069 -0.43037 0.37084
v -0.67346 -0.51469 0.41687
v -0.79248 -0.63777 0.43407
v -0.87609 -0.78758 0.42076
v -0.91611 -0.94945 0.37825
v -0.90862 -1.10754 0.31069
v -0.85436 -1.24636 0.22471
v -0.75863 -1.35234 0.12871
v -0.63081 -1.41510 0.03209
v -0.48341 -1.42849 -0.05568
v -0.33085 -1.39120 -0.12602
v -0.15474 -1.33194 -0.11280
v -0.03377 -1.21032 -0.12643
v 0.05233 -1.06241 -0.10859
v 0.09513 -0.90267 -0.06102
v 0.09044 -0.74674 0.01162
v 0.03871 -0.60990 0.10222
v -0.05498 -0.50552 0.20191
v -0.18147 -0.44384 0.30093
v -0.32838 -0.43088 0.38959
v -0.48132 -0.46792 0.45922
v -0.62533 -0.55133 0.50298
v -0.74631 -0.67294 0.51661
v -0.83241 -0.82086 0.49877
v -0.87521 -0.98059 0.45120
v -0.87051 -1.13652 0.37856
v -0.81879 -1.27337 0.28796
v -0.72509 -1.37774 0.18827
v -0.59860 -1.43943 0.08925
v -0.45169 -1.45238 0.00059
v -0.29875 -1.41535 -0.06903
v -0.12276 -1.35834 -0.05705
v -0.00024 -1.23800 -0.06791
v 0.08814 -1.09199 -0.04601
v 0.13372 -0.93458 0.00650
v 0.13203 -0.78120 0.08449
v 0.08325 -0.64685 0.18031
v -0.00785 -0.54469 0.28459
v -0.13235 -0.48471 0.38711
v -0.27807 -0.47279 0.47786
v -0.43074 -0.51009 0.54793
v -0.57542 -0.59296 0.59048
v -0.69795 -0.71330 0.60133
v -0.78632 -0.85931 0.57943
v -0.83190 -1.01672 0.52692
v -0.83022 -1.17010 0.44894
v -0.78144 -1.30445 0.35312
v -0.69034 -1.40662 0.24884
v -0.56584 -1.46659 0.14631
v -0.42012 -1.47852 0.05557
v -0.26744 -1.44121 -0.01451
v -0.09139 -1.38616 -0.00452
v 0.03223 -1.26680 -0.01350
v 0.12262 -1.12258 0.01182
v 0.17093 -0.96762 0.06896
v 0.17244 -0.81709 0.15232
v 0.12698 -0.68573 0.25376
v 0.03902 -0.58639 0.36333
v -0.08283 -0.52880 0.47031
v -0.22665 -0.51859 0.56423
v -0.37837 -0.55677 0.63590
v -0.52312 -0.63960 0.67830
v -0.64674 -0.75896 0.68728
v -0.73713 -0.90318 0.66196
v -0.78544 -1.05814 0.60482
v -0.78694 -1.20867 0.52146
v -0.74149 -1.34003 0.42002
v -0.65353 -1.43937 0.31045
v -0.53168 -1.49696 0.20347
v -0.38785 -1.50717 0.10955
v -0.23614 -1.46899 0.03788
v -0.05987 -1.41548 0.04512
v 0.06433 -1.29666 0.03705
v 0.15641 -1.15401 0.06503
v 0.20736 -1.00149 0.12630
v 0.21218 -0.85405 0.21489
v 0.17041 -0.72610 0.32210
v 0.08613 -0.63017 0.43746
v -0.03240 -0.57566 0.54966
v -0.17359 -0.56790 0.64772
v -0.32361 -0.60765 0.72205
v -0.46778 -0.69102 0.76537
v -0.59198 -0.80984 0.77343
v -0.68407 -0.95249 0.74546
v -0.73501 -1.10501 0.68418
v -0.73983 -1.25245 0.59559
v -0.69806 -1.38040 0.48838
v -0.61378 -1.47633 0.37302
v -0.49525 -1.53084 0.26082
v -0.35406 -1.53860 0.16276
v -0.20404 -1.49885 0.08843
v -0.02747 -1.44638 0.09219
v 0.09673 -1.32755 0.08407
v 0.19011 -1.18612 0.11387
v 0.24353 -1.03592 0.17866
v 0.25176 -0.89166 0.27211
v 0.21399 -0.76747 0.38507
v 0.13392 -0.67549 0.50648
v 0.01939 -0.62473 0.62445
v -0.11838 -0.62016 0.72744
v -0.26593 -0.66223 0.80537
v -0.40879 -0.74681 0.85061
v -0.53299 -0.86564 0.85872
v -0.62636 -1.00707 0.82893
v -0.67978 -1.15727 0.76413
v -0.68801 -1.30153 0.67068
v -0.65024 -1.42572 0.55772
v -0.57017 -1.51770 0.43632
v -0.45565 -1.56846 0.31834
v -0.31787 -1.57303 0.21535
v -0.17033 -1.53096 0.13742
v 0.00658 -1.47892 0.13698
v 0.13010 -1.35946 0.12789
v 0.22429 -1.21878 0.15865
v 0.27994 -1.07064 0.22625
v 0.29160 -0.92956 0.32407
v 0.25812 -0.80933 0.44254
v 0.18278 -0.72172 0.57006
v 0.07296 -0.67532 0.69415
v -0.06060 -0.67467 0.80265
v -0.20481 -0.71982 0.88496
v -0.34557 -0.80636 0.93301
v -0.46909 -0.92582 0.94210
v -0.56328 -1.06651 0.91134
v -0.61893 -1.21464 0.84374
v -0.63059 -1.35573 0.74592
v -0.59711 -1.47596 0.62745
v -0.52177 -1.56356 0.49994
v -0.41195 -1.60996 0.37585
v -0.27839 -1.61062 0.26734
v -0.13418 -1.56547 0.18503
v 0.04302 -1.51317 0.17974
v 0.16509 -1.39238 0.16884
v 0.25953 -1.25189 0.19973
v 0.31707 -1.10543 0.26938
v 0.33210 -0.96736 0.37097
v 0.30314 -0.85118 0.49455
v 0.23302 -0.76827 0.62804
v 0.12860 -0.72674 0.75837
v 0.00012 -0.73066 0.87277
v -0.13986 -0.77964 0.96005
v -0.27763 -0.86889 1.01166
v -0.39971 -0.98968 1.02256
v -0.49414 -1.13017 0.99167
v -0.55169 -1.27663 0.92202
v -0.56671 -1.41470 0.82043
v -0.53775 -1.53088 0.69684
v -0.46763 -1.61379 0.56335
v -0.36322 -1.65532 0.43303
v -0.23473 -1.65140 0.31863
v -0.09476 -1.60242 0.23135
v 0.08263 -1.54910 0.22059
v 0.20240 -1.42628 0.20718
v 0.29639 -1.28534 0.23742
v 0.35540 -1.14010 0.30837
v 0.37365 -1.00476 0.41307
v 0.34935 -0.89258 0.54126
v 0.28489 -0.81453 0.68042
v 0.18658 -0.77825 0.81691
v 0.06403 -0.78730 0.93737
v -0.07076 -0.84079 1.03001
v -0.20459 -0.93349 1.08576
v -0.32436 -1.05631 1.09917
v -0.41835 -1.19724 1.06892
v -0.47736 -1.34249 0.99798
v -0.49561 -1.47783 0.89328
v -0.47131 -1.59001 0.76508
v -0.40685 -1.66806 0.62593
v -0.30854 -1.70434 0.48944
v -0.18599 -1.69528 0.36898
v -0.05120 -1.64179 0.27634
v 0.12618 -1.58663 0.25956
v 0.24270 -1.46108 0.24309
v 0.33545 -1.31906 0.27204
v 0.39538 -1.17448 0.34357
v 0.41660 -1.04150 0.45069
v 0.39704 -0.93312 0.58292
v 0.33861 -0.85996 0.72729
v 0.24704 -0.82917 0.86969
v 0.13129 -0.84378 0.99618
v 0.00269 -0.90236 1.09437
v -0.12618 -0.99916 1.15465
v -0.24270 -1.12471 1.17113
v -0.33545 -1.26673 1.14218
v -0.39538 -1.41130 1.07064
v -0.41660 -1.54429 0.96352
v -0.39704 -1.65267 0.83130
v -0.33861 -1.72583 0.68692
v -0.24704 -1.75661 0.54452
v -0.13129 -1.74200 0.41803
v -0.00269 -1.68343 0.31984
v 0.17443 -1.62556 0.29659
v 0.28666 -1.49665 0.27668
v 0.37730 -1.35291 0.30380
v 0.43748 -1.20843 0.37530
v 0.46131 -1.07733 0.48419
v 0.44645 -0.97245 0.61980
v 0.39435 -0.90406 0.76886
v 0.31012 -0.87886 0.91678
v 0.20201 -0.89930 1.04909
v 0.08059 -0.96339 1.15282
v -0.04225 -1.06485 1.21782
v -0.15449 -1.19376 1.23774
v -0.24513 -1.33749 1.21062
v -0.30531 -1.48198 1.13912
v -0.32914 -1.61308 1.03023
v -0.31428 -1.71796 0.89462
v -0.26218 -1.78635 0.74556
v -0.17795 -1.81155 0.59763
v -0.06984 -1.79111 0.46533
v 0.05158 -1.72702 0.36160
v 0.22806 -1.66554 0.33151
v 0.33494 -1.53276 0.30794
v 0.42251 -1.38673 0.33285
v 0.48220 -1.24177 0.40381
v 0.50815 -1.11206 0.51386
v 0.49784 -1.01029 0.65223
v 0.45227 -0.94642 0.80538
v 0.37590 -0.92672 0.95832
v 0.27621 -0.95310 1.09608
v 0.16296 -1.02299 1.20517
v 0.04723 -1.12954 1.27491
v -0.05965 -1.26232 1.29847
v -0.14722 -1.40834 1.27356
v -0.20690 -1.55331 1.20261
v -0.23286 -1.68302 1.09256
v -0.22255 -1.78479 0.95419
v -0.17698 -1.84865 0.80103
v -0.10061 -1.86836 0.64809
v -0.00092 -1.84198 0.51034
v 0.11233 -1.77209 0.40125
v 0.28772 -1.70611 0.36405
v 0.38815 -1.56906 0.33679
v 0.47162 -1.42028 0.35927
v 0.52997 -1.27432 0.42928
v 0.55749 -1.14547 0.53997
v 0.55148 -1.04635 0.68050
v 0.51252 -0.98666 0.83713
v 0.44444 -0.97224 0.99450
v 0.35390 -1.00450 1.13723
v 0.24975 -1.08029 1.25134
v 0.14220 -1.19218 1.32566
v 0.04178 -1.32923 1.35292
v -0.04170 -1.47802 1.33044
v -0.10005 -1.62398 1.26043
v -0.12757 -1.75282 1.14974
v -0.12156 -1.85194 1.00920
v -0.08260 -1.91164 0.85258
v -0.01452 -1.92606 0.69520
v 0.07602 -1.89379 0.55247
v 0.18017 -1.81800 0.43836
v 0.35391 -1.74665 0.39388
v 0.44679 -1.60511 0.36306
v 0.52513 -1.45320 0.38303
v 0.58126 -1.30580 0.45184
v 0.60968 -1.17734 0.56274
v 0.60761 -1.08038 0.70489
v 0.57526 -1.02443 0.86437
v 0.51579 -1.01495 1.02556
v 0.43502 -1.05288 1.17270
v 0.34086 -1.13450 1.29137
v 0.24253 -1.25182 1.36996
v 0.14964 -1.39336 1.40078
v 0.07130 -1.54526 1.38081
v 0.01517 -1.69266 1.31201
v -0.01325 -1.82112 1.20110
v -0.01118 -1.91808 1.05895
v 0.02117 -1.97403 0.89947
v 0.08064 -1.98351 0.73828
v 0.16141 -1.94559 0.59114
v 0.25557 -1.86397 0.47247
v 0.42701 -1.78640 0.42064
v 0.51130 -1.64031 0.38652
v 0.58346 -1.48508 0.40405
v 0.63644 -1.33591 0.47151
v 0.66506 -1.20740 0.58231
v 0.66650 -1.11213 0.72560
v 0.64063 -1.05942 0.88736
v 0.58999 -1.05444 1.05174
v 0.51952 -1.09767 1.20266
v 0.43613 -1.18488 1.32534
v 0.34798 -1.30753 1.40778
v 0.26369 -1.45362 1.44190
v 0.19153 -1.60885 1.42437
v 0.13855 -1.75802 1.35691
v 0.10993 -1.88653 1.24610
v 0.10849 -1.98180 1.10281
v 0.13436 -2.03451 0.94106
v 0.18500 -2.03949 0.77668
v 0.25547 -1.99626 0.62576
v 0.33886 -1.90905 0.50308
v 0.50727 -1.82451 0.44395
v 0.58196 -1.67399 0.40689
v 0.64695 -1.51539 0.42216
v 0.69586 -1.36423 0.48828
v 0.72391 -1.23533 0.59877
v 0.72836 -1.14129 0.74281
v 0.70878 -1.09132 0.90630
v 0.66706 -1.09031 1.07324
v 0.60731 -1.13836 1.22729
v 0.53537 -1.23076 1.35337
v 0.45828 -1.35848 1.43914
v 0.38359 -1.50901 1.47620
v 0.31861 -1.66761 1.46092
v 0.26969 -1.81876 1.39481
v 0.24164 -1.94767 1.28432
v 0.23719 -2.04171 1.14028
v 0.25678 -2.09168 0.97679
v 0.29849 -2.09269 0.80985
v 0.35824 -2.04464 0.65579
v 0.43018 -1.95223 0.52971
v 0.59474 -1.86005 0.46341
v 0.65894 -1.70536 0.42388
v 0.71579 -1.54350 0.43720
v 0.75974 -1.39029 0.50206
v 0.78648 -1.26074 0.61212
v 0.79339 -1.16753 0.75660
v 0.77980 -1.11978 0.92136
v 0.74703 -1.12217 1.09027
v 0.69830 -1.17446 1.24680
v 0.63837 -1.27153 1.37563
v 0.57312 -1.40389 1.46414
v 0.50892 -1.55857 1.50367
v 0.45206 -1.72043 1.49035
v 0.40811 -1.87364 1.42549
v 0.38137 -2.00319 1.31543
v 0.37446 -2.09640 1.17095
v 0.38805 -2.14415 1.00619
v 0.42082 -2.14177 0.83728
v 0.46955 -2.08948 0.68075
v 0.52948 -1.99240 0.55192
v 0.68931 -1.89200 0.47868
v 0.74222 -1.73360 0.43720
v 0.79009 -1.56873 0.44894
v 0.82824 -1.41353 0.51273
v 0.85292 -1.28320 0.62234
v 0.86172 -1.19048 0.76703
v 0.85378 -1.14446 0.93265
v 0.82988 -1.14964 1.10298
v 0.79236 -1.20551 1.26135
v 0.74489 -1.30661 1.39226
v 0.69211 -1.44304 1.48289
v 0.63920 -1.60144 1.52437
v 0.59133 -1.76631 1.51264
v 0.55318 -1.92150 1.44884
v 0.52850 -2.05184 1.33923
v 0.51970 -2.14456 1.19454
v 0.52763 -2.19058 1.02892
v 0.55153 -2.18540 0.85859
v 0.58906 -2.12952 0.70022
v 0.63653 -2.02843 0.56931
v 0.79069 -1.91936 0.48944
v 0.83165 -1.75782 0.44658
v 0.86978 -1.59035 0.45716
v 0.90135 -1.43336 0.52014
v 0.92327 -1.30220 0.62936
v 0.93340 -1.20972 0.77412
v 0.93074 -1.16497 0.94025
v 0.91556 -1.17233 1.11150
v 0.88933 -1.23108 1.27110
v 0.85463 -1.33547 1.40342
v 0.81486 -1.47528 1.49552
v 0.77390 -1.63682 1.53838
v 0.73577 -1.80429 1.52780
v 0.70419 -1.96129 1.46482
v 0.68227 -2.09244 1.35560
v 0.67214 -2.18492 1.21084
v 0.67480 -2.22967 1.04471
v 0.68999 -2.22231 0.87346
v 0.71621 -2.16356 0.71386
v 0.75091 -2.05917 0.58154
v 0.89843 -1.94113 0.49540
v 0.92689 -1.77713 0.45176
v 0.95465 -1.60759 0.46166
v 0.97898 -1.44912 0.52414
v 0.99751 -1.31721 0.63309
v 1.00841 -1.22479 0.77783
v 1.01063 -1.18090 0.94420
v 1.00394 -1.18983 1.11592
v 0.98901 -1.25072 1.27617
v 0.96728 -1.35760 1.40927
v 0.94090 -1.50001 1.50219
v 0.91243 -1.66401 1.54583
v 0.88468 -1.83355 1.53593
v 0.86034 -1.99202 1.47345
v 0.84182 -2.12393 1.36450
v 0.83091 -2.21635 1.21976
v 0.82869 -2.26024 1.05339
v 0.83538 -2.25130 0.88167
v 0.85032 -2.19042 0.72142
v 0.87204 -2.08354 0.58832
v 1.01192 -1.95634 0.49637
v 1.02749 -1.79067 0.45253
v 1.04436 -1.61969 0.46226
v 1.06089 -1.46016 0.52459
v 1.07545 -1.32767 0.63343
v 1.08663 -1.23520 0.77812
v 1.09332 -1.19181 0.94450
v 1.09487 -1.20173 1.11629
v 1.09113 -1.26400 1.27666
v 1.08246 -1.37253 1.40992
v 1.06972 -1.51668 1.50303
v 1.05416 -1.68235 1.54686
v 1.03728 -1.85332 1.53714
v 1.02075 -2.01286 1.47481
v 1.00619 -2.14534 1.36597
v 0.99502 -2.23781 1.22127
v 0.98833 -2.28121 1.05489
v 0.98678 -2.27128 0.88311
v 0.99052 -2.20901 0.72274
v 0.99918 -2.10049 0.58948
v 1.13041 -1.96410 0.49218
v 1.13282 -1.79761 0.44874
v 1.13844 -1.62592 0.45879
v 1.14671 -1.46583 0.52135
v 1.15684 -1.33301 0.63029
v 1.16782 -1.24046 0.77495
v 1.17858 -1.19725 0.94116
v 1.18808 -1.20760 1.11267
v 1.19537 -1.27050 1.27267
v 1.19975 -1.37979 1.40551
v 1.20078 -1.52478 1.49819
v 1.19837 -1.69127 1.54163
v 1.19276 -1.86296 1.53158
v 1.18448 -2.02305 1.46902
v 1.17435 -2.15587 1.36008
v 1.16337 -2.24841 1.21542
v 1.15261 -2.29162 1.04921
v 1.14312 -2.28127 0.87770
v 1.13582 -2.21837 0.71770
v 1.13145 -2.10908 0.58486
v 1.25303 -1.96360 0.48274
v 1.24214 -1.79721 0.44027
v 1.23626 -1.62557 0.45115
v 1.23596 -1.46551 0.51431
v 1.24126 -1.33267 0.62357
v 1.25165 -1.24008 0.76824
v 1.26612 -1.19679 0.93416
v 1.28323 -1.20703 1.10507
v 1.30133 -1.26981 1.26427
v 1.31864 -1.37898 1.39615
v 1.33345 -1.52386 1.48781
v 1.34434 -1.69026 1.53028
v 1.35022 -1.86189 1.51940
v 1.35052 -2.02196 1.45624
v 1.34522 -2.15479 1.34698
v 1.33483 -2.24739 1.20231
v 1.32036 -2.29068 1.03640
v 1.30325 -2.28043 0.86548
v 1.28515 -2.21765 0.70629
v 1.26785 -2.10848 0.57441
v 1.37879 -1.95417 0.46802
v 1.35461 -1.78879 0.42706
v 1.33712 -1.61804 0.43925
v 1.32803 -1.45862 0.50340
v 1.32823 -1.32615 0.61322
v 1.33770 -1.23358 0.75797
v 1.35551 -1.18998 0.92348
v 1.37992 -1.19962 1.09354
v 1.40854 -1.26156 1.25152
v 1.43857 -1.36972 1.38194
v 1.46707 -1.51353 1.47204
v 1.49125 -1.67890 1.51300
v 1.50874 -1.84966 1.50081
v 1.51783 -2.00907 1.43666
v 1.51763 -2.14155 1.32684
v 1.50816 -2.23411 1.18209
v 1.49035 -2.27771 1.01658
v 1.46594 -2.26807 0.84652
v 1.43732 -2.20614 0.68854
v 1.40729 -2.09797 0.55812
v 1.50665 -1.93520 0.44804
v 1.46929 -1.77180 0.40910
v 1.44021 -1.60278 0.42307
v 1.42224 -1.44467 0.48857
v 1.41715 -1.31296 0.59919
v 1.42543 -1.22054 0.74410
v 1.44627 -1.17645 0.90912
v 1.47764 -1.18501 1.07810
v 1.51646 -1.24539 1.23449
v 1.55893 -1.35167 1.36299
v 1.60090 -1.49345 1.45102
v 1.63825 -1.65685 1.48995
v 1.66734 -1.82587 1.47599
v 1.68531 -1.98398 1.41049
v 1.69040 -2.11569 1.29987
v 1.68212 -2.20811 1.15495
v 1.66127 -2.25220 0.98993
v 1.62991 -2.24364 0.82095
v 1.59109 -2.18326 0.66456
v 1.54861 -2.07698 0.53606
v 1.63547 -1.90628 0.42286
v 1.58517 -1.74580 0.38643
v 1.54462 -1.57935 0.40261
v 1.51780 -1.42323 0.46981
v 1.50733 -1.29271 0.58146
v 1.51423 -1.20057 0.72663
v 1.53782 -1.15583 0.89110
v 1.57581 -1.16288 1.05879
v 1.62446 -1.22101 1.21327
v 1.67903 -1.32454 1.33942
v 1.73415 -1.46334 1.42490
v 1.78445 -1.62382 1.46133
v 1.82500 -1.79027 1.44515
v 1.85182 -1.94640 1.37795
v 1.86230 -2.07692 1.26630
v 1.85540 -2.16906 1.12113
v 1.83180 -2.21379 0.95666
v 1.79382 -2.20675 0.78897
v 1.74516 -2.14861 0.63449
v 1.69060 -2.04508 0.50834
v 1.76409 -1.86709 0.39262
v 1.70118 -1.71046 0.35913
v 1.64942 -1.54743 0.37792
v 1.61387 -1.39396 0.44716
v 1.59801 -1.26507 0.56005
v 1.60340 -1.17337 0.70557
v 1.62950 -1.12785 0.86945
v 1.67377 -1.13295 1.03565
v 1.73186 -1.18818 1.18792
v 1.79810 -1.28814 1.31134
v 1.86600 -1.42303 1.39383
v 1.92890 -1.57966 1.42732
v 1.98067 -1.74269 1.40853
v 2.01622 -1.89616 1.33929
v 2.03207 -2.02505 1.22640
v 2.02669 -2.11675 1.08088
v 2.00058 -2.16227 0.91700
v 1.95632 -2.15717 0.75079
v 1.89822 -2.10193 0.59853
v 1.83198 -2.00198 0.47511
v 1.89132 -1.81746 0.35746
v 1.81623 -1.66559 0.32732
v 1.75360 -1.50680 0.34911
v 1.70954 -1.35664 0.42067
v 1.68838 -1.22981 0.53502
v 1.69219 -1.13871 0.68096
v 1.72059 -1.09228 0.84420
v 1.77080 -1.09504 1.00877
v 1.83791 -1.14674 1.15855
v 1.91535 -1.24231 1.27888
v 1.99554 -1.37240 1.35799
v 2.07062 -1.52427 1.38813
v 2.13326 -1.68306 1.36635
v 2.17731 -1.83322 1.29478
v 2.19847 -1.96005 1.18043
v 2.19466 -2.05115 1.03450
v 2.16626 -2.09758 0.87125
v 2.11605 -2.09482 0.70669
v 2.04894 -2.04312 0.55691
v 1.97150 -1.94755 0.43657
v 2.01596 -1.75739 0.31761
v 1.92921 -1.61114 0.29119
v 1.85614 -1.45738 0.31629
v 1.80390 -1.31117 0.39046
v 1.77759 -1.18680 0.50645
v 1.77981 -1.09646 0.65289
v 1.81032 -1.04899 0.81545
v 1.86614 -1.04904 0.97822
v 1.94182 -1.09660 1.12527
v 2.02993 -1.18701 1.24220
v 2.12186 -1.31143 1.31756
v 2.20861 -1.45767 1.34398
v 2.28168 -1.61143 1.31888
v 2.33392 -1.75765 1.24470
v 2.36022 -1.88201 1.12872
v 2.35801 -1.97235 0.98228
v 2.32750 -2.01982 0.81972
v 2.27167 -2.01978 0.65695
v 2.19600 -1.97222 0.50990
v 2.10789 -1.88180 0.39297
v 2.13682 -1.68698 0.27329
v 2.03901 -1.54718 0.25091
v 1.95602 -1.39920 0.27964
v 1.89598 -1.25752 0.35667
v 1.86475 -1.13602 0.47445
v 1.86541 -1.04658 0.62145
v 1.89788 -0.99796 0.78329
v 1.95899 -0.99491 0.94413
v 2.04275 -1.03775 1.08821
v 2.14096 -1.12227 1.20144
v 2.24402 -1.24020 1.27273
v 2.34183 -1.38000 1.29511
v 2.42481 -1.52798 1.26638
v 2.48486 -1.66966 1.18935
v 2.51608 -1.79116 1.07157
v 2.51543 -1.88060 0.92457
v 2.48296 -1.92923 0.76273
v 2.42185 -1.93227 0.60189
v 2.33809 -1.88943 0.45781
v 2.23988 -1.80491 0.34458
v 2.25275 -1.60650 0.22477
v 2.14454 -1.47393 0.20673
v 2.05223 -1.33242 0.23936
v 1.98484 -1.19583 0.31945
v 1.94898 -1.07754 0.43916
v 1.94815 -0.98912 0.58678
v 1.98244 -0.93922 0.74786
v 2.04849 -0.93274 0.90662
v 2.13984 -0.97030 1.04754
v 2.24753 -1.04823 1.15680
v 2.36104 -1.15890 1.22373
v 2.46925 -1.29147 1.24176
v 2.56156 -1.43298 1.20913
v 2.62895 -1.56957 1.12905
v 2.66481 -1.68786 1.00933
v 2.66564 -1.77628 0.86171
v 2.63135 -1.82618 0.70064
v 2.56530 -1.83266 0.54187
v 2.47396 -1.79510 0.40096
v 2.36626 -1.71717 0.29169
v 2.36263 -1.51635 0.17235
v 2.24476 -1.39171 0.15892
v 2.14377 -1.25731 0.19567
v 2.06955 -1.12632 0.27901
v 2.02938 -1.01156 0.40077
v 2.02718 -0.92425 0.54904
v 2.06317 -0.87295 0.70930
v 2.13382 -0.86268 0.86587
v 2.23222 -0.89444 1.00341
v 2.34874 -0.96512 1.10848
v 2.47197 -1.06780 1.17077
v 2.58985 -1.19244 1.18420
v 2.69084 -1.32684 1.14745
v 2.76505 -1.45783 1.06411
v 2.80522 -1.57259 0.94235
v 2.80743 -1.65990 0.79408
v 2.77144 -1.71120 0.63382
v 2.70078 -1.72147 0.47725
v 2.60238 -1.68971 0.33970
v 2.48586 -1.61903 0.23464
v 2.46541 -1.41702 0.11634
v 2.33865 -1.30098 0.10775
v 2.22969 -1.17428 0.14883
v 2.14922 -1.04933 0.23557
v 2.10510 -0.93837 0.35947
v 2.10166 -0.85225 0.50840
v 2.13923 -0.79940 0.66780
v 2.21413 -0.78501 0.82205
v 2.31904 -0.81046 0.95605
v 2.44368 -0.87328 1.05669
v 2.57586 -0.96732 1.11412
v 2.70263 -1.08337 1.12272
v 2.81158 -1.21006 1.08163
v 2.89205 -1.33501 0.99490
v 2.93617 -1.44597 0.87100
v 2.93961 -1.53209 0.72206
v 2.90204 -1.58494 0.56266
v 2.82714 -1.59934 0.40842
v 2.72223 -1.57388 0.27441
v 2.59759 -1.51106 0.17377
v 2.56010 -1.30916 0.05709
v 2.42528 -1.20230 0.05353
v 2.30911 -1.08382 0.09911
v 2.22298 -0.96531 0.18937
v 2.17531 -0.85837 0.31548
v 2.17078 -0.77348 0.46509
v 2.20982 -0.71894 0.62356
v 2.28861 -0.70009 0.77537
v 2.39945 -0.71878 0.90567
v 2.53147 -0.77317 1.00170
v 2.67177 -0.85795 1.05405
v 2.80660 -0.96481 1.05761
v 2.92276 -1.08329 1.01203
v 3.00890 -1.20180 0.92177
v 3.05656 -1.30874 0.79566
v 3.06110 -1.39363 0.64605
v 3.02206 -1.44817 0.48758
v 2.94326 -1.46702 0.33577
v 2.83243 -1.44833 0.20547
v 2.70040 -1.39394 0.10944
v 2.64580 -1.19351 -0.00505
v 2.50378 -1.09636 -0.00341
v 2.38119 -0.98654 0.04681
v 2.29004 -0.87480 0.14070
v 2.23924 -0.77207 0.26906
v 2.23377 -0.68842 0.41934
v 2.27416 -0.63202 0.57681
v 2.35647 -0.60841 0.72607
v 2.47263 -0.61988 0.85251
v 2.61127 -0.66533 0.94375
v 2.75882 -0.74030 0.99085
v 2.90084 -0.83745 0.98921
v 3.02343 -0.94727 0.93899
v 3.11459 -1.05901 0.84510
v 3.16539 -1.16174 0.71674
v 3.17086 -1.24539 0.56646
v 3.13046 -1.30179 0.40898
v 3.04816 -1.32540 0.25972
v 2.93200 -1.31392 0.13328
v 2.79336 -1.26848 0.04205
v 2.72170 -1.07089 -0.06972
v 2.57339 -0.98391 -0.06274
v 2.44520 -0.88314 -0.00776
v 2.34968 -0.77844 0.08982
v 2.29617 -0.68005 0.22047
v 2.28993 -0.59761 0.37139
v 2.33155 -0.53919 0.52780
v 2.41697 -0.51051 0.67441
v 2.53782 -0.51438 0.79684
v 2.68227 -0.55041 0.88313
v 2.83618 -0.61508 0.92483
v 2.98450 -0.70205 0.91785
v 3.11269 -0.80283 0.86287
v 3.20821 -0.90753 0.76529
v 3.26172 -1.00592 0.63464
v 3.26796 -1.08835 0.48372
v 3.22634 -1.14677 0.32731
v 3.14092 -1.17545 0.18070
v 3.02007 -1.17159 0.05827
v 2.87562 -1.13556 -0.02802
v 2.78710 -0.94223 -0.13653
v 2.63342 -0.86581 -0.12409
v 2.50047 -0.77440 -0.06428
v 2.40125 -0.67694 0.03706
v 2.34547 -0.58298 0.16999
v 2.33861 -0.50172 0.32152
v 2.38132 -0.44110 0.47680
v 2.46943 -0.40707 0.62064
v 2.59431 -0.40295 0.73895
v 2.74374 -0.42914 0.82016
v 2.90309 -0.48309 0.85632
v 3.05677 -0.55951 0.84388
v 3.18972 -0.65092 0.78407
v 3.28894 -0.74838 0.68273
v 3.34472 -0.84233 0.54980
v 3.35158 -0.92360 0.39827
v 3.30887 -0.98422 0.24299
v 3.22076 -1.01825 0.09915
v 3.09588 -1.02237 -0.01916
v 2.94645 -0.99618 -0.10037
v 2.84139 -0.80851 -0.20509
v 2.68330 -0.74296 -0.18711
v 2.54644 -0.66116 -0.12239
v 2.44420 -0.57111 -0.01729
v 2.38659 -0.48162 0.11793
v 2.37924 -0.40145 0.27002
v 2.42289 -0.33846 0.42409
v 2.51324 -0.29880 0.56506
v 2.64147 -0.28636 0.67914
v 2.79502 -0.30236 0.75515
v 2.95886 -0.34523 0.78566
v 3.11694 -0.41078 0.76768
v 3.25381 -0.49258 0.70296
v 3.35605 -0.58263 0.59785
v 3.41366 -0.67212 0.46264
v 3.42100 -0.75229 0.31055
v 3.37736 -0.81528 0.15648
v 3.28700 -0.85494 0.01551
v 3.15877 -0.86738 -0.09857
v 3.00523 -0.85138 -0.17458
v 2.88410 -0.67077 -0.27501
v 2.72257 -0.61635 -0.25142
v 2.58266 -0.54434 -0.18177
v 2.47808 -0.46178 -0.07288
v 2.41905 -0.37676 0.06459
v 2.41136 -0.29760 0.21718
v 2.45576 -0.23205 0.36997
v 2.54790 -0.18652 0.50798
v 2.67876 -0.16548 0.61772
v 2.83554 -0.17098 0.68844
v 3.00289 -0.20248 0.71321
v 3.16442 -0.25690 0.68962
v 3.30433 -0.32892 0.61997
v 3.40891 -0.41148 0.51109
v 3.46794 -0.49650 0.37362
v 3.47563 -0.57566 0.22102
v 3.43123 -0.64121 0.06824
v 3.33909 -0.68673 -0.06978
v 3.20822 -0.70777 -0.17952
v 3.05145 -0.70228 -0.25024
v 2.91487 -0.53011 -0.34590
v 2.75087 -0.48699 -0.31666
v 2.60879 -0.42487 -0.24206
v 2.50253 -0.34985 -0.12940
v 2.44250 -0.26926 0.01029
v 2.43458 -0.19099 0.16333
v 2.47953 -0.12271 0.31475
v 2.57296 -0.07109 0.44972
v 2.70573 -0.04120 0.55503
v 2.86483 -0.03595 0.62038
v 3.03469 -0.05587 0.63936
v 3.19869 -0.09899 0.61012
v 3.34078 -0.16111 0.53552
v 3.44703 -0.23613 0.42286
v 3.50706 -0.31672 0.28317
v 3.51499 -0.39499 0.13013
v 3.47003 -0.46327 -0.02129
v 3.37660 -0.51489 -0.15626
v 3.24384 -0.54478 -0.26157
v 3.08474 -0.55003 -0.32692
v 2.93347 -0.38764 -0.41735
v 2.76799 -0.35592 -0.38244
v 2.62459 -0.30375 -0.30290
v 2.51733 -0.23625 -0.18650
v 2.45669 -0.16001 -0.04465
v 2.44862 -0.08251 0.10878
v 2.49390 -0.01133 0.25876
v 2.58811 0.04656 0.39061
v 2.72201 0.08550 0.49142
v 2.88251 0.10168 0.55134
v 3.05389 0.09350 0.56448
v 3.21937 0.06178 0.52957
v 3.36277 0.00961 0.45003
v 3.47003 -0.05789 0.33363
v 3.53067 -0.13413 0.19178
v 3.53874 -0.21163 0.03835
v 3.49346 -0.28281 -0.11163
v 3.39925 -0.34070 -0.24348
v 3.26535 -0.37964 -0.34429
v 3.10485 -0.39582 -0.40421
vn 0.00000 0.44721 0.89443
vn 0.30902 0.42533 0.85065
vn 0.58779 0.36180 0.72361
vn 0.80902 0.26287 0.52573
vn 0.95106 0.13820 0.27639
vn 1.00000 0.00000 0.00000
vn 0.95106 -0.13820 -0.27639
vn 0.80902 -0.26287 -0.52573
vn 0.58779 -0.36180 -0.72361
vn 0.30902 -0.42533 -0.85065
vn 0.00000 -0.44721 -0.89443
vn -0.30902 -0.42533 -0.85065
vn -0.58779 -0.36180 -0.72361
vn -0.80902 -0.26287 -0.52573
vn -0.95106 -0.13820 -0.27639
vn -1.00000 -0.00000 -0.00000
vn -0.95106 0.13820 0.27639
vn -0.80902 0.26287 0.52573
vn -0.58779 0.36180 0.72361
vn -0.30902 0.42533 0.85065
vn -0.00004 0.44764 0.89421
vn 0.30807 0.44695 0.83984
vn 0.58602 0.40251 0.70325
vn 0.80661 0.31866 0.49783
vn 0.94824 0.20363 0.24368
vn 0.99705 0.06866 -0.03433
vn 0.94826 -0.07303 -0.30898
vn 0.80665 -0.20757 -0.55338
vn 0.58608 -0.32179 -0.74361
vn 0.30814 -0.40452 -0.86106
vn 0.00004 -0.44764 -0.89421
vn -0.30807 -0.44695 -0.83984
vn -0.58602 -0.40251 -0.70325
vn -0.80661 -0.31866 -0.49783
vn -0.94824 -0.20363 -0.24368
vn -0.99705 -0.06866 0.03433
vn -0.94826 0.07303 0.30898
vn -0.80665 0.20757 0.55338
vn -0.58608 0.32179 0.74361
vn -0.30814 0.40452 0.86106
vn -0.00026 0.44891 0.89358
vn 0.30513 0.46925 0.82867
vn 0.58065 0.44366 0.68265
vn 0.79933 0.37463 0.46981
vn 0.93977 0.26894 0.21098
vn 0.98821 0.13692 -0.06850
vn 0.93992 -0.00850 -0.34128
vn 0.79963 -0.15309 -0.58065
vn 0.58106 -0.28270 -0.76318
vn 0.30562 -0.38463 -0.87101
vn 0.00026 -0.44891 -0.89358
vn -0.30513 -0.46925 -0.82867
vn -0.58065 -0.44366 -0.68265
vn -0.79933 -0.37463 -0.46981
vn -0.93977 -0.26894 -0.21098
vn -0.98821 -0.13692 0.06850
vn -0.93992 0.00850 0.34128
vn -0.79963 0.15309 0.58065
vn -0.58106 0.28270 0.76318
vn -0.30562 0.38463 0.87101
vn -0.00080 0.45097 0.89254
vn 0.30008 0.49205 0.81722
vn 0.57158 0.48496 0.66190
vn 0.78713 0.43041 0.44179
vn 0.92563 0.33372 0.17843
vn 0.97352 0.20437 -0.10239
vn 0.92612 0.05501 -0.37319
vn 0.78807 -0.09973 -0.60746
vn 0.57287 -0.24472 -0.78226
vn 0.30159 -0.36574 -0.88050
vn 0.00080 -0.45097 -0.89254
vn -0.30008 -0.49205 -0.81722
vn -0.57158 -0.48496 -0.66190
vn -0.78713 -0.43041 -0.44179
vn -0.92563 -0.33372 -0.17843
vn -0.97352 -0.20437 0.10239
vn -0.92612 -0.05501 0.37319
vn -0.78807 0.09973 0.60746
vn -0.57287 0.24472 0.78226
vn -0.30159 0.36574 0.88050
vn -0.00178 0.45374 0.89113
vn 0.29281 0.51515 0.80553
vn 0.55875 0.52613 0.64108
vn 0.76999 0.48562 0.41387
vn 0.90586 0.39756 0.14616
vn 0.95306 0.27060 -0.13587
vn 0.90696 0.11714 -0.40460
vn 0.77209 -0.04778 -0.63372
vn 0.56164 -0.20803 -0.80080
vn 0.29621 -0.34791 -0.88950
vn 0.00178 -0.45374 -0.89113
vn -0.29281 -0.51515 -0.80553
vn -0.55875 -0.52613 -0.64108
vn -0.76999 -0.48562 -0.41387
vn -0.90586 -0.39756 -0.14616
vn -0.95306 -0.27060 0.13587
vn -0.90696 -0.11714 0.40460
vn -0.77209 0.04778 0.63372
vn -0.56164 0.20803 0.80080
vn -0.29621 0.34791 0.88950
vn -0.00332 0.45712 0.88940
vn 0.28327 0.53833 0.79370
vn 0.54213 0.56684 0.62031
vn 0.74792 0.53987 0.38620
vn 0.88051 0.46005 0.11429
vn 0.92690 0.33520 -0.16881
vn 0.88256 0.17753 -0.43539
vn 0.75183 0.00249 -0.65935
vn 0.54751 -0.17280 -0.81877
vn 0.28959 -0.33117 -0.89803
vn 0.00332 -0.45712 -0.88940
vn -0.28327 -0.53833 -0.79370
vn -0.54213 -0.56684 -0.62031
vn -0.74792 -0.53987 -0.38620
vn -0.88051 -0.46005 -0.11429
vn -0.92690 -0.33520 0.16881
vn -0.88256 -0.17753 0.43539
vn -0.75183 -0.00249 0.65935
vn -0.54751 0.17280 0.81877
vn -0.28959 0.33117 0.89803
vn -0.00550 0.46100 0.88738
vn 0.27139 0.56135 0.78181
vn 0.52172 0.60676 0.59971
vn 0.72098 0.59277 0.35890
vn 0.84966 0.52076 0.08296
vn 0.89518 0.39777 -0.20109
vn 0.85306 0.23584 -0.46547
vn 0.72745 0.05083 -0.68428
vn 0.53062 -0.13915 -0.83611
vn 0.28186 -0.31552 -0.90609
vn 0.00550 -0.46100 -0.88738
vn -0.27139 -0.56135 -0.78181
vn -0.52172 -0.60676 -0.59971
vn -0.72098 -0.59277 -0.35890
vn -0.84966 -0.52076 -0.08296
vn -0.89518 -0.39777 0.20109
vn -0.85306 -0.23584 0.46547
vn -0.72745 -0.05083 0.68428
vn -0.53062 0.13915 0.83611
vn -0.28186 0.31552 0.90609
vn -0.00836 0.46523 0.88515
vn 0.25719 0.58397 0.76996
vn 0.49757 0.64554 0.57940
vn 0.68924 0.64392 0.33212
vn 0.81345 0.57927 0.05233
vn 0.85803 0.45792 -0.23257
vn 0.81862 0.29175 -0.49472
vn 0.69908 0.09701 -0.70843
vn 0.51110 -0.10722 -0.85280
vn 0.27310 -0.30096 -0.91370
vn 0.00836 -0.46523 -0.88515
vn -0.25719 -0.58397 -0.76996
vn -0.49757 -0.64554 -0.57940
vn -0.68924 -0.64392 -0.33212
vn -0.81345 -0.57927 -0.05233
vn -0.85803 -0.45792 0.23257
vn -0.81862 -0.29175 0.49472
vn -0.69908 -0.09701 0.70843
vn -0.51110 0.10722 0.85280
vn -0.27310 0.30096 0.91370
vn -0.01194 0.46967 0.88276
vn 0.24069 0.60591 0.75825
vn 0.46976 0.68284 0.55951
vn 0.65284 0.69293 0.30601
vn 0.77203 0.63519 0.02255
vn 0.81564 0.51527 -0.26312
vn 0.77941 0.34492 -0.52303
vn 0.66688 0.14080 -0.73174
vn 0.48908 -0.07710 -0.86883
vn 0.26340 -0.28746 -0.92086
vn 0.01194 -0.46967 -0.88276
vn -0.24069 -0.60591 -0.75825
vn -0.46976 -0.68284 -0.55951
vn -0.65284 -0.69293 -0.30601
vn -0.77203 -0.63519 -0.02255
vn -0.81564 -0.51527 0.26312
vn -0.77941 -0.34492 0.52303
vn -0.66688 -0.14080 0.73174
vn -0.48908 0.07710 0.86883
vn -0.26340 0.28746 0.92086
vn -0.01621 0.47416 0.88029
vn 0.22197 0.62693 0.74679
vn 0.43842 0.71832 0.54019
vn 0.61195 0.73940 0.28071
vn 0.72558 0.68810 -0.00624
vn 0.76819 0.56945 -0.29259
vn 0.73560 0.39505 -0.55029
vn 0.63101 0.18199 -0.75413
vn 0.46465 -0.04889 -0.88414
vn 0.25280 -0.27499 -0.92762
vn 0.01621 -0.47416 -0.88029
vn -0.22197 -0.62693 -0.74679
vn -0.43842 -0.71832 -0.54019
vn -0.61195 -0.73940 -0.28071
vn -0.72558 -0.68810 0.00624
vn -0.76819 -0.56945 0.29259
vn -0.73560 -0.39505 0.55029
vn -0.63101 -0.18199 0.75413
vn -0.46465 0.04889 0.88414
vn -0.25280 0.27499 0.92762
vn -0.02112 0.47855 0.87781
vn 0.20115 0.64675 0.73570
vn 0.40373 0.75164 0.52158
vn 0.56679 0.78295 0.25641
vn 0.67436 0.73762 -0.03387
vn 0.71593 0.62009 -0.32083
vn 0.68742 0.44186 -0.57638
vn 0.59162 0.22038 -0.77551
vn 0.43790 -0.02268 -0.89874
vn 0.24132 -0.26351 -0.93398
vn 0.02112 -0.47855 -0.87781
vn -0.20115 -0.64675 -0.73570
vn -0.40373 -0.75164 -0.52158
vn -0.56679 -0.78295 -0.25641
vn -0.67436 -0.73762 0.03387
vn -0.71593 -0.62009 0.32083
vn -0.68742 -0.44186 0.57638
vn -0.59162 -0.22038 0.77551
vn -0.43790 0.02268 0.89874
vn -0.24132 0.26351 0.93398
vn -0.02658 0.48268 0.87539
vn 0.17840 0.66513 0.72511
vn 0.36592 0.78246 0.50384
vn 0.51761 0.82321 0.23326
vn 0.61864 0.78337 -0.06016
vn 0.65911 0.66685 -0.34768
vn 0.63507 0.48505 -0.60118
vn 0.54885 0.25578 -0.79582
vn 0.40892 0.00147 -0.91257
vn 0.22895 -0.25299 -0.93999
vn 0.02658 -0.48268 -0.87539
vn -0.17840 -0.66513 -0.72511
vn -0.36592 -0.78246 -0.50384
vn -0.51761 -0.82321 -0.23326
vn -0.61864 -0.78337 0.06016
vn -0.65911 -0.66685 0.34768
vn -0.63507 -0.48505 0.60118
vn -0.54885 -0.25578 0.79582
vn -0.40892 -0.00147 0.91257
vn -0.22895 0.25299 0.93999
vn -0.03243 0.48642 0.87312
vn 0.15396 0.68183 0.71513
vn 0.32527 0.81050 0.48713
vn 0.46475 0.85982 0.21145
vn 0.55873 0.82499 -0.08493
vn 0.59803 0.70939 -0.37300
vn 0.57878 0.52436 -0.62455
vn 0.50288 0.28800 -0.81497
vn 0.37775 0.02345 -0.92561
vn 0.21564 -0.24340 -0.94565
vn 0.03243 -0.48642 -0.87312
vn -0.15396 -0.68183 -0.71513
vn -0.32527 -0.81050 -0.48713
vn -0.46475 -0.85982 -0.21145
vn -0.55873 -0.82499 0.08493
vn -0.59803 -0.70939 0.37300
vn -0.57878 -0.52436 0.62455
vn -0.50288 -0.28800 0.81497
vn -0.37775 -0.02345 0.92561
vn -0.21564 0.24340 0.94565
vn -0.03850 0.48966 0.87106
vn 0.12809 0.69666 0.70588
vn 0.28214 0.83546 0.47159
vn 0.40857 0.89249 0.19115
vn 0.49501 0.86215 -0.10801
vn 0.53300 0.74742 -0.39659
vn 0.51881 0.55952 -0.64636
vn 0.45383 0.31686 -0.83285
vn 0.34444 0.04318 -0.93782
vn 0.20132 -0.23473 -0.95098
vn 0.03850 -0.48966 -0.87106
vn -0.12809 -0.69666 -0.70588
vn -0.28214 -0.83546 -0.47159
vn -0.40857 -0.89249 -0.19115
vn -0.49501 -0.86215 0.10801
vn -0.53300 -0.74742 0.39659
vn -0.51881 -0.55952 0.64636
vn -0.45383 -0.31686 0.83285
vn -0.34444 -0.04318 0.93782
vn -0.20132 0.23473 0.95098
vn -0.04457 0.49231 0.86928
vn 0.10112 0.70944 0.69747
vn 0.23690 0.85713 0.45739
vn 0.34950 0.92091 0.17254
vn 0.42788 0.89455 -0.12920
vn 0.46438 0.78063 -0.41830
vn 0.45543 0.59029 -0.66644
vn 0.40189 0.34217 -0.84936
vn 0.30901 0.06055 -0.94913
vn 0.18589 -0.22699 -0.95599
vn 0.04457 -0.49231 -0.86928
vn -0.10112 -0.70944 -0.69747
vn -0.23690 -0.85713 -0.45739
vn -0.34950 -0.92091 -0.17254
vn -0.42788 -0.89455 0.12920
vn -0.46438 -0.78063 0.41830
vn -0.45543 -0.59029 0.66644
vn -0.40189 -0.34217 0.84936
vn -0.30901 -0.06055 0.94913
vn -0.18589 0.22699 0.95599
vn -0.05036 0.49433 0.86781
vn 0.07343 0.72006 0.69002
vn 0.19002 0.87530 0.44468
vn 0.28801 0.94487 0.15581
vn 0.35781 0.92194 -0.14831
vn 0.39259 0.80877 -0.43791
vn 0.38893 0.61643 -0.68465
vn 0.34721 0.36375 -0.86437
vn 0.27150 0.07546 -0.95948
vn 0.16921 -0.22021 -0.96066
vn 0.05036 -0.49433 -0.86781
vn -0.07343 -0.72006 -0.69002
vn -0.19002 -0.87530 -0.44468
vn -0.28801 -0.94487 -0.15581
vn -0.35781 -0.92194 0.14831
vn -0.39259 -0.80877 0.43791
vn -0.38893 -0.61643 0.68465
vn -0.34721 -0.36375 0.86437
vn -0.27150 -0.07546 0.95948
vn -0.16921 0.22021 0.96066
vn -0.05557 0.49572 0.86670
vn 0.04543 0.72844 0.68360
vn 0.14199 0.88986 0.43359
vn 0.22465 0.96417 0.14113
vn 0.28531 0.94410 -0.16515
vn 0.31805 0.83162 -0.45525
vn 0.31966 0.63773 -0.70080
vn 0.28997 0.38142 -0.87775
vn 0.23191 0.08777 -0.96877
vn 0.15114 -0.21447 -0.96497
vn 0.05557 -0.49572 -0.86670
vn -0.04543 -0.72844 -0.68360
vn -0.14199 -0.88986 -0.43359
vn -0.22465 -0.96417 -0.14113
vn -0.28531 -0.94410 0.16515
vn -0.31805 -0.83162 0.45525
vn -0.31966 -0.63773 0.70080
vn -0.28997 -0.38142 0.87775
vn -0.23191 -0.08777 0.96877
vn -0.15114 0.21447 0.96497
vn -0.05989 0.49653 0.86595
vn 0.01759 0.73458 0.67830
vn 0.09336 0.90072 0.42424
vn 0.15998 0.97870 0.12866
vn 0.21095 0.96087 -0.17951
vn 0.24126 0.84899 -0.47012
vn 0.24796 0.65400 -0.71470
vn 0.23039 0.39500 -0.88933
vn 0.19026 0.09732 -0.97690
vn 0.13151 -0.20987 -0.96884
vn 0.05989 -0.49653 -0.86595
vn -0.01759 -0.73458 -0.67830
vn -0.09336 -0.90072 -0.42424
vn -0.15998 -0.97870 -0.12866
vn -0.21095 -0.96087 0.17951
vn -0.24126 -0.84899 0.47012
vn -0.24796 -0.65400 0.71470
vn -0.23039 -0.39500 0.88933
vn -0.19026 -0.09732 0.97690
vn -0.13151 0.20987 0.96884
vn -0.06297 0.49688 0.86553
vn -0.00960 0.73855 0.67413
vn 0.04472 0.90792 0.41675
vn 0.09466 0.98842 0.11856
vn 0.13533 0.97217 -0.19122
vn 0.16276 0.86076 -0.48229
vn 0.17425 0.66509 -0.72615
vn 0.16869 0.40431 -0.89893
vn 0.14661 0.10396 -0.98372
vn 0.11018 -0.20657 -0.97221
vn 0.06297 -0.49688 -0.86553
vn 0.00960 -0.73855 -0.67413
vn -0.04472 -0.90792 -0.41675
vn -0.09466 -0.98842 -0.11856
vn -0.13533 -0.97217 0.19122
vn -0.16276 -0.86076 0.48229
vn -0.17425 -0.66509 0.72615
vn -0.16869 -0.40431 0.89893
vn -0.14661 -0.10396 0.98372
vn -0.11018 0.20657 0.97221
vn -0.06447 0.49694 0.86539
vn -0.03563 0.74049 0.67113
vn -0.00330 0.91155 0.41117
vn 0.02935 0.99339 0.11096
vn 0.05912 0.97799 -0.20011
vn 0.08311 0.86685 -0.49159
vn 0.09896 0.67086 -0.73495
vn 0.10513 0.40921 -0.90636
vn 0.10101 0.10749 -0.98906
vn 0.08699 -0.20474 -0.97494
vn 0.06447 -0.49694 -0.86539
vn 0.03563 -0.74049 -0.67113
vn 0.00330 -0.91155 -0.41117
vn -0.02935 -0.99339 -0.11096
vn -0.05912 -0.97799 0.20011
vn -0.08311 -0.86685 0.49159
vn -0.09896 -0.67086 0.73495
vn -0.10513 -0.40921 0.90636
vn -0.10101 -0.10749 0.98906
vn -0.08699 0.20474 0.97494
vn -0.06403 0.49695 0.86541
vn -0.05998 0.74063 0.66923
vn -0.05006 0.91182 0.40753
vn -0.03524 0.99375 0.10594
vn -0.01697 0.97840 -0.20601
vn 0.00296 0.86728 -0.49780
vn 0.02260 0.67127 -0.74087
vn 0.04003 0.40955 -0.91141
vn 0.05354 0.10774 -0.99274
vn 0.06181 -0.20462 -0.97689
vn 0.06403 -0.49695 -0.86541
vn 0.05998 -0.74063 -0.66923
vn 0.05006 -0.91182 -0.40753
vn 0.03524 -0.99375 -0.10594
vn 0.01697 -0.97840 0.20601
vn -0.00296 -0.86728 0.49780
vn -0.02260 -0.67127 0.74087
vn -0.04003 -0.40955 0.91141
vn -0.05354 -0.10774 0.99274
vn -0.06181 0.20462 0.97689
vn -0.06136 0.49721 0.86546
vn -0.08216 0.73930 0.66835
vn -0.09492 0.90901 0.40582
vn -0.09838 0.98974 0.10357
vn -0.09221 0.97360 -0.20882
vn -0.07702 0.86215 -0.50077
vn -0.05429 0.66630 -0.74370
vn -0.02624 0.40524 -0.91384
vn 0.00437 0.10450 -0.99451
vn 0.03456 -0.20646 -0.97784
vn 0.06136 -0.49721 -0.86546
vn 0.08216 -0.73930 -0.66835
vn 0.09492 -0.90901 -0.40582
vn 0.09838 -0.98974 -0.10357
vn 0.09221 -0.97360 0.20882
vn 0.07702 -0.86215 0.50077
vn 0.05429 -0.66630 0.74370
vn 0.02624 -0.40524 0.91384
vn -0.00437 -0.10450 0.99451
vn -0.03456 0.20646 0.97784
vn -0.05619 0.49808 0.86531
vn -0.10168 0.73687 0.66835
vn -0.13722 0.90353 0.40596
vn -0.15933 0.98175 0.10383
vn -0.16584 0.96387 -0.20846
vn -0.15612 0.85164 -0.50034
vn -0.13111 0.65604 -0.74325
vn -0.09328 0.39623 -0.91340
vn -0.04631 0.09763 -0.99415
vn 0.00519 -0.21053 -0.97757
vn 0.05619 -0.49808 -0.86531
vn 0.10168 -0.73687 -0.66835
vn 0.13722 -0.90353 -0.40596
vn 0.15933 -0.98175 -0.10383
vn 0.16584 -0.96387 0.20846
vn 0.15612 -0.85164 0.50034
vn 0.13111 -0.65604 0.74325
vn 0.09328 -0.39623 0.91340
vn 0.04631 -0.09763 0.99415
vn -0.00519 0.21053 0.97757
vn -0.04829 0.49993 0.86472
vn -0.11811 0.73382 0.66900
vn -0.17636 0.89588 0.40779
vn -0.21736 0.97025 0.10666
vn -0.23707 0.94964 -0.20490
vn -0.23358 0.83607 -0.49641
vn -0.20723 0.64066 -0.73933
vn -0.16059 0.38254 -0.90987
vn -0.09823 0.08698 -0.99136
vn -0.02626 -0.21710 -0.97580
vn 0.04829 -0.49993 -0.86472
vn 0.11811 -0.73382 -0.66900
vn 0.17636 -0.89588 -0.40779
vn 0.21736 -0.97025 -0.10666
vn 0.23707 -0.94964 0.20490
vn 0.23358 -0.83607 0.49641
vn 0.20723 -0.64066 0.73933
vn 0.16059 -0.38254 0.90987
vn 0.09823 -0.08698 0.99136
vn 0.02626 0.21710 0.97580
vn -0.03753 0.50319 0.86336
vn -0.13108 0.73068 0.67002
vn -0.21180 0.88665 0.41109
vn -0.27178 0.95583 0.11191
vn -0.30516 0.93145 -0.19821
vn -0.30867 0.81588 -0.48894
vn -0.28196 0.62046 -0.73180
vn -0.22765 0.36430 -0.90303
vn -0.15106 0.07248 -0.98586
vn -0.05969 -0.22644 -0.97220
vn 0.03753 -0.50319 -0.86336
vn 0.13108 -0.73068 -0.67002
vn 0.21180 -0.88665 -0.41109
vn 0.27178 -0.95583 -0.11191
vn 0.30516 -0.93145 0.19821
vn 0.30867 -0.81588 0.48894
vn 0.28196 -0.62046 0.73180
vn 0.22765 -0.36430 0.90303
vn 0.15106 -0.07248 0.98586
vn 0.05969 0.22644 0.97220
vn -0.02389 0.50825 0.86088
vn -0.14033 0.72801 0.67105
vn -0.24304 0.87650 0.41554
vn -0.32196 0.93920 0.11935
vn -0.36936 0.90996 -0.18852
vn -0.38061 0.79165 -0.47794
vn -0.35460 0.59585 -0.72057
vn -0.29388 0.34172 -0.89267
vn -0.20439 0.05414 -0.97739
vn -0.09490 -0.23874 -0.96644
vn 0.02389 -0.50825 -0.86088
vn 0.14033 -0.72801 -0.67105
vn 0.24304 -0.87650 -0.41554
vn 0.32196 -0.93920 -0.11935
vn 0.36936 -0.90996 0.18852
vn 0.38061 -0.79165 0.47794
vn 0.35460 -0.59585 0.72057
vn 0.29388 -0.34172 0.89267
vn 0.20439 -0.05414 0.97739
vn 0.09490 0.23874 0.96644
vn -0.00740 0.51549 0.85686
vn -0.14569 0.72637 0.67168
vn -0.26972 0.86615 0.42075
vn -0.36734 0.92115 0.12863
vn -0.42901 0.88597 -0.17607
vn -0.44868 0.76408 -0.46355
vn -0.42443 0.56738 -0.70564
vn -0.35864 0.31515 -0.87867
vn -0.25774 0.03207 -0.96568
vn -0.13161 -0.25415 -0.95817
vn 0.00740 -0.51549 -0.85686
vn 0.14569 -0.72637 -0.67168
vn 0.26972 -0.86615 -0.42075
vn 0.36734 -0.92115 -0.12863
vn 0.42901 -0.88597 0.17607
vn 0.44868 -0.76408 0.46355
vn 0.42443 -0.56738 0.70564
vn 0.35864 -0.31515 0.87867
vn 0.25774 -0.03207 0.96568
vn 0.13161 0.25415 0.95817
vn 0.01174 0.52522 0.85088
vn -0.14711 0.72633 0.67142
vn -0.29157 0.85634 0.42623
vn -0.40748 0.90252 0.13932
vn -0.48351 0.86036 -0.16123
vn -0.51221 0.73398 -0.44599
vn -0.49077 0.53576 -0.68710
vn -0.42129 0.28509 -0.86095
vn -0.31057 0.00651 -0.95053
vn -0.16945 -0.27270 -0.94706
vn -0.01174 -0.52522 -0.85088
vn 0.14711 -0.72633 -0.67142
vn 0.29157 -0.85634 -0.42623
vn 0.40748 -0.90252 -0.13932
vn 0.48351 -0.86036 0.16123
vn 0.51221 -0.73398 0.44599
vn 0.49077 -0.53576 0.68710
vn 0.42129 -0.28509 0.86095
vn 0.31057 -0.00651 0.95053
vn 0.16945 0.27270 0.94706
vn 0.03328 0.53765 0.84251
vn -0.14467 0.72836 0.66975
vn -0.30847 0.84777 0.43142
vn -0.44207 0.88420 0.15087
vn -0.53240 0.83408 -0.14445
vn -0.57061 0.70231 -0.42563
vn -0.55297 0.50179 -0.66515
vn -0.48120 0.25216 -0.83956
vn -0.36233 -0.02216 -0.93179
vn -0.20798 -0.29431 -0.93280
vn -0.03328 -0.53765 -0.84251
vn 0.14467 -0.72836 -0.66975
vn 0.30847 -0.84777 -0.43142
vn 0.44207 -0.88420 -0.15087
vn 0.53240 -0.83408 0.14445
vn 0.57061 -0.70231 0.42563
vn 0.55297 -0.50179 0.66515
vn 0.48120 -0.25216 0.83956
vn 0.36233 0.02216 0.93179
vn 0.20798 0.29431 0.93280
vn 0.05685 0.55285 0.83134
vn -0.13857 0.73285 0.66612
vn -0.32043 0.84112 0.43571
vn -0.47093 0.86705 0.16264
vn -0.57532 0.80811 -0.12635
vn -0.62340 0.67006 -0.40297
vn -0.61045 0.46643 -0.64015
vn -0.53775 0.21714 -0.81466
vn -0.41242 -0.05341 -0.90943
vn -0.24671 -0.31873 -0.91518
vn -0.05685 -0.55285 -0.83134
vn 0.13857 -0.73285 -0.66612
vn 0.32043 -0.84112 -0.43571
vn 0.47093 -0.86705 -0.16264
vn 0.57532 -0.80811 0.12635
vn 0.62340 -0.67006 0.40297
vn 0.61045 -0.46643 0.64015
vn 0.53775 -0.21714 0.81466
vn 0.41242 0.05341 0.90943
vn 0.24671 0.31873 0.91518
vn 0.08199 0.57075 0.81702
vn -0.12913 0.74007 0.66002
vn -0.32762 0.83693 0.43842
vn -0.49403 0.85188 0.17390
vn -0.61208 0.78343 -0.10764
vn -0.67022 0.63830 -0.37865
vn -0.66276 0.43069 -0.61259
vn -0.59041 0.18091 -0.78656
vn -0.46028 -0.08657 -0.88354
vn -0.28509 -0.34557 -0.89404
vn -0.08199 -0.57075 -0.81702
vn 0.12913 -0.74007 -0.66002
vn 0.32762 -0.83693 -0.43842
vn 0.49403 -0.85188 -0.17390
vn 0.61208 -0.78343 0.10764
vn 0.67022 -0.63830 0.37865
vn 0.66276 -0.43069 0.61259
vn 0.59041 -0.18091 0.78656
vn 0.46028 0.08657 0.88354
vn 0.28509 0.34557 0.89404
vn 0.10821 0.59111 0.79930
vn -0.11676 0.75008 0.65096
vn -0.33030 0.83562 0.43890
vn -0.51151 0.83937 0.18388
vn -0.64265 0.76096 -0.08914
vn -0.71088 0.60805 -0.35344
vn -0.70953 0.39563 -0.58313
vn -0.63872 0.14448 -0.75575
vn -0.50539 -0.12082 -0.85439
vn -0.32259 -0.37428 -0.86939
vn -0.10821 -0.59111 -0.79930
vn 0.11676 -0.75008 -0.65096
vn 0.33030 -0.83562 -0.43890
vn 0.51151 -0.83937 -0.18388
vn 0.64265 -0.76096 0.08914
vn 0.71088 -0.60805 0.35344
vn 0.70953 -0.39563 0.58313
vn 0.63872 -0.14448 0.75575
vn 0.50539 0.12082 0.85439
vn 0.32259 0.37428 0.86939
vn 0.13500 0.61351 0.77806
vn -0.10193 0.76280 0.63855
vn -0.32888 0.83742 0.43653
vn -0.52364 0.83007 0.19178
vn -0.66714 0.74147 -0.07174
vn -0.74534 0.58029 -0.32824
vn -0.75057 0.36230 -0.55261
vn -0.68234 0.10885 -0.72289
vn -0.54731 -0.15525 -0.82240
vn -0.35871 -0.40416 -0.84141
vn -0.13500 -0.61351 -0.77806
vn 0.10193 -0.76280 -0.63855
vn 0.32888 -0.83742 -0.43653
vn 0.52364 -0.83007 -0.19178
vn 0.66714 -0.74147 0.07174
vn 0.74534 -0.58029 0.32824
vn 0.75057 -0.36230 0.55261
vn 0.68234 -0.10885 0.72289
vn 0.54731 0.15525 0.82240
vn 0.35871 0.40416 0.84141
vn 0.16184 0.63736 0.75337
vn -0.08516 0.77794 0.62255
vn -0.32383 0.84236 0.43078
vn -0.53080 0.82432 0.19684
vn -0.68581 0.72560 -0.05636
vn -0.77369 0.55585 -0.30405
vn -0.78583 0.33168 -0.52197
vn -0.72105 0.07506 -0.68880
vn -0.58569 -0.18892 -0.78821
vn -0.39300 -0.43440 -0.81046
vn -0.16184 -0.63736 -0.75337
vn 0.08516 -0.77794 -0.62255
vn 0.32383 -0.84236 -0.43078
vn 0.53080 -0.82432 -0.19684
vn 0.68581 -0.72560 0.05636
vn 0.77369 -0.55585 0.30405
vn 0.78583 -0.33168 0.52197
vn 0.72105 -0.07506 0.68880
vn 0.58569 0.18892 0.78821
vn 0.39300 0.43440 0.81046
vn 0.18827 0.66199 0.72548
vn -0.06697 0.79503 0.60286
vn -0.31566 0.85025 0.42123
vn -0.53345 0.82224 0.19836
vn -0.69903 0.71375 -0.04392
vn -0.79617 0.53538 -0.28191
vn -0.81539 0.30462 -0.49230
vn -0.75478 0.04403 -0.65450
vn -0.62030 -0.22087 -0.75263
vn -0.42509 -0.46414 -0.77709
vn -0.18827 -0.66199 -0.72548
vn 0.06697 -0.79503 -0.60286
vn 0.31566 -0.85025 -0.42123
vn 0.53345 -0.82224 -0.19836
vn 0.69903 -0.71375 0.04392
vn 0.79617 -0.53538 0.28191
vn 0.81539 -0.30462 0.49230
vn 0.75478 -0.04403 0.65450
vn 0.62030 0.22087 0.75263
vn 0.42509 0.46414 0.77709
vn 0.21388 0.68659 0.69487
vn -0.04786 0.81347 0.57964
vn -0.30492 0.86072 0.40766
vn -0.53213 0.82371 0.19578
vn -0.70725 0.70608 -0.03526
vn -0.81314 0.51933 -0.26285
vn -0.83944 0.28175 -0.46472
vn -0.78356 0.01658 -0.62109
vn -0.65099 -0.25021 -0.71667
vn -0.45469 -0.49250 -0.74209
vn -0.21388 -0.68659 -0.69487
vn 0.04786 -0.81347 -0.57964
vn 0.30492 -0.86072 -0.40766
vn 0.53213 -0.82371 -0.19578
vn 0.70725 -0.70608 0.03526
vn 0.81314 -0.51933 0.26285
vn 0.83944 -0.28175 0.46472
vn 0.78356 -0.01658 0.62109
vn 0.65099 0.25021 0.71667
vn 0.45469 0.49250 0.74209
vn 0.23833 0.71037 0.66225
vn -0.02828 0.83254 0.55324
vn -0.29212 0.87322 0.39007
vn -0.52736 0.82842 0.18873
vn -0.71098 0.70252 -0.03109
vn -0.82501 0.50786 -0.24787
vn -0.85827 0.26349 -0.44038
vn -0.80753 -0.00668 -0.58979
vn -0.67774 -0.27619 -0.68146
vn -0.48160 -0.51867 -0.70643
vn -0.23833 -0.71037 -0.66225
vn 0.02828 -0.83254 -0.55324
vn 0.29212 -0.87322 -0.39007
vn 0.52736 -0.82842 -0.18873
vn 0.71098 -0.70252 0.03109
vn 0.82501 -0.50786 0.24787
vn 0.85827 -0.26349 0.44038
vn 0.80753 0.00668 0.58979
vn 0.67774 0.27619 0.68146
vn 0.48160 0.51867 0.70643
vn 0.26133 0.73258 0.62851
vn -0.00862 0.85151 0.52427
vn -0.27773 0.88709 0.36870
vn -0.51966 0.83583 0.17704
vn -0.71071 0.70276 -0.03194
vn -0.83220 0.50089 -0.23780
vn -0.87223 0.25000 -0.42039
vn -0.82687 -0.02537 -0.56182
vn -0.70058 -0.29825 -0.64826
vn -0.50571 -0.54194 -0.67124
vn -0.26133 -0.73258 -0.62851
vn 0.00862 -0.85151 -0.52427
vn 0.27773 -0.88709 -0.36870
vn 0.51966 -0.83583 -0.17704
vn 0.71071 -0.70276 0.03194
vn 0.83220 -0.50089 0.23780
vn 0.87223 -0.25000 0.42039
vn 0.82687 0.02537 0.56182
vn 0.70058 0.29825 0.64826
vn 0.50571 0.54194 0.67124
vn 0.28268 0.75256 0.59477
vn 0.01076 0.86964 0.49356
vn -0.26220 0.90160 0.34404
vn -0.50950 0.84530 0.16085
vn -0.70693 0.70626 -0.03809
vn -0.83515 0.49808 -0.23330
vn -0.88163 0.24115 -0.40568
vn -0.84181 -0.03939 -0.53834
vn -0.71958 -0.31607 -0.61831
vn -0.52692 -0.56181 -0.63775
vn -0.28268 -0.75256 -0.59477
vn -0.01076 -0.86964 -0.49356
vn 0.26220 -0.90160 -0.34404
vn 0.50950 -0.84530 -0.16085
vn 0.70693 -0.70626 0.03809
vn 0.83515 -0.49808 0.23330
vn 0.88163 -0.24115 0.40568
vn 0.84181 0.03939 0.53834
vn 0.71958 0.31607 0.61831
vn 0.52692 0.56181 0.63775
vn 0.30215 0.76981 0.56222
vn 0.02957 0.88631 0.46215
vn -0.24591 0.91604 0.31685
vn -0.49732 0.85611 0.14053
vn -0.70005 0.71237 -0.04955
vn -0.83425 0.49891 -0.23477
vn -0.88679 0.23660 -0.39702
vn -0.85252 -0.04886 -0.52040
vn -0.73481 -0.32954 -0.59284
vn -0.54516 -0.57797 -0.60725
vn -0.30215 -0.76981 -0.56222
vn -0.02957 -0.88631 -0.46215
vn 0.24591 -0.91604 -0.31685
vn 0.49732 -0.85611 -0.14053
vn 0.70005 -0.71237 0.04955
vn 0.83425 -0.49891 0.23477
vn 0.88679 -0.23660 0.39702
vn 0.85252 0.04886 0.52040
vn 0.73481 0.32954 0.59284
vn 0.54516 0.57797 0.60725
vn 0.31955 0.78403 0.53215
vn 0.04748 0.90100 0.43122
vn -0.22924 0.92976 0.28809
vn -0.48351 0.86752 0.11675
vn -0.69046 0.72035 -0.06601
vn -0.82982 0.50268 -0.24232
vn -0.88795 0.23579 -0.39490
vn -0.85916 -0.05417 -0.50883
vn -0.74627 -0.33883 -0.57295
vn -0.56034 -0.59032 -0.58098
vn -0.31955 -0.78403 -0.53215
vn -0.04748 -0.90100 -0.43122
vn 0.22924 -0.92976 -0.28809
vn 0.48351 -0.86752 -0.11675
vn 0.69046 -0.72035 0.06601
vn 0.82982 -0.50268 0.24232
vn 0.88795 -0.23579 0.39490
vn 0.85916 0.05417 0.50883
vn 0.74627 0.33883 0.57295
vn 0.56034 0.59032 0.58098
vn 0.33461 0.79512 0.50579
vn 0.06418 0.91338 0.40201
vn -0.21253 0.94224 0.25888
vn -0.46844 0.87886 0.09041
vn -0.67849 0.72945 -0.08691
vn -0.82212 0.50864 -0.25573
vn -0.88529 0.23804 -0.39951
vn -0.86179 -0.05586 -0.50418
vn -0.75393 -0.34429 -0.55950
vn -0.57228 -0.59903 -0.56006
vn -0.33461 -0.79512 -0.50579
vn -0.06418 -0.91338 -0.40201
vn 0.21253 -0.94224 -0.25888
vn 0.46844 -0.87886 -0.09041
vn 0.67849 -0.72945 0.08691
vn 0.82212 -0.50864 0.25573
vn 0.88529 -0.23804 0.39951
vn 0.86179 0.05586 0.50418
vn 0.75393 0.34429 0.55950
vn 0.57228 0.59903 0.56006
vn 0.34699 0.80316 0.48428
vn 0.07928 0.92332 0.37576
vn -0.19620 0.95310 0.23045
vn -0.45247 0.88958 0.06259
vn -0.66445 0.73899 -0.11140
vn -0.81138 0.51605 -0.27448
vn -0.87890 0.24261 -0.41070
vn -0.86038 -0.05459 -0.50672
vn -0.75764 -0.34644 -0.55313
vn -0.58074 -0.60438 -0.54540
vn -0.34699 -0.80316 -0.48428
vn -0.07928 -0.92332 -0.37576
vn 0.19620 -0.95310 -0.23045
vn 0.45247 -0.88958 -0.06259
vn 0.66445 -0.73899 0.11140
vn 0.81138 -0.51605 0.27448
vn 0.87890 -0.24261 0.41070
vn 0.86038 0.05459 0.50672
vn 0.75764 0.34644 0.55313
vn 0.58074 0.60438 0.54540
vn 0.35630 0.80839 0.46857
vn 0.09233 0.93083 0.35361
vn -0.18068 0.96214 0.20404
vn -0.43601 0.89928 0.03450
vn -0.64865 0.74839 -0.13843
vn -0.79780 0.52424 -0.29780
vn -0.86886 0.24878 -0.42802
vn -0.85486 -0.05104 -0.51634
vn -0.75719 -0.34586 -0.55412
vn -0.58539 -0.60683 -0.53766
vn -0.35630 -0.80839 -0.46857
vn -0.09233 -0.93083 -0.35361
vn 0.18068 -0.96214 -0.20404
vn 0.43601 -0.89928 -0.03450
vn 0.64865 -0.74839 0.13843
vn 0.79780 -0.52424 0.29780
vn 0.86886 -0.24878 0.42802
vn 0.85486 0.05104 0.51634
vn 0.75719 0.34586 0.55412
vn 0.58539 0.60683 0.53766
vn 0.36201 0.81115 0.45933
vn 0.10277 0.93605 0.33653
vn -0.16654 0.96932 0.18079
vn -0.41954 0.90771 0.00735
vn -0.63147 0.75724 -0.16680
vn -0.78159 0.53266 -0.32463
vn -0.85521 0.25593 -0.45069
vn -0.84511 -0.04585 -0.53262
vn -0.75228 -0.34315 -0.56242
vn -0.58582 -0.60685 -0.53717
vn -0.36201 -0.81115 -0.45933
vn -0.10277 -0.93605 -0.33653
vn 0.16654 -0.96932 -0.18079
vn 0.41954 -0.90771 -0.00735
vn 0.63147 -0.75724 0.16680
vn 0.78159 -0.53266 0.32463
vn 0.85521 -0.25593 0.45069
vn 0.84511 0.04585 0.53262
vn 0.75228 0.34315 0.56242
vn 0.58582 0.60685 0.53717
vn 0.36357 0.81179 0.45696
vn 0.10998 0.93921 0.32526
vn -0.15437 0.97469 0.16172
vn -0.40361 0.91476 -0.01765
vn -0.61335 0.76529 -0.19530
vn -0.76304 0.54090 -0.35382
vn -0.83804 0.26357 -0.47772
vn -0.83101 -0.03956 -0.55484
vn -0.74264 -0.33882 -0.57766
vn -0.58157 -0.60491 -0.54393
vn -0.36357 -0.81179 -0.45696
vn -0.10998 -0.93921 -0.32526
vn 0.15437 -0.97469 -0.16172
vn 0.40361 -0.91476 0.01765
vn 0.61335 -0.76529 0.19530
vn 0.76304 -0.54090 0.35382
vn 0.83804 -0.26357 0.47772
vn 0.83101 0.03956 0.55484
vn 0.74264 0.33882 0.57766
vn 0.58157 0.60491 0.54393
vn 0.36036 0.81064 0.46151
vn 0.11328 0.94054 0.32023
vn -0.14490 0.97838 0.14760
vn -0.38889 0.92044 -0.03948
vn -0.59481 0.77240 -0.22269
vn -0.74251 0.54876 -0.38411
vn -0.81753 0.27140 -0.50793
vn -0.81252 -0.03253 -0.58202
vn -0.72798 -0.33327 -0.59915
vn -0.57218 -0.60139 -0.55762
vn -0.36036 -0.81064 -0.46151
vn -0.11328 -0.94054 -0.32023
vn 0.14490 -0.97838 -0.14760
vn 0.38889 -0.92044 0.03948
vn 0.59481 -0.77240 0.22269
vn 0.74251 -0.54876 0.38411
vn 0.81753 -0.27140 0.50793
vn 0.81252 0.03253 0.58202
vn 0.72798 0.33327 0.59915
vn 0.57218 0.60139 0.55762
vn 0.35182 0.80793 0.47272
vn 0.11196 0.94024 0.32158
vn -0.13886 0.98052 0.13895
vn -0.37609 0.92481 -0.05728
vn -0.57651 0.77858 -0.24790
vn -0.72049 0.55613 -0.41425
vn -0.79395 0.27925 -0.54006
vn -0.78969 -0.02497 -0.61300
vn -0.70813 -0.32674 -0.62594
vn -0.55725 -0.59653 -0.57760
vn -0.35182 -0.80793 -0.47272
vn -0.11196 -0.94024 -0.32158
vn 0.13886 -0.98052 -0.13895
vn 0.37609 -0.92481 0.05728
vn 0.57651 -0.77858 0.24790
vn 0.72049 -0.55613 0.41425
vn 0.79395 -0.27925 0.54006
vn 0.78969 0.02497 0.61300
vn 0.70813 0.32674 0.62594
vn 0.55725 0.59653 0.57760
vn 0.33745 0.80374 0.49003
vn 0.10536 0.93839 0.32912
vn -0.13703 0.98119 0.13599
vn -0.36602 0.92794 -0.07045
vn -0.55917 0.78385 -0.26999
vn -0.69759 0.56304 -0.44311
vn -0.76773 0.28712 -0.57285
vn -0.76271 -0.01691 -0.64652
vn -0.68304 -0.31929 -0.65690
vn -0.53650 -0.59041 -0.60298
vn -0.33745 -0.80374 -0.49003
vn -0.10536 -0.93839 -0.32912
vn 0.13703 -0.98119 -0.13599
vn 0.36602 -0.92794 0.07045
vn 0.55917 -0.78385 0.26999
vn 0.69759 -0.56304 0.44311
vn 0.76773 -0.28712 0.57285
vn 0.76271 0.01691 0.64652
vn 0.68304 0.31929 0.65690
vn 0.53650 0.59041 0.60298
vn 0.31686 0.79800 0.51263
vn 0.09292 0.93495 0.34240
vn -0.14013 0.98038 0.13865
vn -0.35946 0.92984 -0.07867
vn -0.54360 0.78828 -0.28829
vn -0.67453 0.56956 -0.46969
vn -0.73943 0.29509 -0.60511
vn -0.73195 -0.00827 -0.68130
vn -0.65283 -0.31081 -0.69080
vn -0.50980 -0.58294 -0.63268
vn -0.31686 -0.79800 -0.51263
vn -0.09292 -0.93495 -0.34240
vn 0.14013 -0.98038 -0.13865
vn 0.35946 -0.92984 0.07867
vn 0.54360 -0.78828 0.28829
vn 0.67453 -0.56956 0.46969
vn 0.73943 -0.29509 0.60511
vn 0.73195 0.00827 0.68130
vn 0.65283 0.31081 0.69080
vn 0.50980 0.58294 0.63268
vn 0.28989 0.79049 0.53953
vn 0.07419 0.92972 0.36071
vn -0.14877 0.97795 0.14659
vn -0.35717 0.93044 -0.08188
vn -0.53061 0.79186 -0.30234
vn -0.65211 0.57577 -0.49320
vn -0.70977 0.30331 -0.63579
vn -0.69796 0.00117 -0.71614
vn -0.61783 -0.30109 -0.72638
vn -0.47722 -0.57388 -0.66553
vn -0.28989 -0.79049 -0.53953
vn -0.07419 -0.92972 -0.36071
vn 0.14877 -0.97795 -0.14659
vn 0.35717 -0.93044 0.08188
vn 0.53061 -0.79186 0.30234
vn 0.65211 -0.57577 0.49320
vn 0.70977 -0.30331 0.63579
vn 0.69796 -0.00117 0.71614
vn 0.61783 0.30109 0.72638
vn 0.47722 0.57388 0.66553
vn 0.25657 0.78085 0.56960
vn 0.04897 0.92238 0.38316
vn -0.16342 0.97362 0.15921
vn -0.35981 0.92956 -0.08032
vn -0.52099 0.79450 -0.31199
vn -0.63116 0.58168 -0.51312
vn -0.67955 0.31191 -0.66402
vn -0.66142 0.01161 -0.74992
vn -0.57855 -0.28982 -0.76242
vn -0.43905 -0.56289 -0.70028
vn -0.25657 -0.78085 -0.56960
vn -0.04897 -0.92238 -0.38316
vn 0.16342 -0.97362 -0.15921
vn 0.35981 -0.92956 0.08032
vn 0.52099 -0.79450 0.31199
vn 0.63116 -0.58168 0.51312
vn 0.67955 -0.31191 0.66402
vn 0.66142 -0.01161 0.74992
vn 0.57855 0.28982 0.76242
vn 0.43905 0.56289 0.70028
vn 0.21715 0.76865 0.60168
vn 0.01725 0.91250 0.40872
vn -0.18435 0.96702 0.17576
vn -0.36790 0.92688 -0.07442
vn -0.51544 0.79602 -0.31730
vn -0.61252 0.58723 -0.52913
vn -0.64964 0.32097 -0.68916
vn -0.62318 0.02328 -0.78173
vn -0.53571 -0.27669 -0.79778
vn -0.39580 -0.54957 -0.73574
vn -0.21715 -0.76865 -0.60168
vn -0.01725 -0.91250 -0.40872
vn 0.18435 -0.96702 -0.17576
vn 0.36790 -0.92688 0.07442
vn 0.51544 -0.79602 0.31730
vn 0.61252 -0.58723 0.52913
vn 0.64964 -0.32097 0.68916
vn 0.62318 -0.02328 0.78173
vn 0.53571 0.27669 0.79778
vn 0.39580 0.54957 0.73574
vn 0.17216 0.75340 0.63462
vn -0.02073 0.89955 0.43633
vn -0.21159 0.95764 0.19532
vn -0.38174 0.92199 -0.06481
vn -0.51452 0.79610 -0.31859
vn -0.59694 0.59227 -0.54119
vn -0.62092 0.33047 -0.71081
vn -0.58412 0.03632 -0.81085
vn -0.49015 -0.26139 -0.83152
vn -0.34819 -0.53351 -0.77080
vn -0.17216 -0.75340 -0.63462
vn 0.02073 -0.89955 -0.43633
vn 0.21159 -0.95764 -0.19532
vn 0.38174 -0.92199 0.06481
vn 0.51452 -0.79610 0.31859
vn 0.59694 -0.59227 0.54119
vn 0.62092 -0.33047 0.71081
vn 0.58412 -0.03632 0.81085
vn 0.49015 0.26139 0.83152
vn 0.34819 0.53351 0.77080
vn 0.12229 0.73464 0.66735
vn -0.06448 0.88301 0.46489
vn -0.24494 0.94496 0.21694
vn -0.40143 0.91440 -0.05226
vn -0.51862 0.79433 -0.31634
vn -0.58504 0.59651 -0.54945
vn -0.59420 0.34030 -0.72878
vn -0.54519 0.05078 -0.83677
vn -0.44282 -0.24371 -0.86285
vn -0.29709 -0.51435 -0.80447
vn -0.12229 -0.73464 -0.66735
vn 0.06448 -0.88301 -0.46489
vn 0.24494 -0.94496 -0.21694
vn 0.40143 -0.91440 0.05226
vn 0.51862 -0.79433 0.31634
vn 0.58504 -0.59651 0.54945
vn 0.59420 -0.34030 0.72878
vn 0.54519 -0.05078 0.83677
vn 0.44282 0.24371 0.86285
vn 0.29709 0.51435 0.80447
vn 0.06845 0.71195 0.69889
vn -0.11330 0.86239 0.49340
vn -0.28396 0.92841 0.23962
vn -0.42682 0.90356 -0.03761
vn -0.52790 0.79025 -0.31117
vn -0.57730 0.59959 -0.55426
vn -0.57020 0.35024 -0.74310
vn -0.50728 0.06661 -0.85920
vn -0.39470 -0.22355 -0.89120
vn -0.24349 -0.49182 -0.83596
vn -0.06845 -0.71195 -0.69889
vn 0.11330 -0.86239 -0.49340
vn 0.28396 -0.92841 -0.23962
vn 0.42682 -0.90356 0.03761
vn 0.52790 -0.79025 0.31117
vn 0.57730 -0.59959 0.55426
vn 0.57020 -0.35024 0.74310
vn 0.50728 -0.06661 0.85920
vn 0.39470 0.22355 0.89120
vn 0.24349 0.49182 0.83596
vn 0.01163 0.68503 0.72843
vn -0.16631 0.83724 0.52093
vn -0.32797 0.90750 0.26244
vn -0.45753 0.88893 -0.02173
vn -0.54230 0.78334 -0.30378
vn -0.57399 0.60108 -0.55610
vn -0.54949 0.35997 -0.75398
vn -0.47121 0.08363 -0.87805
vn -0.34679 -0.20089 -0.91617
vn -0.18844 -0.46576 -0.86462
vn -0.01163 -0.68503 -0.72843
vn 0.16631 -0.83724 -0.52093
vn 0.32797 -0.90750 -0.26244
vn 0.45753 -0.88893 0.02173
vn 0.54230 -0.78334 0.30378
vn 0.57399 -0.60108 0.55610
vn 0.54949 -0.35997 0.75398
vn 0.47121 -0.08363 0.87805
vn 0.34679 0.20089 0.91617
vn 0.18844 0.46576 0.86462
vn -0.04706 0.65368 0.75531
vn -0.22249 0.80725 0.54667
vn -0.37614 0.88179 0.28453
vn -0.49297 0.87003 -0.00547
vn -0.56155 0.77310 -0.29493
vn -0.57516 0.60049 -0.55553
vn -0.53246 0.36910 -0.76174
vn -0.43765 0.10158 -0.89339
vn -0.30000 -0.17588 -0.93759
vn -0.13298 -0.43612 -0.89001
vn 0.04706 -0.65368 -0.75531
vn 0.22249 -0.80725 -0.54667
vn 0.37614 -0.88179 -0.28453
vn 0.49297 -0.87003 0.00547
vn 0.56155 -0.77310 0.29493
vn 0.57516 -0.60049 0.55553
vn 0.53246 -0.36910 0.76174
vn 0.43765 -0.10158 0.89339
vn 0.30000 0.17588 0.93759
vn 0.13298 0.43612 0.89001
vn -0.10654 0.61785 0.77905
vn -0.28076 0.77220 0.56998
vn -0.42749 0.85097 0.30512
vn -0.53238 0.84644 0.01039
vn -0.58516 0.75905 -0.28535
vn -0.58066 0.59737 -0.55317
vn -0.51932 0.37720 -0.76683
vn -0.40714 0.12012 -0.90543
vn -0.25511 -0.14873 -0.95540
vn -0.07811 -0.40301 -0.91186
vn 0.10654 -0.61785 -0.77905
vn 0.28076 -0.77220 -0.56998
vn 0.42749 -0.85097 -0.30512
vn 0.53238 -0.84644 -0.01039
vn 0.58516 -0.75905 0.28535
vn 0.58066 -0.59737 0.55317
vn 0.51932 -0.37720 0.76683
vn 0.40714 -0.12012 0.90543
vn 0.25511 0.14873 0.95540
vn 0.07811 0.40301 0.91186
vn -0.16573 0.57761 0.79931
vn -0.33999 0.73205 0.59035
vn -0.48096 0.81484 0.32359
vn -0.57486 0.81786 0.02516
vn -0.61249 0.74083 -0.27574
vn -0.59016 0.59128 -0.54964
vn -0.51006 0.38385 -0.76974
vn -0.38003 0.13885 -0.91449
vn -0.21281 -0.11975 -0.96973
vn -0.02475 -0.36662 -0.93004
vn 0.16573 -0.57761 -0.79931
vn 0.33999 -0.73205 -0.59035
vn 0.48096 -0.81484 -0.32359
vn 0.57486 -0.81786 -0.02516
vn 0.61249 -0.74083 0.27574
vn 0.59016 -0.59128 0.54964
vn 0.51006 -0.38385 0.76974
vn 0.38003 -0.13885 0.91449
vn 0.21281 0.11975 0.96973
vn 0.02475 0.36662 0.93004
vn -0.22364 0.53315 0.81593
vn -0.39908 0.68687 0.60741
vn -0.53546 0.77335 0.33944
vn -0.61942 0.78413 0.03824
vn -0.64275 0.71815 -0.26671
vn -0.60316 0.58188 -0.54554
vn -0.50453 0.38865 -0.77098
vn -0.35651 0.15737 -0.92094
vn -0.17360 -0.08931 -0.98076
vn 0.02631 -0.32725 -0.94457
vn 0.22364 -0.53315 -0.81593
vn 0.39908 -0.68687 -0.60741
vn 0.53546 -0.77335 -0.33944
vn 0.61942 -0.78413 -0.03824
vn 0.64275 -0.71815 0.26671
vn 0.60316 -0.58188 0.54554
vn 0.50453 -0.38865 0.77098
vn 0.35651 -0.15737 0.92094
vn 0.17360 0.08931 0.98076
vn -0.02631 0.32725 0.94457
vn -0.27939 0.48477 0.82882
vn -0.45701 0.63684 0.62095
vn -0.58989 0.72658 0.35229
vn -0.66504 0.74519 0.04915
vn -0.67508 0.69086 -0.25880
vn -0.61904 0.56890 -0.54142
vn -0.50241 0.39126 -0.77104
vn -0.33660 0.17532 -0.92518
vn -0.13784 -0.05779 -0.98877
vn 0.07442 -0.28524 -0.95556
vn 0.27939 -0.48477 -0.82882
vn 0.45701 -0.63684 -0.62095
vn 0.58989 -0.72658 -0.35229
vn 0.66504 -0.74519 -0.04915
vn 0.67508 -0.69086 0.25880
vn 0.61904 -0.56890 0.54142
vn 0.50241 -0.39126 0.77104
vn 0.33660 -0.17532 0.92518
vn 0.13784 0.05779 0.98877
vn -0.07442 0.28524 0.95556
vn -0.33219 0.43282 0.83804
vn -0.51281 0.58227 0.63086
vn -0.64323 0.67473 0.36192
vn -0.71069 0.70115 0.05755
vn -0.70858 0.65893 -0.25245
vn -0.63711 0.55220 -0.53774
vn -0.50327 0.39143 -0.77039
vn -0.32017 0.19234 -0.92763
vn -0.10573 -0.02558 -0.99407
vn 0.11906 -0.24099 -0.96320
vn 0.33219 -0.43282 -0.83804
vn 0.51281 -0.58227 -0.63086
vn 0.64323 -0.67473 -0.36192
vn 0.71069 -0.70115 -0.05755
vn 0.70858 -0.65893 0.25245
vn 0.63711 -0.55220 0.53774
vn 0.50327 -0.39143 0.77039
vn 0.32017 -0.19234 0.92763
vn 0.10573 0.02558 0.99407
vn -0.11906 0.24099 0.96320
vn -0.38143 0.37772 0.84371
vn -0.56566 0.52355 0.63712
vn -0.69452 0.61813 0.36817
vn -0.75540 0.65221 0.06318
vn -0.74234 0.62244 -0.24800
vn -0.65661 0.53174 -0.53490
vn -0.50660 0.38899 -0.76944
vn -0.30701 0.20817 -0.92866
vn -0.07736 0.00697 -0.99698
vn 0.15985 -0.19492 -0.96771
vn 0.38143 -0.37772 -0.84371
vn 0.56566 -0.52355 -0.63712
vn 0.69452 -0.61813 -0.36817
vn 0.75540 -0.65221 -0.06318
vn 0.74234 -0.62244 0.24800
vn 0.65661 -0.53174 0.53490
vn 0.50660 -0.38899 0.76944
vn 0.30701 -0.20817 0.92866
vn 0.07736 -0.00697 0.99698
vn -0.15985 0.19492 0.96771
vn -0.42657 0.31993 0.84598
vn -0.61483 0.46112 0.63981
vn -0.74291 0.55718 0.37100
vn -0.79826 0.59870 0.06588
vn -0.77548 0.58161 -0.24569
vn -0.67679 0.50759 -0.53321
vn -0.51185 0.38388 -0.76854
vn -0.29680 0.22260 -0.92863
vn -0.05270 0.03953 -0.99783
vn 0.19655 -0.14741 -0.96935
vn 0.42657 -0.31993 -0.84598
vn 0.61483 -0.46112 -0.63981
vn 0.74291 -0.55718 -0.37100
vn 0.79826 -0.59870 -0.06588
vn 0.77548 -0.58161 0.24569
vn 0.67679 -0.50759 0.53321
vn 0.51185 -0.38388 0.76854
vn 0.29680 -0.22260 0.92863
vn 0.05270 -0.03953 0.99783
vn -0.19655 0.14741 0.96935
vn -0.46723 0.25988 0.84508
vn -0.65972 0.39547 0.63905
vn -0.78763 0.49234 0.37046
vn -0.83845 0.54102 0.06560
vn -0.80719 0.53674 -0.24567
vn -0.69692 0.47992 -0.53290
vn -0.51843 0.37613 -0.76796
vn -0.28919 0.23551 -0.92785
vn -0.03164 0.07184 -0.99691
vn 0.22900 -0.09886 -0.96839
vn 0.46723 -0.25988 -0.84508
vn 0.65972 -0.39547 -0.63905
vn 0.78763 -0.49234 -0.37046
vn 0.83845 -0.54102 -0.06560
vn 0.80719 -0.53674 0.24567
vn 0.69692 -0.47992 0.53290
vn 0.51843 -0.37613 0.76796
vn 0.28919 -0.23551 0.92785
vn 0.03164 -0.07184 0.99691
vn -0.22900 0.09886 0.96839
vn -0.50311 0.19804 0.84122
vn -0.69984 0.32710 0.63500
vn -0.82807 0.42414 0.36662
vn -0.87524 0.47966 0.06235
vn -0.83673 0.48823 -0.24802
vn -0.71632 0.44901 -0.53412
vn -0.52579 0.36583 -0.76793
vn -0.28379 0.24685 -0.92657
vn -0.01401 0.10370 -0.99451
vn 0.25714 -0.04960 -0.96510
vn 0.50311 -0.19804 -0.84122
vn 0.69984 -0.32710 -0.63500
vn 0.82807 -0.42414 -0.36662
vn 0.87524 -0.47966 -0.06235
vn 0.83673 -0.48823 0.24802
vn 0.71632 -0.44901 0.53412
vn 0.52579 -0.36583 0.76793
vn 0.28379 -0.24685 0.92657
vn 0.01401 -0.10370 0.99451
vn -0.25714 0.04960 0.96510
vn -0.53403 0.13484 0.83464
vn -0.73483 0.25654 0.62786
vn -0.86370 0.35312 0.35963
vn -0.90802 0.41514 0.05619
vn -0.86346 0.43653 -0.25275
vn -0.73438 0.41518 -0.53695
vn -0.53341 0.35319 -0.76859
vn -0.28023 0.25663 -0.92499
vn 0.00039 0.13495 -0.99085
vn 0.28096 0.00006 -0.95972
vn 0.53403 -0.13484 -0.83464
vn 0.73483 -0.25654 -0.62786
vn 0.86370 -0.35312 -0.35963
vn 0.90802 -0.41514 -0.05619
vn 0.86346 -0.43653 0.25275
vn 0.73438 -0.41518 0.53695
vn 0.53341 -0.35319 0.76859
vn 0.28023 -0.25663 0.92499
vn -0.00039 -0.13495 0.99085
vn -0.28096 -0.00006 0.95972
vn -0.55987 0.07068 0.82556
vn -0.76440 0.18429 0.61785
vn -0.89411 0.27986 0.34965
vn -0.93629 0.34803 0.04722
vn -0.88683 0.38213 -0.25982
vn -0.75056 0.37883 -0.54143
vn -0.54081 0.33845 -0.77005
vn -0.27813 0.26494 -0.92328
vn 0.01177 0.16549 -0.98614
vn 0.30053 0.04984 -0.95247
vn 0.55987 -0.07068 -0.82556
vn 0.76440 -0.18429 -0.61785
vn 0.89411 -0.27986 -0.34965
vn 0.93629 -0.34803 -0.04722
vn 0.88683 -0.38213 0.25982
vn 0.75056 -0.37883 0.54143
vn 0.54081 -0.33845 0.77005
vn 0.27813 -0.26494 0.92328
vn -0.01177 -0.16549 0.98614
vn -0.30053 -0.04984 0.95247
vn -0.58055 0.00597 0.81420
vn -0.78835 0.11087 0.60516
vn -0.91898 0.20491 0.33687
vn -0.95966 0.27890 0.03561
vn -0.90640 0.32559 -0.26914
vn -0.76441 0.34040 -0.54754
vn -0.54760 0.32190 -0.77234
vn -0.27719 0.27188 -0.92155
vn 0.02036 0.19526 -0.98054
vn 0.31592 0.09951 -0.94355
vn 0.58055 -0.00597 -0.81420
vn 0.78835 -0.11087 -0.60516
vn 0.91898 -0.20491 -0.33687
vn 0.95966 -0.27890 -0.03561
vn 0.90640 -0.32559 0.26914
vn 0.76441 -0.34040 0.54754
vn 0.54760 -0.32190 0.77234
vn 0.27719 -0.27188 0.92155
vn -0.02036 -0.19526 0.98054
vn -0.31592 -0.09951 0.94355
vn -0.59607 -0.05895 0.80077
vn -0.80656 0.03675 0.59001
vn -0.93811 0.12885 0.32149
vn -0.97782 0.20834 0.02150
vn -0.92182 0.26743 -0.28059
vn -0.77558 0.30034 -0.55521
vn -0.55343 0.30386 -0.77549
vn -0.27710 0.27763 -0.91986
vn 0.02635 0.22423 -0.97418
vn 0.32722 0.14887 -0.93315
vn 0.59607 0.05895 -0.80077
vn 0.80656 -0.03675 -0.59001
vn 0.93811 -0.12885 -0.32149
vn 0.97782 -0.20834 -0.02150
vn 0.92182 -0.26743 0.28059
vn 0.77558 -0.30034 0.55521
vn 0.55343 -0.30386 0.77549
vn 0.27710 -0.27763 0.91986
vn -0.02635 -0.22423 0.97418
vn -0.32722 -0.14887 0.93315
vn -0.60645 -0.12372 0.78544
vn -0.81897 -0.03759 0.57260
vn -0.95133 0.05222 0.30371
vn -0.99057 0.13692 0.00509
vn -0.93284 0.20822 -0.29403
vn -0.78380 0.25913 -0.56436
vn -0.55804 0.28468 -0.77946
vn -0.27765 0.28237 -0.91825
vn 0.02992 0.25241 -0.96716
vn 0.33456 0.19774 -0.92140
vn 0.60645 0.12372 -0.78544
vn 0.81897 0.03759 -0.57260
vn 0.95133 -0.05222 -0.30371
vn 0.99057 -0.13692 -0.00509
vn 0.93284 -0.20822 0.29403
vn 0.78380 -0.25913 0.56436
vn 0.55804 -0.28468 0.77946
vn 0.27765 -0.28237 0.91825
vn -0.02992 -0.25241 0.96716
vn -0.33456 -0.19774 0.92140
vn -0.61173 -0.18804 0.76839
vn -0.82557 -0.11171 0.55313
vn -0.95859 -0.02444 0.28373
vn -0.99778 0.06522 -0.01344
vn -0.93930 0.14849 -0.30930
vn -0.78887 0.21723 -0.57488
vn -0.56123 0.26471 -0.78419
vn -0.27865 0.28627 -0.91674
vn 0.03121 0.27981 -0.95955
vn 0.33802 0.24597 -0.90843
vn 0.61173 0.18804 -0.76839
vn 0.82557 0.11171 -0.55313
vn 0.95859 0.02444 -0.28373
vn 0.99778 -0.06522 0.01344
vn 0.93930 -0.14849 0.30930
vn 0.78887 -0.21723 0.57488
vn 0.56123 -0.26471 0.78419
vn 0.27865 -0.28627 0.91674
vn -0.03121 -0.27981 0.95955
vn -0.33802 -0.24597 0.90843
vn -0.61200 -0.25160 0.74977
vn -0.82638 -0.18517 0.53180
vn -0.95987 -0.10062 0.26176
vn -0.99941 -0.00622 -0.03389
vn -0.94111 0.08878 -0.32623
vn -0.79069 0.17510 -0.58664
vn -0.56288 0.24428 -0.78962
vn -0.27996 0.28955 -0.91531
vn 0.03036 0.30647 -0.95140
vn 0.33770 0.29339 -0.89436
vn 0.61200 0.25160 -0.74977
vn 0.82638 0.18517 -0.53180
vn 0.95987 0.10062 -0.26176
vn 0.99941 0.00622 0.03389
vn 0.94111 -0.08878 0.32623
vn 0.79069 -0.17510 0.58664
vn 0.56288 -0.24428 0.78962
vn 0.27996 -0.28955 0.91531
vn -0.03036 -0.30647 0.95140
vn -0.33770 -0.29339 0.89436
vn -0.60732 -0.31410 0.72973
vn -0.82147 -0.25758 0.50876
vn -0.95522 -0.17583 0.23799
vn -0.99546 -0.07688 -0.05608
vn -0.93826 0.02960 -0.34466
vn -0.78922 0.13318 -0.59950
vn -0.56292 0.22373 -0.79566
vn -0.28152 0.29237 -0.91393
vn 0.02744 0.33240 -0.94274
vn 0.33371 0.33989 -0.87927
vn 0.60732 0.31410 -0.72973
vn 0.82147 0.25758 -0.50876
vn 0.95522 0.17583 -0.23799
vn 0.99546 0.07688 0.05608
vn 0.93826 -0.02960 0.34466
vn 0.78922 -0.13318 0.59950
vn 0.56292 -0.22373 0.79566
vn 0.28152 -0.29237 0.91393
vn -0.02744 -0.33240 0.94274
vn -0.33371 -0.33989 0.87927
vn -0.59779 -0.37528 0.70838
vn -0.81095 -0.32852 0.48418
vn -0.94472 -0.24960 0.21259
vn -0.98602 -0.14625 -0.07981
vn -0.93080 -0.02858 -0.36440
vn -0.78447 0.09188 -0.61332
vn -0.56135 0.20336 -0.80221
vn -0.28327 0.29492 -0.91257
vn 0.02253 0.35762 -0.93360
vn 0.32612 0.38531 -0.86324
vn 0.59779 0.37528 -0.70838
vn 0.81095 0.32852 -0.48418
vn 0.94472 0.24960 -0.21259
vn 0.98602 0.14625 0.07981
vn 0.93080 0.02858 0.36440
vn 0.78447 -0.09188 0.61332
vn 0.56135 -0.20336 0.80221
vn 0.28327 -0.29492 0.91257
vn -0.02253 -0.35762 0.93360
vn -0.32612 -0.38531 0.86324
vn -0.58353 -0.43486 0.68585
vn -0.79493 -0.39763 0.45823
vn -0.92852 -0.32148 0.18575
vn -0.97121 -0.21387 -0.10491
vn -0.91884 -0.08531 -0.38529
vn -0.77653 0.05159 -0.62797
vn -0.55820 0.18344 -0.80917
vn -0.28523 0.29734 -0.91117
vn 0.01566 0.38213 -0.92398
vn 0.31501 0.42952 -0.84634
vn 0.58353 0.43486 -0.68585
vn 0.79493 0.39763 -0.45823
vn 0.92852 0.32148 -0.18575
vn 0.97121 0.21387 0.10491
vn 0.91884 0.08531 0.38529
vn 0.77653 -0.05159 0.62797
vn 0.55820 -0.18344 0.80917
vn 0.28523 -0.29734 0.91117
vn -0.01566 -0.38213 0.92398
vn -0.31501 -0.42952 0.84634
vn -0.56464 -0.49256 0.66224
vn -0.77356 -0.46455 0.43104
vn -0.90676 -0.39106 0.15764
vn -0.95120 -0.27929 -0.13118
vn -0.90253 -0.14018 -0.40717
vn -0.76552 0.01264 -0.64329
vn -0.55356 0.16424 -0.81645
vn -0.28743 0.29975 -0.90969
vn 0.00685 0.40592 -0.91388
vn 0.30045 0.47236 -0.82862
vn 0.56464 0.49256 -0.66224
vn 0.77356 0.46455 -0.43104
vn 0.90676 0.39106 -0.15764
vn 0.95120 0.27929 0.13118
vn 0.90253 0.14018 0.40717
vn 0.76552 -0.01264 0.64329
vn 0.55356 -0.16424 0.81645
vn 0.28743 -0.29975 0.90969
vn -0.00685 -0.40592 0.91388
vn -0.30045 -0.47236 0.82862
vn -0.54126 -0.54813 0.63765
vn -0.74702 -0.52892 0.40275
vn -0.87966 -0.45793 0.12842
vn -0.92620 -0.34212 -0.15847
vn -0.88207 -0.19282 -0.42985
vn -0.75160 -0.02464 -0.65916
vn -0.54756 0.14595 -0.82394
vn -0.28991 0.30225 -0.90807
vn -0.00389 0.42896 -0.90331
vn 0.28251 0.51369 -0.81013
vn 0.54126 0.54813 -0.63765
vn 0.74702 0.52892 -0.40275
vn 0.87966 0.45793 -0.12842
vn 0.92620 0.34212 0.15847
vn 0.88207 0.19282 0.42985
vn 0.75160 0.02464 0.65916
vn 0.54756 -0.14595 0.82394
vn 0.28991 -0.30225 0.90807
vn 0.00389 -0.42896 0.90331
vn -0.28251 -0.51369 0.81013
vn -0.51351 -0.60129 0.61218
vn -0.71549 -0.59040 0.37349
vn -0.84744 -0.52172 0.09825
vn -0.89644 -0.40197 -0.18661
vn -0.85768 -0.24287 -0.45321
vn -0.73497 -0.05999 -0.67544
vn -0.54032 0.12875 -0.83155
vn -0.29277 0.30489 -0.90627
vn -0.01657 0.45119 -0.89227
vn 0.26125 0.55332 -0.79094
vn 0.51351 0.60129 -0.61218
vn 0.71549 0.59040 -0.37349
vn 0.84744 0.52172 -0.09825
vn 0.89644 0.40197 0.18661
vn 0.85768 0.24287 0.45321
vn 0.73497 0.05999 0.67544
vn 0.54032 -0.12875 0.83155
vn 0.29277 -0.30489 0.90627
vn 0.01657 -0.45119 0.89227
vn -0.26125 -0.55332 0.79094
vn -0.48155 -0.65178 0.58591
vn -0.67919 -0.64867 0.34340
vn -0.81035 -0.58207 0.06727
vn -0.86219 -0.45849 -0.21545
vn -0.82963 -0.29003 -0.47708
vn -0.71586 -0.09318 -0.69200
vn -0.53201 0.11279 -0.83919
vn -0.29609 0.30772 -0.90423
vn -0.03119 0.47253 -0.88076
vn 0.23677 0.59108 -0.77108
vn 0.48155 0.65178 -0.58591
vn 0.67919 0.64867 -0.34340
vn 0.81035 0.58207 -0.06727
vn 0.86219 0.45849 0.21545
vn 0.82963 0.29003 0.47708
vn 0.71586 0.09318 0.69200
vn 0.53201 -0.11279 0.83919
vn 0.29609 -0.30772 0.90423
vn 0.03119 -0.47253 0.88076
vn -0.23677 -0.59108 0.77108
vn -0.44554 -0.69933 0.55895
vn -0.63834 -0.70343 0.31258
vn -0.76866 -0.63867 0.03562
vn -0.82373 -0.51139 -0.24484
vn -0.79818 -0.33405 -0.50132
vn -0.69449 -0.12401 -0.70874
vn -0.52282 0.09816 -0.84677
vn -0.29997 0.31073 -0.90192
vn -0.04776 0.49288 -0.86879
vn 0.20913 0.62678 -0.75061
vn 0.44554 0.69933 -0.55895
vn 0.63834 0.70343 -0.31258
vn 0.76866 0.63867 -0.03562
vn 0.82373 0.51139 0.24484
vn 0.79818 0.33405 0.50132
vn 0.69449 0.12401 0.70874
vn 0.52282 -0.09816 0.84677
vn 0.29997 -0.31073 0.90192
vn 0.04776 -0.49288 0.86879
vn -0.20913 -0.62678 0.75061
vn -0.40567 -0.74368 0.53138
vn -0.59320 -0.75436 0.28117
vn -0.72266 -0.69119 0.00344
vn -0.78139 -0.56036 -0.27463
vn -0.76363 -0.37469 -0.52582
vn -0.67112 -0.15233 -0.72553
vn -0.51291 0.08494 -0.85423
vn -0.30450 0.31389 -0.89931
vn -0.06628 0.51212 -0.85636
vn 0.17843 0.66021 -0.72958
vn 0.40567 0.74368 -0.53138
vn 0.59320 0.75436 -0.28117
vn 0.72266 0.69119 -0.00344
vn 0.78139 0.56036 0.27463
vn 0.76363 0.37469 0.52582
vn 0.67112 0.15233 0.72553
vn 0.51291 -0.08494 0.85423
vn 0.30450 -0.31389 0.89931
vn 0.06628 -0.51212 0.85636
vn -0.17843 -0.66021 0.72958
vn -0.36213 -0.78457 0.50330
vn -0.54403 -0.80118 0.24928
vn -0.67268 -0.73936 -0.02913
vn -0.73548 -0.60517 -0.30470
vn -0.72628 -0.41174 -0.55044
vn -0.64599 -0.17801 -0.74230
vn -0.50247 0.07315 -0.86149
vn -0.30977 0.31715 -0.89636
vn -0.08674 0.53010 -0.84349
vn 0.14478 0.69116 -0.70805
vn 0.36213 0.78457 -0.50330
vn 0.54403 0.80118 -0.24928
vn 0.67268 0.73936 0.02913
vn 0.73548 0.60517 0.30470
vn 0.72628 0.41174 0.55044
vn 0.64599 0.17801 0.74230
vn 0.50247 -0.07315 0.86149
vn 0.30977 -0.31715 0.89636
vn 0.08674 -0.53010 0.84349
vn -0.14478 -0.69116 0.70805
vn -0.31514 -0.82174 0.47479
vn -0.49112 -0.84362 0.21703
vn -0.61902 -0.78293 -0.06197
vn -0.68632 -0.64559 -0.33491
vn -0.68645 -0.44506 -0.57507
vn -0.61938 -0.20097 -0.75893
vn -0.49168 0.06280 -0.86851
vn -0.31585 0.32042 -0.89307
vn -0.10910 0.54667 -0.83021
vn 0.10832 0.71942 -0.68608
vn 0.31514 0.82174 -0.47479
vn 0.49112 0.84362 -0.21703
vn 0.61902 0.78293 0.06197
vn 0.68632 0.64559 0.33491
vn 0.68645 0.44506 0.57507
vn 0.61938 0.20097 0.75893
vn 0.49168 -0.06280 0.86851
vn 0.31585 -0.32042 0.89307
vn 0.10910 -0.54667 0.83021
vn -0.10832 -0.71942 0.68608
vn -0.26495 -0.85493 0.44597
vn -0.43477 -0.88143 0.18454
vn -0.56203 -0.82165 -0.09495
vn -0.63428 -0.68143 -0.36515
vn -0.64444 -0.47452 -0.59961
vn -0.59152 -0.22115 -0.77537
vn -0.48069 0.05386 -0.87523
vn -0.32281 0.32360 -0.88942
vn -0.13334 0.56167 -0.81655
vn 0.06919 0.74475 -0.66374
vn 0.26495 0.85493 -0.44597
vn 0.43477 0.88143 -0.18454
vn 0.56203 0.82165 0.09495
vn 0.63428 0.68143 0.36515
vn 0.64444 0.47452 0.59961
vn 0.59152 0.22115 0.77537
vn 0.48069 -0.05386 0.87523
vn 0.32281 -0.32360 0.88942
vn 0.13334 -0.56167 0.81655
vn -0.06919 -0.74475 0.66374
vn -0.21181 -0.88392 0.41693
vn -0.37531 -0.91436 0.15192
vn -0.50207 -0.85531 -0.12795
vn -0.57969 -0.71253 -0.39530
vn -0.60057 -0.50000 -0.62396
vn -0.56265 -0.23853 -0.79153
vn -0.46966 0.04629 -0.88163
vn -0.33070 0.32658 -0.88543
vn -0.15937 0.57490 -0.80255
vn 0.02757 0.76695 -0.64112
vn 0.21181 0.88392 -0.41693
vn 0.37531 0.91436 -0.15192
vn 0.50207 0.85531 0.12795
vn 0.57969 0.71253 0.39530
vn 0.60057 0.50000 0.62396
vn 0.56265 0.23853 0.79153
vn 0.46966 -0.04629 0.88163
vn 0.33070 -0.32658 0.88543
vn 0.15937 -0.57490 0.80255
vn -0.02757 -0.76695 0.64112
vn -0.15600 -0.90846 0.38778
vn -0.31307 -0.94221 0.11931
vn -0.43950 -0.88372 -0.16084
vn -0.52291 -0.73874 -0.42524
vn -0.55514 -0.52144 -0.64802
vn -0.53302 -0.25309 -0.80736
vn -0.45872 0.04002 -0.88768
vn -0.33953 0.32922 -0.88110
vn -0.18710 0.58619 -0.78827
vn -0.01635 0.78578 -0.61828
vn 0.15600 0.90846 -0.38778
vn 0.31307 0.94221 -0.11931
vn 0.43950 0.88372 0.16084
vn 0.52291 0.73874 0.42524
vn 0.55514 0.52144 0.64802
vn 0.53302 0.25309 0.80736
vn 0.45872 -0.04002 0.88768
vn 0.33953 -0.32922 0.88110
vn 0.18710 -0.58619 0.78827
vn 0.01635 -0.78578 0.61828
vn -0.09783 -0.92834 0.35863
vn -0.24842 -0.96475 0.08681
vn -0.37470 -0.90673 -0.19350
vn -0.46429 -0.75995 -0.45487
vn -0.50844 -0.53878 -0.67171
vn -0.50282 -0.26487 -0.82281
vn -0.44798 0.03496 -0.89336
vn -0.34929 0.33138 -0.87646
vn -0.21641 0.59535 -0.77377
vn -0.06234 0.80105 -0.59534
vn 0.09783 0.92834 -0.35863
vn 0.24842 0.96475 -0.08681
vn 0.37470 0.90673 0.19350
vn 0.46429 0.75995 0.45487
vn 0.50844 0.53878 0.67171
vn 0.50282 0.26487 0.82281
vn 0.44798 -0.03496 0.89336
vn 0.34929 -0.33138 0.87646
vn 0.21641 -0.59535 0.77377
vn 0.06234 -0.80105 0.59534
vn -0.03763 -0.94337 0.32961
vn -0.18172 -0.98183 0.05457
vn -0.30803 -0.92419 -0.22580
vn -0.40419 -0.77608 -0.48408
vn -0.46078 -0.55201 -0.69496
vn -0.47226 -0.27389 -0.83782
vn -0.43752 0.03103 -0.89867
vn -0.35995 0.33291 -0.87155
vn -0.24715 0.60221 -0.75912
vn -0.11015 0.81256 -0.57238
vn 0.03763 0.94337 -0.32961
vn 0.18172 0.98183 -0.05457
vn 0.30803 0.92419 0.22580
vn 0.40419 0.77608 0.48408
vn 0.46078 0.55201 0.69496
vn 0.47226 0.27389 0.83782
vn 0.43752 -0.03103 0.89867
vn 0.35995 -0.33291 0.87155
vn 0.24715 -0.60221 0.75912
vn 0.11015 -0.81256 0.57238
vn 0.02426 -0.95337 0.30084
vn -0.11337 -0.99329 0.02272
vn -0.23989 -0.93599 -0.25763
vn -0.34294 -0.78707 -0.51276
vn -0.41241 -0.56110 -0.71769
vn -0.44152 -0.28020 -0.85238
vn -0.42740 0.02812 -0.90362
vn -0.37145 0.33368 -0.86642
vn -0.27914 0.60659 -0.74440
vn -0.15951 0.82012 -0.54951
vn -0.02426 0.95337 -0.30084
vn 0.11337 0.99329 -0.02272
vn 0.23989 0.93599 0.25763
vn 0.34294 0.78707 0.51276
vn 0.41241 0.56110 0.71769
vn 0.44152 0.28020 0.85238
vn 0.42740 -0.02812 0.90362
vn 0.37145 -0.33368 0.86642
vn 0.27914 -0.60659 0.74440
vn 0.15951 -0.82012 0.54951
vn 0.08745 -0.95818 0.27246
vn -0.04376 -0.99901 -0.00862
vn -0.17068 -0.94204 -0.28886
vn -0.28089 -0.79285 -0.54082
vn -0.36362 -0.56606 -0.73984
vn -0.41074 -0.28386 -0.86644
vn -0.41766 0.02613 -0.90823
vn -0.38370 0.33356 -0.86111
vn -0.31218 0.60834 -0.72970
vn -0.21010 0.82357 -0.52687
vn -0.08745 0.95818 -0.27246
vn 0.04376 0.99901 0.00862
vn 0.17068 0.94204 0.28886
vn 0.28089 0.79285 0.54082
vn 0.36362 0.56606 0.73984
vn 0.41074 0.28386 0.86644
vn 0.41766 -0.02613 0.90823
vn 0.38370 -0.33356 0.86111
vn 0.31218 -0.60834 0.72970
vn 0.21010 -0.82357 0.52687
vn 0.15157 -0.95770 0.24461
vn 0.02670 -0.99887 -0.03929
vn -0.10078 -0.94226 -0.31935
vn -0.21840 -0.79342 -0.56814
vn -0.31463 -0.56691 -0.76133
vn -0.38007 -0.28491 -0.87998
vn -0.40830 0.02498 -0.91250
vn -0.39657 0.33243 -0.85570
vn -0.34602 0.60733 -0.71514
vn -0.26159 0.82279 -0.50457
vn -0.15157 0.95770 -0.24461
vn -0.02670 0.99887 0.03929
vn 0.10078 0.94226 0.31935
vn 0.21840 0.79342 0.56814
vn 0.31463 0.56691 0.76133
vn 0.38007 0.28491 0.87998
vn 0.40830 -0.02498 0.91250
vn 0.39657 -0.33243 0.85570
vn 0.34602 -0.60733 0.71514
vn 0.26159 -0.82279 0.50457
vn 0.21619 -0.95183 0.21745
vn 0.09757 -0.99282 -0.06915
vn -0.03060 -0.93663 -0.34897
vn -0.15577 -0.78876 -0.59464
vn -0.26570 -0.56368 -0.78210
vn -0.34961 -0.28342 -0.89300
vn -0.39931 0.02459 -0.91649
vn -0.40992 0.33018 -0.85026
vn -0.38040 0.60346 -0.70081
vn -0.31364 0.81766 -0.48276
vn -0.21619 0.95183 -0.21745
vn -0.09757 0.99282 0.06915
vn 0.03060 0.93663 0.34897
vn 0.15577 0.78876 0.59464
vn 0.26570 0.56368 0.78210
vn 0.34961 0.28342 0.89300
vn 0.39931 -0.02459 0.91649
vn 0.40992 -0.33018 0.85026
vn 0.38040 -0.60346 0.70081
vn 0.31364 -0.81766 0.48276
vn 0.28089 -0.94052 0.19113
vn 0.16842 -0.98083 -0.09803
vn 0.03946 -0.92513 -0.37759
vn -0.09336 -0.77887 -0.62019
vn -0.21704 -0.55638 -0.80208
vn -0.31947 -0.27942 -0.90546
vn -0.39064 0.02489 -0.92021
vn -0.42356 0.32677 -0.84488
vn -0.41503 0.59666 -0.68684
vn -0.36587 0.80814 -0.46158
vn -0.28089 0.94052 -0.19113
vn -0.16842 0.98083 0.09803
vn -0.03946 0.92513 0.37759
vn 0.09336 0.77887 0.62019
vn 0.21704 0.55638 0.80208
vn 0.31947 0.27942 0.90546
vn 0.39064 -0.02489 0.92021
vn 0.42356 -0.32677 0.84488
vn 0.41503 -0.59666 0.68684
vn 0.36587 -0.80814 0.46158
vn 0.34523 -0.92375 0.16582
vn 0.23881 -0.96289 -0.12578
vn 0.10901 -0.90777 -0.40506
vn -0.03146 -0.76379 -0.64470
vn -0.16886 -0.54505 -0.82123
vn -0.28972 -0.27295 -0.91737
vn -0.38222 0.02586 -0.92371
vn -0.43731 0.32215 -0.83963
vn -0.44959 0.58690 -0.67337
vn -0.41786 0.79419 -0.44119
vn -0.34523 0.92375 -0.16582
vn -0.23881 0.96289 0.12578
vn -0.10901 0.90777 0.40506
vn 0.03146 0.76379 0.64470
vn 0.16886 0.54505 0.82123
vn 0.28972 0.27295 0.91737
vn 0.38222 -0.02586 0.92371
vn 0.43731 -0.32215 0.83963
vn 0.44959 -0.58690 0.67337
vn 0.41786 -0.79419 0.44119
vn 0.40876 -0.90157 0.14170
vn 0.30828 -0.93904 -0.15222
vn 0.17762 -0.88458 -0.43123
vn 0.02958 -0.74354 -0.66804
vn -0.12136 -0.52971 -0.83945
vn -0.26042 -0.26403 -0.92869
vn -0.37399 0.02749 -0.92703
vn -0.45095 0.31633 -0.83462
vn -0.48376 0.57419 -0.66051
vn -0.46923 0.77586 -0.42175
vn -0.40876 0.90157 -0.14170
vn -0.30828 0.93904 0.15222
vn -0.17762 0.88458 0.43123
vn -0.02958 0.74354 0.66804
vn 0.12136 0.52971 0.83945
vn 0.26042 0.26403 0.92869
vn 0.37399 -0.02749 0.92703
vn 0.45095 -0.31633 0.83462
vn 0.48376 -0.57419 0.66051
vn 0.46923 -0.77586 0.42175
vn 0.47101 -0.87407 0.11895
vn 0.37638 -0.90937 -0.17717
vn 0.24491 -0.85565 -0.45594
vn 0.08947 -0.71817 -0.69009
vn -0.07473 -0.51040 -0.85668
vn -0.23162 -0.25266 -0.93942
vn -0.36584 0.02981 -0.93020
vn -0.46424 0.30936 -0.82993
vn -0.51720 0.55863 -0.64841
vn -0.51953 0.75321 -0.40343
vn -0.47101 0.87407 -0.11895
vn -0.37638 0.90937 0.17717
vn -0.24491 0.85565 0.45594
vn -0.08947 0.71817 0.69009
vn 0.07473 0.51040 0.85668
vn 0.23162 0.25266 0.93942
vn 0.36584 -0.02981 0.93020
vn 0.46424 -0.30936 0.82993
vn 0.51720 -0.55863 0.64841
vn 0.51953 -0.75321 0.40343
vn 0.53152 -0.84138 0.09777
vn 0.44266 -0.87400 -0.20043
vn 0.31047 -0.82107 -0.47902
vn 0.14789 -0.68776 -0.71072
vn -0.02917 -0.48713 -0.87284
vn -0.20338 -0.23882 -0.94953
vn -0.35767 0.03287 -0.93327
vn -0.47696 0.30134 -0.82565
vn -0.54955 0.54032 -0.63722
vn -0.56835 0.72640 -0.38641
vn -0.53152 0.84138 -0.09777
vn -0.44266 0.87400 0.20043
vn -0.31047 0.82107 0.47902
vn -0.14789 0.68776 0.71072
vn 0.02917 0.48713 0.87284
vn 0.20338 0.23882 0.94953
vn 0.35767 -0.03287 0.93327
vn 0.47696 -0.30134 0.82565
vn 0.54955 -0.54032 0.63722
vn 0.56835 -0.72640 0.38641
vn 0.58983 -0.80372 0.07835
vn 0.50665 -0.83312 -0.22182
vn 0.37389 -0.78098 -0.50028
vn 0.20452 -0.65238 -0.72977
vn 0.01514 -0.45993 -0.88783
vn -0.17573 -0.22245 -0.95898
vn -0.34939 0.03680 -0.93625
vn -0.48886 0.29245 -0.82188
vn -0.58047 0.51947 -0.62706
vn -0.61526 0.69564 -0.37086
vn -0.58983 0.80372 -0.07835
vn -0.50665 0.83312 0.22182
vn -0.37389 0.78098 0.50028
vn -0.20452 0.65238 0.72977
vn -0.01514 0.45993 0.88783
vn 0.17573 0.22245 0.95898
vn 0.34939 -0.03680 0.93625
vn 0.48886 -0.29245 0.82188
vn 0.58047 -0.51947 0.62706
vn 0.61526 -0.69564 0.37086
vn 0.64547 -0.76136 0.06089
vn 0.56792 -0.78697 -0.24113
vn 0.43477 -0.73556 -0.51955
vn 0.25907 -0.61214 -0.74711
vn 0.05801 -0.42880 -0.90153
vn -0.14873 -0.20349 -0.96771
vn -0.34091 0.04174 -0.93917
vn -0.49972 0.28289 -0.81869
vn -0.60962 0.49634 -0.61807
vn -0.65984 0.66121 -0.35695
vn -0.64547 0.76136 -0.06089
vn -0.56792 0.78697 0.24113
vn -0.43477 0.73556 0.51955
vn -0.25907 0.61214 0.74711
vn -0.05801 0.42880 0.90153
vn 0.14873 0.20349 0.96771
vn 0.34091 -0.04174 0.93917
vn 0.49972 -0.28289 0.81869
vn 0.60962 -0.49634 0.61807
vn 0.65984 -0.66121 0.35695
vn 0.69801 -0.71464 0.04559
vn 0.62601 -0.73585 -0.25814
vn 0.49272 -0.68504 -0.53660
vn 0.31121 -0.56717 -0.76254
vn 0.09924 -0.39378 -0.91383
vn -0.12245 -0.18185 -0.97567
vn -0.33216 0.04789 -0.94201
vn -0.50935 0.27294 -0.81613
vn -0.63668 0.47127 -0.61037
vn -0.70169 0.62347 -0.34486
vn -0.69801 0.71464 -0.04559
vn -0.62601 0.73585 0.25814
vn -0.49272 0.68504 0.53660
vn -0.31121 0.56717 0.76254
vn -0.09924 0.39378 0.91383
vn 0.12245 0.18185 0.97567
vn 0.33216 -0.04789 0.94201
vn 0.50935 -0.27294 0.81613
vn 0.63668 -0.47127 0.61037
vn 0.70169 -0.62347 0.34486
vn 0.74703 -0.66399 0.03264
vn 0.68050 -0.68013 -0.27265
vn 0.54736 -0.62970 -0.55125
vn 0.36064 -0.51763 -0.77588
vn 0.13862 -0.35489 -0.92457
vn -0.09697 -0.15741 -0.98276
vn -0.32307 0.05548 -0.94475
vn -0.51755 0.26293 -0.81426
vn -0.66136 0.44465 -0.60406
vn -0.74044 0.58285 -0.33473
vn -0.74703 0.66399 -0.03264
vn -0.68050 0.68013 0.27265
vn -0.54736 0.62970 0.55125
vn -0.36064 0.51763 0.77588
vn -0.13862 0.35489 0.92457
vn 0.09697 0.15741 0.98276
vn 0.32307 -0.05548 0.94475
vn 0.51755 -0.26293 0.81426
vn 0.66136 -0.44465 0.60406
vn 0.74044 -0.58285 0.33473
vn 0.79216 -0.60991 0.02222
vn 0.73101 -0.62025 -0.28444
vn 0.59831 -0.56988 -0.56326
vn 0.40705 -0.46372 -0.78694
vn 0.17593 -0.31217 -0.93359
vn -0.07240 -0.13006 -0.98886
vn -0.31365 0.06478 -0.94733
vn -0.52419 0.25327 -0.81307
vn -0.68342 0.41698 -0.59922
vn -0.77576 0.53987 -0.32671
vn -0.79216 0.60991 -0.02222
vn -0.73101 0.62025 0.28444
vn -0.59831 0.56988 0.56326
vn -0.40705 0.46372 0.78694
vn -0.17593 0.31217 0.93359
vn 0.07240 0.13006 0.98886
vn 0.31365 -0.06478 0.94733
vn 0.52419 -0.25327 0.81307
vn 0.68342 -0.41698 0.59922
vn 0.77576 -0.53987 0.32671
vn 0.83305 -0.55301 0.01450
vn 0.77718 -0.55674 -0.29331
vn 0.64523 -0.50598 -0.57242
vn 0.45012 -0.40570 -0.79549
vn 0.21095 -0.26570 -0.94069
vn -0.04887 -0.09969 -0.99382
vn -0.30391 0.07608 -0.94966
vn -0.52919 0.24440 -0.81254
vn -0.70268 0.38880 -0.59589
vn -0.80738 0.49513 -0.32090
vn -0.83305 0.55301 -0.01450
vn -0.77718 0.55674 0.29331
vn -0.64523 0.50598 0.57242
vn -0.45012 0.40570 0.79549
vn -0.21095 0.26570 0.94069
vn 0.04887 0.09969 0.99382
vn 0.30391 -0.07608 0.94966
vn 0.52919 -0.24440 0.81254
vn 0.70268 -0.38880 0.59589
vn 0.80738 -0.49513 0.32090
vn 0.86944 -0.49394 0.00962
vn 0.81868 -0.49022 -0.29908
vn 0.68778 -0.43850 -0.57851
vn 0.48956 -0.34387 -0.80130
vn 0.24341 -0.21557 -0.94566
vn -0.02656 -0.06617 -0.99745
vn -0.29393 0.08970 -0.95161
vn -0.53253 0.23680 -0.81261
vn -0.71900 0.36071 -0.59407
vn -0.83509 0.44932 -0.31738
vn -0.86944 0.49394 -0.00962
vn -0.81868 0.49022 0.29908
vn -0.68778 0.43850 0.57851
vn -0.48956 0.34387 0.80130
vn -0.24341 0.21557 0.94566
vn 0.02656 0.06617 0.99745
vn 0.29393 -0.08970 0.95161
vn 0.53253 -0.23680 0.81261
vn 0.71900 -0.36071 0.59407
vn 0.83509 -0.44932 0.31738
vn 0.90113 -0.43348 0.00766
vn 0.85527 -0.42136 -0.30160
vn 0.72570 -0.36800 -0.58133
vn 0.52509 -0.27861 -0.80415
vn 0.27307 -0.16195 -0.94826
vn -0.00567 -0.02944 -0.99955
vn -0.28385 0.10596 -0.95300
vn -0.53426 0.23098 -0.81315
vn -0.73236 0.33339 -0.59372
vn -0.85878 0.40317 -0.31616
vn -0.90113 0.43348 -0.00766
vn -0.85527 0.42136 0.30160
vn -0.72570 0.36800 0.58133
vn -0.52509 0.27861 0.80415
vn -0.27307 0.16195 0.94826
vn 0.00567 0.02944 0.99955
vn 0.28385 -0.10596 0.95300
vn 0.53426 -0.23098 0.81315
vn 0.73236 -0.33339 0.59372
vn 0.85878 -0.40317 0.31616
vn 0.92801 -0.37246 0.00867
vn 0.88678 -0.35097 -0.30073
vn 0.75875 -0.29513 -0.58069
vn 0.55645 -0.21039 -0.80380
vn 0.29968 -0.10507 -0.94824
vn 0.01357 0.01055 -0.99985
vn -0.27386 0.12513 -0.95359
vn -0.53449 0.22746 -0.81399
vn -0.74280 0.30752 -0.59471
vn -0.87840 0.35749 -0.31721
vn -0.92801 0.37246 -0.00867
vn -0.88678 0.35097 0.30073
vn -0.75875 0.29513 0.58069
vn -0.55645 0.21039 0.80380
vn -0.29968 0.10507 0.94824
vn -0.01357 -0.01055 0.99985
vn 0.27386 -0.12513 0.95359
vn 0.53449 -0.22746 0.81399
vn 0.74280 -0.30752 0.59471
vn 0.87840 -0.35749 0.31721
vn 0.95007 -0.31177 0.01262
vn 0.91312 -0.27990 -0.29642
vn 0.78678 -0.22063 -0.57645
vn 0.58343 -0.13977 -0.80004
vn 0.32297 -0.04522 -0.94533
vn 0.03089 0.05375 -0.99808
vn -0.26421 0.14746 -0.95313
vn -0.53345 0.22674 -0.81488
vn -0.75047 0.28382 -0.59686
vn -0.89403 0.31312 -0.32042
vn -0.95007 0.31177 -0.01262
vn -0.91312 0.27990 0.29642
vn -0.78678 0.22063 0.57645
vn -0.58343 0.13977 0.80004
vn -0.32297 0.04522 0.94533
vn -0.03089 -0.05375 0.99808
vn 0.26421 -0.14746 0.95313
vn 0.53345 -0.22674 0.81488
vn 0.75047 -0.28382 0.59686
vn 0.89403 -0.31312 0.32042
vn 0.96744 -0.25235 0.01940
vn 0.93432 -0.20908 -0.28868
vn 0.80973 -0.14535 -0.56851
vn 0.60589 -0.06738 -0.79269
vn 0.34273 0.01718 -0.93928
vn 0.04603 0.10005 -0.99392
vn -0.25518 0.17314 -0.95127
vn -0.53141 0.22927 -0.81550
vn -0.75562 0.26297 -0.59991
vn -0.90587 0.27092 -0.32559
vn -0.96744 0.25235 -0.01940
vn -0.93432 0.20908 0.28868
vn -0.80973 0.14535 0.56851
vn -0.60589 0.06738 0.79269
vn -0.34273 -0.01718 0.93928
vn -0.04603 -0.10005 0.99392
vn 0.25518 -0.17314 0.95127
vn 0.53141 -0.22927 0.81550
vn 0.75562 -0.26297 0.59991
vn 0.90587 -0.27092 0.32559
vn 0.98035 -0.19517 0.02882
vn 0.95051 -0.13950 -0.27761
vn 0.82763 -0.07018 -0.55687
vn 0.62374 0.00601 -0.78161
vn 0.35879 0.08162 -0.92984
vn 0.05872 0.14924 -0.98706
vn -0.24709 0.20224 -0.94765
vn -0.52872 0.23545 -0.81548
vn -0.75860 0.24562 -0.60349
vn -0.91422 0.23174 -0.33242
vn -0.98035 0.19517 -0.02882
vn -0.95051 0.13950 0.27761
vn -0.82763 0.07018 0.55687
vn -0.62374 -0.00601 0.78161
vn -0.35879 -0.08162 0.92984
vn -0.05872 -0.14924 0.98706
vn 0.24709 -0.20224 0.94765
vn 0.52872 -0.23545 0.81548
vn 0.75860 -0.24562 0.60349
vn 0.91422 -0.23174 0.33242
vn 0.98915 -0.14118 0.04054
vn 0.96198 -0.07217 -0.26341
vn 0.84064 0.00390 -0.54158
vn 0.63701 0.07959 -0.76673
vn 0.37103 0.14749 -0.91683
vn 0.06873 0.20096 -0.97719
vn -0.24030 0.23475 -0.94189
vn -0.52581 0.24556 -0.81439
vn -0.75984 0.23234 -0.60717
vn -0.91950 0.19637 -0.34052
vn -0.98915 0.14118 -0.04054
vn -0.96198 0.07217 0.26341
vn -0.84064 -0.00390 0.54158
vn -0.63701 -0.07959 0.76673
vn -0.37103 -0.14749 0.91683
vn -0.06873 -0.20096 0.97719
vn 0.24030 -0.23475 0.94189
vn 0.52581 -0.24556 0.81439
vn 0.75984 -0.23234 0.60717
vn 0.91950 -0.19637 0.34052
vn 0.99435 -0.09128 0.05413
vn 0.96913 -0.00810 -0.24642
vn 0.84904 0.07588 -0.52285
vn 0.64584 0.15244 -0.74810
vn 0.37943 0.21407 -0.90012
vn 0.07587 0.25474 -0.96403
vn -0.23512 0.27048 -0.93357
vn -0.52309 0.25975 -0.81173
vn -0.75985 0.22358 -0.61044
vn -0.92224 0.16554 -0.34938
vn -0.99435 0.09128 -0.05413
vn -0.96913 0.00810 0.24642
vn -0.84904 -0.07588 0.52285
vn -0.64584 -0.15244 0.74810
vn -0.37943 -0.21407 0.90012
vn -0.07587 -0.25474 0.96403
vn 0.23512 -0.27048 0.93357
vn 0.52309 -0.25975 0.81173
vn 0.75985 -0.22358 0.61044
vn 0.92224 -0.16554 0.34938
vn 0.99654 -0.04629 0.06904
vn 0.97250 0.05177 -0.22709
vn 0.85326 0.14477 -0.50099
vn 0.65050 0.22359 -0.72585
vn 0.38406 0.28052 -0.87966
vn 0.08003 0.31000 -0.94736
vn -0.23183 0.30913 -0.92233
vn -0.52100 0.27800 -0.80701
vn -0.75918 0.21966 -0.61270
vn -0.92303 0.13982 -0.35841
vn -0.99654 0.04629 -0.06904
vn -0.97250 -0.05177 0.22709
vn -0.85326 -0.14477 0.50099
vn -0.65050 -0.22359 0.72585
vn -0.38406 -0.28052 0.87966
vn -0.08003 -0.31000 0.94736
vn 0.23183 -0.30913 0.92233
vn 0.52100 -0.27800 0.80701
vn 0.75918 -0.21966 0.61270
vn 0.92303 -0.13982 0.35841
vn 0.99639 -0.00688 0.08459
vn 0.97273 0.10656 -0.20603
vn 0.85384 0.20957 -0.47648
vn 0.65138 0.29206 -0.70029
vn 0.38515 0.34596 -0.85555
vn 0.08123 0.36600 -0.92706
vn -0.23065 0.35021 -0.90783
vn -0.51995 0.30014 -0.79973
vn -0.75835 0.22069 -0.61335
vn -0.92252 0.11964 -0.36693
vn -0.99639 0.00688 -0.08459
vn -0.97273 -0.10656 0.20603
vn -0.85384 -0.20957 0.47648
vn -0.65138 -0.29206 0.70029
vn -0.38515 -0.34596 0.85555
vn -0.08123 -0.36600 0.92706
vn 0.23065 -0.35021 0.90783
vn 0.51995 -0.30014 0.79973
vn 0.75835 -0.22069 0.61335
vn 0.92252 -0.11964 0.36693
vn 0.99464 0.02643 0.09999
vn 0.97055 0.15552 -0.18398
vn 0.85146 0.26939 -0.44995
vn 0.64902 0.35689 -0.67187
vn 0.38305 0.40946 -0.82802
vn 0.07958 0.42194 -0.90312
vn -0.23167 0.39312 -0.88982
vn -0.52025 0.32582 -0.78942
vn -0.75790 0.22663 -0.61174
vn -0.92136 0.10525 -0.37418
vn -0.99464 -0.02643 -0.09999
vn -0.97055 -0.15552 0.18398
vn -0.85146 -0.26939 0.44995
vn -0.64902 -0.35689 0.67187
vn -0.38305 -0.40946 0.82802
vn -0.07958 -0.42194 0.90312
vn 0.23167 -0.39312 0.88982
vn 0.52025 -0.32582 0.78942
vn 0.75790 -0.22663 0.61174
vn 0.92136 -0.10525 0.37418
vn 0.99200 0.05332 0.11441
vn 0.96674 0.19809 -0.16179
vn 0.84684 0.32348 -0.42216
vn 0.64405 0.41719 -0.64121
vn 0.37822 0.47007 -0.79748
vn 0.07536 0.47694 -0.87570
vn -0.23487 0.43712 -0.86819
vn -0.52211 0.35451 -0.77571
vn -0.75825 0.23720 -0.60729
vn -0.92016 0.09667 -0.37942
vn -0.99200 -0.05332 -0.11441
vn -0.96674 -0.19809 0.16179
vn -0.84684 -0.32348 0.42216
vn -0.64405 -0.41719 0.64121
vn -0.37822 -0.47007 0.79748
vn -0.07536 -0.47694 0.87570
vn 0.23487 -0.43712 0.86819
vn 0.52211 -0.35451 0.77571
vn 0.75825 -0.23720 0.60729
vn 0.92016 -0.09667 0.37942
vn 0.98917 0.07369 0.12696
vn 0.96207 0.23390 -0.14041
vn 0.84080 0.37121 -0.39404
vn 0.63722 0.47218 -0.60909
vn 0.37127 0.52693 -0.76452
vn 0.06898 0.53011 -0.84512
vn -0.24007 0.48139 -0.84299
vn -0.52561 0.38555 -0.75834
vn -0.75971 0.25197 -0.59946
vn -0.91944 0.09373 -0.38190
vn -0.98917 -0.07369 -0.12696
vn -0.96207 -0.23390 0.14041
vn -0.84080 -0.37121 0.39404
vn -0.63722 -0.47218 0.60909
vn -0.37127 -0.52693 0.76452
vn -0.06898 -0.53011 0.84512
vn 0.24007 -0.48139 0.84299
vn 0.52561 -0.38555 0.75834
vn 0.75971 -0.25197 0.59946
vn 0.91944 -0.09373 0.38190
vn 0.98672 0.08766 0.13676
vn 0.95726 0.26278 -0.12083
vn 0.83410 0.41218 -0.36659
vn 0.62929 0.52123 -0.57647
vn 0.36289 0.57925 -0.72992
vn 0.06096 0.58058 -0.81192
vn -0.24694 0.52508 -0.81444
vn -0.53066 0.41818 -0.73724
vn -0.76244 0.27034 -0.58788
vn -0.91959 0.09604 -0.38097
vn -0.98672 -0.08766 -0.13676
vn -0.95726 -0.26278 0.12083
vn -0.83410 -0.41218 0.36659
vn -0.62929 -0.52123 0.57647
vn -0.36289 -0.57925 0.72992
vn -0.06096 -0.58058 0.81192
vn 0.24694 -0.52508 0.81444
vn 0.53066 -0.41818 0.73724
vn 0.76244 -0.27034 0.58788
vn 0.91959 -0.09604 0.38097
vn 0.98510 0.09555 0.14303
vn 0.95293 0.28480 -0.10403
vn 0.82748 0.44618 -0.34089
vn 0.62103 0.56388 -0.54439
vn 0.35379 0.62639 -0.69460
vn 0.05192 0.62758 -0.77682
vn -0.25504 0.56734 -0.78300
vn -0.53702 0.45156 -0.71253
vn -0.76644 0.29158 -0.57231
vn -0.92084 0.10306 -0.37608
vn -0.98510 -0.09555 -0.14303
vn -0.95293 -0.28480 0.10403
vn -0.82748 -0.44618 0.34089
vn -0.62103 -0.56388 0.54439
vn -0.35379 -0.62639 0.69460
vn -0.05192 -0.62758 0.77682
vn 0.25504 -0.56734 0.78300
vn 0.53702 -0.45156 0.71253
vn 0.76644 -0.29158 0.57231
vn 0.92084 -0.10306 0.37608
vn 0.98457 0.09784 0.14507
vn 0.94952 0.30023 -0.09093
vn 0.82153 0.47322 -0.31804
vn 0.61312 0.59990 -0.51401
vn 0.34469 0.66785 -0.65967
vn 0.04252 0.67043 -0.74075
vn -0.26381 0.60738 -0.74933
vn -0.54431 0.48488 -0.68455
vn -0.77154 0.31492 -0.55277
vn -0.92324 0.11412 -0.36688
vn -0.98457 -0.09784 -0.14507
vn -0.94952 -0.30023 0.09093
vn -0.82153 -0.47322 0.31804
vn -0.61312 -0.59990 0.51401
vn -0.34469 -0.66785 0.65967
vn -0.04252 -0.67043 0.74075
vn 0.26381 -0.60738 0.74933
vn 0.54431 -0.48488 0.68455
vn 0.77154 -0.31492 0.55277
vn 0.92324 -0.11412 0.36688
vn 0.98522 0.09516 0.14241
vn 0.94733 0.30948 -0.08235
vn 0.81671 0.49351 -0.29905
vn 0.60614 0.62923 -0.48648
vn 0.33624 0.70335 -0.62629
vn 0.03343 0.70863 -0.70479
vn -0.27266 0.64454 -0.71430
vn -0.55205 0.51736 -0.65389
vn -0.77741 0.33953 -0.52948
vn -0.92667 0.12847 -0.35323
vn -0.98522 -0.09516 -0.14241
vn -0.94733 -0.30948 0.08235
vn -0.81671 -0.49351 0.29905
vn -0.60614 -0.62923 0.48648
vn -0.33624 -0.70335 0.62629
vn -0.03343 -0.70863 0.70479
vn 0.27266 -0.64454 0.71430
vn 0.55205 -0.51736 0.65389
vn 0.77741 -0.33953 0.52948
vn 0.92667 -0.12847 0.35323
vn 0.98694 0.08821 0.13478
vn 0.94643 0.31313 -0.07890
vn 0.81327 0.50739 -0.28485
vn 0.60051 0.65199 -0.46292
vn 0.32896 0.73277 -0.59568
vn 0.02521 0.74182 -0.67013
vn -0.28100 0.67825 -0.67898
vn -0.55971 0.54829 -0.62137
vn -0.78363 0.36466 -0.50293
vn -0.93085 0.14534 -0.33527
vn -0.98694 -0.08821 -0.13478
vn -0.94643 -0.31313 0.07890
vn -0.81327 -0.50739 0.28485
vn -0.60051 -0.65199 0.46292
vn -0.32896 -0.73277 0.59568
vn -0.02521 -0.74182 0.67013
vn 0.28100 -0.67825 0.67898
vn 0.55971 -0.54829 0.62137
vn 0.78363 -0.36466 0.50293
vn 0.93085 -0.14534 0.33527
vn 0.98946 0.07771 0.12218
vn 0.94670 0.31179 -0.08096
vn 0.81126 0.51535 -0.27617
vn 0.59642 0.66846 -0.44435
vn 0.32319 0.75614 -0.56904
vn 0.01833 0.76980 -0.63802
vn -0.28833 0.70811 -0.64455
vn -0.56676 0.57711 -0.58798
vn -0.78972 0.38961 -0.47386
vn -0.93537 0.16398 -0.31336
vn -0.98946 -0.07771 -0.12218
vn -0.94670 -0.31179 0.08096
vn -0.81126 -0.51535 0.27617
vn -0.59642 -0.66846 0.44435
vn -0.32319 -0.75614 0.56904
vn -0.01833 -0.76980 0.63802
vn 0.28833 -0.70811 0.64455
vn 0.56676 -0.57711 0.58798
vn 0.78972 -0.38961 0.47386
vn 0.93537 -0.16398 0.31336
vn 0.99240 0.06436 0.10489
vn 0.94786 0.30611 -0.08865
vn 0.81054 0.51790 -0.27351
vn 0.59387 0.67899 -0.43161
vn 0.31908 0.77362 -0.54745
vn 0.01305 0.79252 -0.60970
vn -0.29426 0.73385 -0.61227
vn -0.57276 0.60334 -0.55491
vn -0.79520 0.41377 -0.44323
vn -0.93980 0.18369 -0.28817
vn -0.99240 -0.06436 -0.10489
vn -0.94786 -0.30611 0.08865
vn -0.81054 -0.51790 0.27351
vn -0.59387 -0.67899 0.43161
vn -0.31908 -0.77362 0.54745
vn -0.01305 -0.79252 0.60970
vn 0.29426 -0.73385 0.61227
vn 0.57276 -0.60334 0.55491
vn 0.79520 -0.41377 0.44323
vn 0.93980 -0.18369 0.28817
vn 0.99531 0.04882 0.08347
vn 0.94952 0.29674 -0.10180
vn 0.81078 0.51561 -0.27711
vn 0.59267 0.68401 -0.42529
vn 0.31655 0.78546 -0.53184
vn 0.00944 0.81002 -0.58633
vn -0.29859 0.75528 -0.58343
vn -0.57739 0.62662 -0.52341
vn -0.79968 0.43662 -0.41217
vn -0.94368 0.20388 -0.26057
vn -0.99531 -0.04882 -0.08347
vn -0.94952 -0.29674 0.10180
vn -0.81078 -0.51561 0.27711
vn -0.59267 -0.68401 0.42529
vn -0.31655 -0.78546 0.53184
vn -0.00944 -0.81002 0.58633
vn 0.29859 -0.75528 0.58343
vn 0.57739 -0.62662 0.52341
vn 0.79968 -0.43662 0.41217
vn 0.94368 -0.20388 0.26057
vn 0.99777 0.03168 0.05873
vn 0.95122 0.28426 -0.11995
vn 0.81155 0.50901 -0.28688
vn 0.59244 0.68393 -0.42574
vn 0.31534 0.79191 -0.52291
vn 0.00737 0.82237 -0.56891
vn -0.30132 0.77233 -0.55921
vn -0.58051 0.64669 -0.49477
vn -0.80288 0.45775 -0.38191
vn -0.94666 0.22400 -0.23165
vn -0.99777 -0.03168 -0.05873
vn -0.95122 -0.28426 0.11995
vn -0.81155 -0.50901 0.28688
vn -0.59244 -0.68393 0.42574
vn -0.31534 -0.79191 0.52291
vn -0.00737 -0.82237 0.56891
vn 0.30132 -0.77233 0.55921
vn 0.58051 -0.64669 0.49477
vn 0.80288 -0.45775 0.38191
vn 0.94666 -0.22400 0.23165
vn 0.99941 0.01348 0.03169
vn 0.95250 0.26920 -0.14235
vn 0.81236 0.49858 -0.30246
vn 0.59270 0.67915 -0.43296
vn 0.31503 0.79324 -0.52108
vn 0.00651 0.82968 -0.55820
vn -0.30264 0.78491 -0.54067
vn -0.58217 0.66331 -0.47022
vn -0.80471 0.47677 -0.35374
vn -0.94848 0.24357 -0.20263
vn -0.99941 -0.01348 -0.03169
vn -0.95250 -0.26920 0.14235
vn -0.81236 -0.49858 0.30246
vn -0.59270 -0.67915 0.43296
vn -0.31503 -0.79324 0.52108
vn -0.00651 -0.82968 0.55820
vn 0.30264 -0.78491 0.54067
vn 0.58217 -0.66331 0.47022
vn 0.80471 -0.47677 0.35374
vn 0.94848 -0.24357 0.20263
vn 0.99998 -0.00530 0.00353
vn 0.95301 0.25207 -0.16805
vn 0.81274 0.48477 -0.32318
vn 0.59293 0.67001 -0.44668
vn 0.31507 0.78967 -0.52645
vn 0.00637 0.83203 -0.55469
vn -0.30295 0.79295 -0.52863
vn -0.58262 0.67624 -0.45083
vn -0.80526 0.49334 -0.32890
vn -0.94907 0.26215 -0.17477
vn -0.99998 0.00530 -0.00353
vn -0.95301 -0.25207 0.16805
vn -0.81274 -0.48477 0.32318
vn -0.59293 -0.67001 0.44668
vn -0.31507 -0.78967 0.52645
vn -0.00637 -0.83203 0.55469
vn 0.30295 -0.79295 0.52863
vn 0.58262 -0.67624 0.45083
vn 0.80526 -0.49334 0.32890
vn 0.94907 -0.26215 0.17477
vn 0.99941 -0.02417 -0.02449
vn 0.95246 0.23333 -0.19590
vn 0.81228 0.46798 -0.34813
vn 0.59259 0.65683 -0.46628
vn 0.31489 0.78138 -0.53879
vn 0.00637 0.82944 -0.55856
vn -0.30278 0.79631 -0.52365
vn -0.58229 0.68524 -0.43749
vn -0.80479 0.50709 -0.30850
vn -0.94853 0.27930 -0.14931
vn -0.99941 0.02417 0.02449
vn -0.95246 -0.23333 0.19590
vn -0.81228 -0.46798 0.34813
vn -0.59259 -0.65683 0.46628
vn -0.31489 -0.78138 0.53879
vn -0.00637 -0.82944 0.55856
vn 0.30278 -0.79631 0.52365
vn 0.58229 -0.68524 0.43749
vn 0.80479 -0.50709 0.30850
vn 0.94853 -0.27930 0.14931
vn 0.99778 -0.04263 -0.05115
vn 0.95077 0.21343 -0.22467
vn 0.81070 0.44860 -0.37620
vn 0.59127 0.63985 -0.49091
vn 0.31396 0.76848 -0.55756
vn 0.00591 0.82187 -0.56964
vn -0.30271 0.79482 -0.52595
vn -0.58170 0.68997 -0.43078
vn -0.80375 0.51757 -0.29345
vn -0.94712 0.29452 -0.12738
vn -0.99778 0.04263 0.05115
vn -0.95077 -0.21343 0.22467
vn -0.81070 -0.44860 0.37620
vn -0.59127 -0.63985 0.49091
vn -0.31396 -0.76848 0.55756
vn -0.00591 -0.82187 0.56964
vn 0.30271 -0.79482 0.52595
vn 0.58170 -0.68997 0.43078
vn 0.80375 -0.51757 0.29345
vn 0.94712 -0.29452 0.12738
vn 0.99535 -0.06013 -0.07527
vn 0.94801 0.19289 -0.25312
vn 0.80788 0.42702 -0.40619
vn 0.58866 0.61936 -0.51949
vn 0.31182 0.75107 -0.58195
vn 0.00446 0.80925 -0.58744
vn -0.30334 0.78823 -0.53543
vn -0.58144 0.69004 -0.43101
vn -0.80263 0.52431 -0.28439
vn -0.94525 0.30726 -0.10994
vn -0.99535 0.06013 0.07527
vn -0.94801 -0.19289 0.25312
vn -0.80788 -0.42702 0.40619
vn -0.58866 -0.61936 0.51949
vn -0.31182 -0.75107 0.58195
vn -0.00446 -0.80925 0.58744
vn 0.30334 -0.78823 0.53543
vn 0.58144 -0.69004 0.43101
vn 0.80263 -0.52431 0.28439
vn 0.94525 -0.30726 0.10994
vn 0.99248 -0.07604 -0.09589
vn 0.94440 0.17226 -0.28006
vn 0.80387 0.40371 -0.43682
vn 0.58466 0.59563 -0.55082
vn 0.30821 0.72925 -0.61090
vn 0.00159 0.79149 -0.61118
vn -0.30518 0.77625 -0.55164
vn -0.58208 0.68502 -0.43810
vn -0.80200 0.52674 -0.28167
vn -0.94342 0.31690 -0.09767
vn -0.99248 0.07604 0.09589
vn -0.94440 -0.17226 0.28006
vn -0.80387 -0.40371 0.43682
vn -0.58466 -0.59563 0.55082
vn -0.30821 -0.72925 0.61090
vn -0.00159 -0.79149 0.61118
vn 0.30518 -0.77625 0.55164
vn 0.58208 -0.68502 0.43810
vn 0.80200 -0.52674 0.28167
vn 0.94342 -0.31690 0.09767
vn 0.98963 -0.08967 -0.11224
vn 0.94028 0.15220 -0.30447
vn 0.79890 0.37917 -0.46690
vn 0.57931 0.56902 -0.58362
vn 0.30302 0.70318 -0.64321
vn -0.00294 0.76850 -0.63984
vn -0.30860 0.75860 -0.57384
vn -0.58406 0.67444 -0.45167
vn -0.80235 0.52426 -0.28528
vn -0.94210 0.32276 -0.09097
vn -0.98963 0.08967 0.11224
vn -0.94028 -0.15220 0.30447
vn -0.79890 -0.37917 0.46690
vn -0.57931 -0.56902 0.58362
vn -0.30302 -0.70318 0.64321
vn 0.00294 -0.76850 0.63984
vn 0.30860 -0.75860 0.57384
vn 0.58406 -0.67444 0.45167
vn 0.80235 -0.52426 0.28528
vn 0.94210 -0.32276 0.09097
vn 0.98722 -0.10026 -0.12387
vn 0.93607 0.13341 -0.32554
vn 0.79329 0.35402 -0.49534
vn 0.57286 0.53997 -0.61665
vn 0.29635 0.67307 -0.67761
vn -0.00917 0.74029 -0.67223
vn -0.31379 0.73504 -0.60105
vn -0.58769 0.65783 -0.47104
vn -0.80407 0.51624 -0.29491
vn -0.94174 0.32411 -0.08992
vn -0.98722 0.10026 0.12387
vn -0.93607 -0.13341 0.32554
vn -0.79329 -0.35402 0.49534
vn -0.57286 -0.53997 0.61665
vn -0.29635 -0.67307 0.67761
vn 0.00917 -0.74029 0.67223
vn 0.31379 -0.73504 0.60105
vn 0.58769 -0.65783 0.47104
vn 0.80407 -0.51624 0.29491
vn 0.94174 -0.32411 0.08992
vn 0.98564 -0.10702 -0.13059
vn 0.93217 0.11668 -0.34270
vn 0.78745 0.32895 -0.52126
vn 0.56565 0.50902 -0.64879
vn 0.28848 0.63927 -0.71282
vn -0.01693 0.70694 -0.70708
vn -0.32068 0.70541 -0.63211
vn -0.59304 0.63483 -0.49528
vn -0.80735 0.50210 -0.30996
vn -0.94263 0.32023 -0.09430
vn -0.98564 0.10702 0.13059
vn -0.93217 -0.11668 0.34270
vn -0.78745 -0.32895 0.52126
vn -0.56565 -0.50902 0.64879
vn -0.28848 -0.63927 0.71282
vn 0.01693 -0.70694 0.70708
vn 0.32068 -0.70541 0.63211
vn 0.59304 -0.63483 0.49528
vn 0.80735 -0.50210 0.30996
vn 0.94263 -0.32023 0.09430
vn 0.98515 -0.10917 -0.13251
vn 0.92894 0.10280 -0.35566
vn 0.78181 0.30472 -0.54399
vn 0.55814 0.47680 -0.67907
vn 0.27984 0.60222 -0.74768
vn -0.02585 0.66868 -0.74310
vn -0.32902 0.66969 -0.66578
vn -0.59997 0.60514 -0.52329
vn -0.81220 0.48136 -0.32958
vn -0.94492 0.31046 -0.10360
vn -0.98515 0.10917 0.13251
vn -0.92894 -0.10280 0.35566
vn -0.78181 -0.30472 0.54399
vn -0.55814 -0.47680 0.67907
vn -0.27984 -0.60222 0.74768
vn 0.02585 -0.66868 0.74310
vn 0.32902 -0.66969 0.66578
vn 0.59997 -0.60514 0.52329
vn 0.81220 -0.48136 0.32958
vn 0.94492 -0.31046 0.10360
vn 0.98583 -0.10603 -0.13002
vn 0.92663 0.09257 -0.36441
vn 0.77672 0.28211 -0.56313
vn 0.55078 0.44404 -0.70673
vn 0.27093 0.56250 -0.78115
vn -0.03544 0.62589 -0.77910
vn -0.33834 0.62802 -0.70079
vn -0.60812 0.56868 -0.55389
vn -0.81838 0.45367 -0.35276
vn -0.94853 0.29425 -0.11710
vn -0.98583 0.10603 0.13002
vn -0.92663 -0.09257 0.36441
vn -0.77672 -0.28211 0.56313
vn -0.55078 -0.44404 0.70673
vn -0.27093 -0.56250 0.78115
vn 0.03544 -0.62589 0.77910
vn 0.33834 -0.62802 0.70079
vn 0.60812 -0.56868 0.55389
vn 0.81838 -0.45367 0.35276
vn 0.94853 -0.29425 0.11710
vn 0.98757 -0.09699 -0.12368
vn 0.92531 0.08671 -0.36917
vn 0.77247 0.26192 -0.57853
vn 0.54401 0.41149 -0.73125
vn 0.26231 0.52078 -0.81239
vn -0.04507 0.57910 -0.81401
vn -0.34804 0.58072 -0.73595
vn -0.61695 0.52551 -0.58585
vn -0.82546 0.41885 -0.37840
vn -0.95316 0.27119 -0.13391
vn -0.98757 0.09699 0.12368
vn -0.92531 -0.08671 0.36917
vn -0.77247 -0.26192 0.57853
vn -0.54401 -0.41149 0.73125
vn -0.26231 -0.52078 0.81239
vn 0.04507 -0.57910 0.81401
vn 0.34804 -0.58072 0.73595
vn 0.61695 -0.52551 0.58585
vn 0.82546 -0.41885 0.37840
vn 0.95316 -0.27119 0.13391
vn 0.99009 -0.08164 -0.11426
vn 0.92491 0.08581 -0.37038
vn 0.76919 0.24486 -0.59025
vn 0.53817 0.37994 -0.75234
vn 0.25448 0.47783 -0.84079
vn -0.05412 0.52894 -0.84693
vn -0.35743 0.52828 -0.77017
vn -0.62575 0.47591 -0.61802
vn -0.83281 0.37695 -0.40538
vn -0.95836 0.24110 -0.15305
vn -0.99009 0.08164 0.11426
vn -0.92491 -0.08581 0.37038
vn -0.76919 -0.24486 0.59025
vn -0.53817 -0.37994 0.75234
vn -0.25448 -0.47783 0.84079
vn 0.05412 -0.52894 0.84693
vn 0.35743 -0.52828 0.77017
vn 0.62575 -0.47591 0.61802
vn 0.83281 -0.37695 0.40538
vn 0.95836 -0.24110 0.15305
vn 0.99293 -0.05976 -0.10258
vn 0.92518 0.09031 -0.36862
vn 0.76688 0.23155 -0.59857
vn 0.53350 0.35011 -0.76994
vn 0.24790 0.43440 -0.86593
vn -0.06196 0.47618 -0.87716
vn -0.36576 0.47134 -0.80253
vn -0.63376 0.42036 -0.64935
vn -0.83972 0.32823 -0.43260
vn -0.96348 0.20398 -0.17350
vn -0.99293 0.05976 0.10258
vn -0.92518 -0.09031 0.36862
vn -0.76688 -0.23155 0.59857
vn -0.53350 -0.35011 0.76994
vn -0.24790 -0.43440 0.86593
vn 0.06196 -0.47618 0.87716
vn 0.36576 -0.47134 0.80253
vn 0.63376 -0.42036 0.64935
vn 0.83972 -0.32823 0.43260
vn 0.96348 -0.20398 0.17350
vn 0.99549 -0.03132 -0.08952
vn 0.92574 0.10049 -0.36455
vn 0.76538 0.22247 -0.60391
vn 0.53009 0.32267 -0.78415
vn 0.24291 0.39129 -0.88763
vn -0.06804 0.42160 -0.90422
vn -0.37234 0.41065 -0.83231
vn -0.64018 0.35950 -0.67892
vn -0.84536 0.27315 -0.45907
vn -0.96780 0.16007 -0.19429
vn -0.99549 0.03132 0.08952
vn -0.92574 -0.10049 0.36455
vn -0.76538 -0.22247 0.60391
vn -0.53009 -0.32267 0.78415
vn -0.24291 -0.39129 0.88763
vn 0.06804 -0.42160 0.90422
vn 0.37234 -0.41065 0.83231
vn 0.64018 -0.35950 0.67892
vn 0.84536 -0.27315 0.45907
vn 0.96780 -0.16007 0.19429
vn 0.99711 0.00346 -0.07592
vn 0.92608 0.11640 -0.35891
vn 0.76441 0.21795 -0.60677
vn 0.52791 0.29817 -0.79524
vn 0.23973 0.34920 -0.90586
vn -0.07191 0.36605 -0.92781
vn -0.37652 0.34707 -0.85894
vn -0.64426 0.29411 -0.70599
vn -0.84895 0.21236 -0.48393
vn -0.97053 0.10983 -0.21451
vn -0.99711 -0.00346 0.07592
vn -0.92608 -0.11640 0.35891
vn -0.76441 -0.21795 0.60677
vn -0.52791 -0.29817 0.79524
vn -0.23973 -0.34920 0.90586
vn 0.07191 -0.36605 0.92781
vn 0.37652 -0.34707 0.85894
vn 0.64426 -0.29411 0.70599
vn 0.84895 -0.21236 0.48393
vn 0.97053 -0.10983 0.21451
vn 0.99706 0.04417 -0.06258
vn 0.92563 0.13790 -0.35241
vn 0.76359 0.21813 -0.60774
vn 0.52680 0.27701 -0.80358
vn 0.23845 0.30877 -0.92076
vn -0.07324 0.31031 -0.94781
vn -0.37777 0.28147 -0.88208
vn -0.64531 0.22508 -0.73001
vn -0.84969 0.14666 -0.50648
vn -0.97089 0.05388 -0.23337
vn -0.99706 -0.04417 0.06258
vn -0.92563 -0.13790 0.35241
vn -0.76359 -0.21813 0.60774
vn -0.52680 -0.27701 0.80358
vn -0.23845 -0.30877 0.92076
vn 0.07324 -0.31031 0.94781
vn 0.37777 -0.28147 0.88208
vn 0.64531 -0.22508 0.73001
vn 0.84969 -0.14666 0.50648
vn 0.97089 -0.05388 0.23337
vn 0.99465 0.09025 -0.05022
vn 0.92378 0.16466 -0.34572
vn 0.76247 0.22296 -0.60739
vn 0.52653 0.25944 -0.80960
vn 0.23905 0.27051 -0.93256
vn -0.07183 0.25511 -0.96424
vn -0.37568 0.21474 -0.90153
vn -0.64275 0.15334 -0.75057
vn -0.84691 0.07694 -0.52614
vn -0.96817 -0.00700 -0.25021
vn -0.99465 -0.09025 0.05022
vn -0.92378 -0.16466 0.34572
vn -0.76247 -0.22296 0.60739
vn -0.52653 -0.25944 0.80960
vn -0.23905 -0.27051 0.93256
vn 0.07183 -0.25511 0.96424
vn 0.37568 -0.21474 0.90153
vn 0.64275 -0.15334 0.75057
vn 0.84691 -0.07694 0.52614
vn 0.96817 0.00700 0.25021
vn 0.98923 0.14095 -0.03941
vn 0.91993 0.19620 -0.33946
vn 0.76058 0.23225 -0.60628
vn 0.52678 0.24556 -0.81376
vn 0.24141 0.23483 -0.94158
vn -0.06758 0.20112 -0.97723
vn -0.36997 0.14772 -0.91723
vn -0.63613 0.07986 -0.76744
vn -0.84003 0.00418 -0.54252
vn -0.96170 -0.07190 -0.26450
vn -0.98923 -0.14095 0.03941
vn -0.91993 -0.19620 0.33946
vn -0.76058 -0.23225 0.60628
vn -0.52678 -0.24556 0.81376
vn -0.24141 -0.23483 0.94158
vn 0.06758 -0.20112 0.97723
vn 0.36997 -0.14772 0.91723
vn 0.63613 -0.07986 0.76744
vn 0.84003 -0.00418 0.54252
vn 0.96170 0.07190 0.26450
vn 0.98024 0.19545 -0.03063
vn 0.91355 0.23189 -0.33413
vn 0.75745 0.24563 -0.60493
vn 0.52720 0.23532 -0.81651
vn 0.24534 0.20199 -0.94816
vn -0.06053 0.14888 -0.98700
vn -0.36048 0.08119 -0.92923
vn -0.62514 0.00556 -0.78049
vn -0.82861 -0.07061 -0.55536
vn -0.95096 -0.13988 -0.27587
vn -0.98024 -0.19545 0.03063
vn -0.91355 -0.23189 0.33413
vn -0.75745 -0.24563 0.60493
vn -0.52720 -0.23532 0.81651
vn -0.24534 -0.20199 0.94816
vn 0.06053 -0.14888 0.98700
vn 0.36048 -0.08119 0.92923
vn 0.62514 -0.00556 0.78049
vn 0.82861 0.07061 0.55536
vn 0.95096 0.13988 0.27587
vn 0.96720 0.25284 -0.02426
vn 0.90418 0.27100 -0.33018
vn 0.75265 0.26263 -0.60377
vn 0.52744 0.22856 -0.81827
vn 0.25061 0.17211 -0.95267
vn -0.05076 0.09882 -0.99381
vn -0.34716 0.01585 -0.93767
vn -0.60958 -0.06867 -0.78975
vn -0.81232 -0.14647 -0.56452
vn -0.93555 -0.20993 -0.28403
vn -0.96720 -0.25284 0.02426
vn -0.90418 -0.27100 0.33018
vn -0.75265 -0.26263 0.60377
vn -0.52744 -0.22856 0.81827
vn -0.25061 -0.17211 0.95267
vn 0.05076 -0.09882 0.99381
vn 0.34716 -0.01585 0.93767
vn 0.60958 0.06867 0.78975
vn 0.81232 0.14647 0.56452
vn 0.93555 0.20993 0.28403
vn 0.94980 0.31218 -0.02054
vn 0.89144 0.31275 -0.32792
vn 0.74581 0.28270 -0.60320
vn 0.52718 0.22498 -0.81943
vn 0.25695 0.14523 -0.95545
vn -0.03844 0.05127 -0.99794
vn -0.33006 -0.04771 -0.94275
vn -0.58937 -0.14202 -0.79528
vn -0.79100 -0.22243 -0.56996
vn -0.91519 -0.28106 -0.28885
vn -0.94980 -0.31218 0.02054
vn -0.89144 -0.31275 0.32792
vn -0.74581 -0.28270 0.60320
vn -0.52718 -0.22498 0.81943
vn -0.25695 -0.14523 0.95545
vn 0.03844 -0.05127 0.99794
vn 0.33006 0.04771 0.94275
vn 0.58937 0.14202 0.79528
vn 0.79100 0.22243 0.56996
vn 0.91519 0.28106 0.28885
vn 0.92780 0.37255 -0.01963
vn 0.87506 0.35631 -0.32759
vn 0.73665 0.30520 -0.60349
vn 0.52614 0.22421 -0.82031
vn 0.26412 0.12127 -0.95683
vn -0.02375 0.00646 -0.99970
vn -0.30929 -0.10898 -0.94470
vn -0.56456 -0.21375 -0.79723
vn -0.76457 -0.29760 -0.57173
vn -0.88973 -0.35232 -0.29025
vn -0.92780 -0.37255 0.01963
vn -0.87506 -0.35631 0.32759
vn -0.73665 -0.30520 0.60349
vn -0.52614 -0.22421 0.82031
vn -0.26412 -0.12127 0.95683
vn 0.02375 -0.00646 0.99970
vn 0.30929 0.10898 0.94470
vn 0.56456 0.21375 0.79723
vn 0.76457 0.29760 0.57173
vn 0.88973 0.35232 0.29025
vn 0.90112 0.43303 -0.02159
vn 0.85489 0.40087 -0.32935
vn 0.72497 0.32947 -0.60487
vn 0.52409 0.22583 -0.82118
vn 0.27190 0.10007 -0.95711
vn -0.00690 -0.03548 -0.99935
vn -0.28502 -0.16756 -0.94376
vn -0.53525 -0.28323 -0.79580
vn -0.73308 -0.37118 -0.56993
vn -0.85915 -0.42280 -0.28828
vn -0.90112 -0.43303 0.02159
vn -0.85489 -0.40087 0.32935
vn -0.72497 -0.32947 0.60487
vn -0.52409 -0.22583 0.82118
vn -0.27190 -0.10007 0.95711
vn 0.00690 0.03548 0.99935
vn 0.28502 0.16756 0.94376
vn 0.53525 0.28323 0.79580
vn 0.73308 0.37118 0.56993
vn 0.85915 0.42280 0.28828
vn 0.86977 0.49276 -0.02643
vn 0.83087 0.44562 -0.33327
vn 0.71065 0.35487 -0.60749
vn 0.52086 0.22937 -0.82225
vn 0.28009 0.08143 -0.95651
vn 0.01190 -0.07449 -0.99715
vn -0.25745 -0.22311 -0.94018
vn -0.50161 -0.34990 -0.79118
vn -0.69666 -0.44243 -0.56473
vn -0.82352 -0.49166 -0.28300
vn -0.86977 -0.49276 0.02643
vn -0.83087 -0.44562 0.33327
vn -0.71065 -0.35487 0.60749
vn -0.52086 -0.22937 0.82225
vn -0.28009 -0.08143 0.95651
vn -0.01190 0.07449 0.99715
vn 0.25745 0.22311 0.94018
vn 0.50161 0.34990 0.79118
vn 0.69666 0.44243 0.56473
vn 0.82352 0.49166 0.28300
vn 0.83385 0.55093 -0.03408
vn 0.80307 0.48981 -0.33937
vn 0.69368 0.38073 -0.61144
vn 0.51638 0.23439 -0.82366
vn 0.28854 0.06510 -0.95525
vn 0.03245 -0.11056 -0.99334
vn -0.22681 -0.27540 -0.93419
vn -0.46387 -0.41328 -0.78360
vn -0.65553 -0.51070 -0.55630
vn -0.78301 -0.55813 -0.27455
vn -0.83385 -0.55093 0.03408
vn -0.80307 -0.48981 0.33937
vn -0.69368 -0.38073 0.61144
vn -0.51638 -0.23439 0.82366
vn -0.28854 -0.06510 0.95525
vn -0.03245 0.11056 0.99334
vn 0.22681 0.27540 0.93419
vn 0.46387 0.41328 0.78360
vn 0.65553 0.51070 0.55630
vn 0.78301 0.55813 0.27455
vn 0.79358 0.60684 -0.04443
vn 0.77161 0.53272 -0.34760
vn 0.67411 0.40646 -0.61674
vn 0.51062 0.24041 -0.82551
vn 0.29714 0.05083 -0.95348
vn 0.05458 -0.14373 -0.98811
vn -0.19332 -0.32422 -0.92602
vn -0.42230 -0.47297 -0.77328
vn -0.60994 -0.57542 -0.54485
vn -0.73788 -0.62155 -0.26308
vn -0.79358 -0.60684 0.04443
vn -0.77161 -0.53272 0.34760
vn -0.67411 -0.40646 0.61674
vn -0.51062 -0.24041 0.82551
vn -0.29714 -0.05083 0.95348
vn -0.05458 0.14373 0.98811
vn 0.19332 0.32422 0.92602
vn 0.42230 0.47297 0.77328
vn 0.60994 0.57542 0.54485
vn 0.73788 0.62155 0.26308
vn 0.74924 0.65982 -0.05736
vn 0.73671 0.57373 -0.35789
vn 0.65208 0.43149 -0.62339
vn 0.50361 0.24701 -0.82787
vn 0.30585 0.03835 -0.95131
vn 0.07814 -0.17407 -0.98163
vn -0.15721 -0.36944 -0.91586
vn -0.37717 -0.52865 -0.76044
vn -0.56021 -0.63612 -0.53058
vn -0.68842 -0.68131 -0.24879
vn -0.74924 -0.65982 0.05736
vn -0.73671 -0.57373 0.35789
vn -0.65208 -0.43149 0.62339
vn -0.50361 -0.24701 0.82787
vn -0.30585 -0.03835 0.95131
vn -0.07814 0.17407 0.98163
vn 0.15721 0.36944 0.91586
vn 0.37717 0.52865 0.76044
vn 0.56021 0.63612 0.53058
vn 0.68842 0.68131 0.24879
vn 0.70114 0.70931 -0.07269
vn 0.69866 0.61228 -0.37012
vn 0.62778 0.45532 -0.63133
vn 0.49546 0.25379 -0.83073
vn 0.31463 0.02742 -0.94882
vn 0.10301 -0.20164 -0.97403
vn -0.11870 -0.41096 -0.90389
vn -0.32879 -0.58005 -0.74528
vn -0.50669 -0.69236 -0.51371
vn -0.63500 -0.73690 -0.23186
vn -0.70114 -0.70931 0.07269
vn -0.69866 -0.61228 0.37012
vn -0.62778 -0.45532 0.63133
vn -0.49546 -0.25379 0.83073
vn -0.31463 -0.02742 0.94882
vn -0.10301 0.20164 0.97403
vn 0.11870 0.41096 0.90389
vn 0.32879 0.58005 0.74528
vn 0.50669 0.69236 0.51371
vn 0.63500 0.73690 0.23186
vn 0.64969 0.75483 -0.09025
vn 0.65777 0.64789 -0.38416
vn 0.60147 0.47752 -0.64047
vn 0.48629 0.26042 -0.83409
vn 0.32351 0.01783 -0.94606
vn 0.12907 -0.22652 -0.96542
vn -0.07802 -0.44868 -0.89028
vn -0.27746 -0.62693 -0.72799
vn -0.44974 -0.74381 -0.49445
vn -0.57801 -0.78788 -0.21250
vn -0.64969 -0.75483 0.09025
vn -0.65777 -0.64789 0.38416
vn -0.60147 -0.47752 0.64047
vn -0.48629 -0.26042 0.83409
vn -0.32351 -0.01783 0.94606
vn -0.12907 0.22652 0.96542
vn 0.07802 0.44868 0.89028
vn 0.27746 0.62693 0.72799
vn 0.44974 0.74381 0.49445
vn 0.57801 0.78788 0.21250
vn 0.59529 0.79597 -0.10985
vn 0.61443 0.68014 -0.39985
vn 0.57343 0.49773 -0.65072
vn 0.47630 0.26661 -0.83789
vn 0.33254 0.00938 -0.94304
vn 0.15624 -0.24876 -0.95588
vn -0.03536 -0.48255 -0.87515
vn -0.22350 -0.66911 -0.70876
vn -0.38976 -0.79017 -0.47298
vn -0.51787 -0.83388 -0.19091
vn -0.59529 -0.79597 0.10985
vn -0.61443 -0.68014 0.39985
vn -0.57343 -0.49773 0.65072
vn -0.47630 -0.26661 0.83789
vn -0.33254 -0.00938 0.94304
vn -0.15624 0.24876 0.95588
vn 0.03536 0.48255 0.87515
vn 0.22350 0.66911 0.70876
vn 0.38976 0.79017 0.47298
vn 0.51787 0.83388 0.19091
vn 0.53838 0.83241 -0.13129
vn 0.56903 0.70872 -0.41704
vn 0.54398 0.51566 -0.66196
vn 0.46568 0.27212 -0.84208
vn 0.34179 0.00194 -0.93977
vn 0.18445 -0.26843 -0.94548
vn 0.00905 -0.51252 -0.85863
vn -0.16723 -0.70644 -0.68773
vn -0.32714 -0.83121 -0.44952
vn -0.45503 -0.87462 -0.16730
vn -0.53838 -0.83241 0.13129
vn -0.56903 -0.70872 0.41704
vn -0.54398 -0.51566 0.66196
vn -0.46568 -0.27212 0.84208
vn -0.34179 -0.00194 0.93977
vn -0.18445 0.26843 0.94548
vn -0.00905 0.51252 0.85863
vn 0.16723 0.70644 0.68773
vn 0.32714 0.83121 0.44952
vn 0.45503 0.87462 0.16730
vn 0.47943 0.86389 -0.15440
vn 0.52199 0.73337 -0.43554
vn 0.51345 0.53107 -0.67405
vn 0.45465 0.27678 -0.84658
vn 0.35134 -0.00461 -0.93624
vn 0.21364 -0.28554 -0.93425
vn 0.05503 -0.53852 -0.84081
vn -0.10896 -0.73879 -0.66507
vn -0.26229 -0.86674 -0.42423
vn -0.38995 -0.90984 -0.14186
vn -0.47943 -0.86389 0.15440
vn -0.52199 -0.73337 0.43554
vn -0.51345 -0.53107 0.67405
vn -0.45465 -0.27678 0.84658
vn -0.35134 0.00461 0.93624
vn -0.21364 0.28554 0.93425
vn -0.05503 0.53852 0.84081
vn 0.10896 0.73879 0.66507
vn 0.26229 0.86674 0.42423
vn 0.38995 0.90984 0.14186
vn 0.41891 0.89022 -0.17896
vn 0.47373 0.75391 -0.45519
vn 0.48218 0.54381 -0.68686
vn 0.44343 0.28047 -0.85130
vn 0.36128 -0.01032 -0.93240
vn 0.24376 -0.30010 -0.92224
vn 0.10238 -0.56051 -0.82180
vn -0.04903 -0.76604 -0.64092
vn -0.19563 -0.89660 -0.39730
vn -0.32308 -0.93938 -0.11479
vn -0.41891 -0.89022 0.17896
vn -0.47373 -0.75391 0.45519
vn -0.48218 -0.54381 0.68686
vn -0.44343 -0.28047 0.85130
vn -0.36128 0.01032 0.93240
vn -0.24376 0.30010 0.92224
vn -0.10238 0.56051 0.82180
vn 0.04903 0.76604 0.64092
vn 0.19563 0.89660 0.39730
vn 0.32308 0.93938 0.11479
vn 0.35728 0.91127 -0.20480
vn 0.42469 0.77022 -0.47582
vn 0.45052 0.55378 -0.70025
vn 0.43226 0.28313 -0.85615
vn 0.37169 -0.01523 -0.92823
vn 0.27473 -0.31211 -0.90946
vn 0.15088 -0.57843 -0.80166
vn 0.01226 -0.78813 -0.61539
vn -0.12756 -0.92068 -0.36888
vn -0.25490 -0.96311 -0.08626
vn -0.35728 -0.91127 0.20480
vn -0.42469 -0.77022 0.47582
vn -0.45052 -0.55378 0.70025
vn -0.43226 -0.28313 0.85615
vn -0.37169 0.01523 0.92823
vn -0.27473 0.31211 0.90946
vn -0.15088 0.57843 0.80166
vn -0.01226 0.78813 0.61539
vn 0.12756 0.92068 0.36888
vn 0.25490 0.96311 0.08626
vn 0.29500 0.92697 -0.23174
vn 0.37527 0.78224 -0.49726
vn 0.41881 0.56095 -0.71410
vn 0.42135 0.28474 -0.86104
vn 0.38265 -0.01933 -0.92369
vn 0.30649 -0.32152 -0.89593
vn 0.20033 -0.59223 -0.78047
vn 0.07456 -0.80497 -0.58861
vn -0.05851 -0.93892 -0.33913
vn -0.18585 -0.98095 -0.05646
vn -0.29500 -0.92697 0.23174
vn -0.37527 -0.78224 0.49726
vn -0.41881 -0.56095 0.71410
vn -0.42135 -0.28474 0.86104
vn -0.38265 0.01933 0.92369
vn -0.30649 0.32152 0.89593
vn -0.20033 0.59223 0.78047
vn -0.07456 0.80497 0.58861
vn 0.05851 0.93892 0.33913
vn 0.18585 0.98095 0.05646
vn 0.23254 0.93730 -0.25960
vn 0.32590 0.78998 -0.51934
vn 0.38736 0.56533 -0.72825
vn 0.41091 0.28534 -0.86587
vn 0.39423 -0.02258 -0.91874
vn 0.33896 -0.32829 -0.88167
vn 0.25051 -0.60186 -0.75829
vn 0.13754 -0.81652 -0.56069
vn 0.01110 -0.95125 -0.30821
vn -0.11642 -0.99287 -0.02556
vn -0.23254 -0.93730 0.25960
vn -0.32590 -0.78998 0.51934
vn -0.38736 -0.56533 0.72825
vn -0.41091 -0.28534 0.86587
vn -0.39423 0.02258 0.91874
vn -0.33896 0.32829 0.88167
vn -0.25051 0.60186 0.75829
vn -0.13754 0.81652 0.56069
vn -0.01110 0.95125 0.30821
vn 0.11642 0.99287 0.02556
vn 0.17034 0.94229 -0.28822
vn 0.27697 0.79347 -0.54193
vn 0.35648 0.56699 -0.74259
vn 0.40111 0.28500 -0.87057
vn 0.40646 -0.02489 -0.91333
vn 0.37203 -0.33234 -0.86668
vn 0.30119 -0.60726 -0.73520
vn 0.20086 -0.82274 -0.53175
vn 0.08087 -0.95768 -0.27625
vn -0.04704 -0.99887 0.00629
vn -0.17034 -0.94229 0.28822
vn -0.27697 -0.79347 0.54193
vn -0.35648 -0.56699 0.74259
vn -0.40111 -0.28500 0.87057
vn -0.40646 0.02489 0.91333
vn -0.37203 0.33234 0.86668
vn -0.30119 0.60726 0.73520
vn -0.20086 0.82274 0.53175
vn -0.08087 0.95768 0.27625
vn 0.04704 0.99887 -0.00629
vn 0.10883 0.94202 -0.31743
vn 0.22884 0.79282 -0.56486
vn 0.32645 0.56602 -0.75700
vn 0.39211 0.28381 -0.87505
vn 0.41938 -0.02618 -0.90743
vn 0.40560 -0.33361 -0.85099
vn 0.35212 -0.60838 -0.71125
vn 0.26417 -0.82360 -0.50189
vn 0.15037 -0.95820 -0.24340
vn 0.02184 -0.99900 0.03892
vn -0.10883 -0.94202 0.31743
vn -0.22884 -0.79282 0.56486
vn -0.32645 -0.56602 0.75700
vn -0.39211 -0.28381 0.87505
vn -0.41938 0.02618 0.90743
vn -0.40560 0.33361 0.85099
vn -0.35212 0.60838 0.71125
vn -0.26417 0.82360 0.50189
vn -0.15037 0.95820 0.24340
vn -0.02184 0.99900 -0.03892
vn 0.04841 0.93658 -0.34708
vn 0.18186 0.78815 -0.58801
vn 0.29751 0.56256 -0.77137
vn 0.38404 0.28191 -0.87923
vn 0.43297 -0.02634 -0.90102
vn 0.43953 -0.33201 -0.83462
vn 0.40306 -0.60518 -0.68651
vn 0.32713 -0.81911 -0.47121
vn 0.21918 -0.95286 -0.20978
vn 0.08978 -0.99334 0.07218
vn -0.04841 -0.93658 0.34708
vn -0.18186 -0.78815 0.58801
vn -0.29751 -0.56256 0.77137
vn -0.38404 -0.28191 0.87923
vn -0.43297 0.02634 0.90102
vn -0.43953 0.33201 0.83462
vn -0.40306 0.60518 0.68651
vn -0.32713 0.81911 0.47121
vn -0.21918 0.95286 0.20978
vn -0.08978 0.99334 -0.07218
vn -0.01052 0.92614 -0.37704
vn 0.13636 0.77962 -0.61123
vn 0.26989 0.55678 -0.78559
vn 0.37700 0.27945 -0.88305
vn 0.44721 -0.02524 -0.89407
vn 0.47364 -0.32746 -0.81758
vn 0.45371 -0.59763 -0.66105
vn 0.38937 -0.80929 -0.43982
vn 0.28691 -0.94174 -0.17553
vn 0.15637 -0.98200 0.10594
vn 0.01052 -0.92614 0.37704
vn -0.13636 -0.77962 0.61123
vn -0.26989 -0.55678 0.78559
vn -0.37700 -0.27945 0.88305
vn -0.44721 0.02524 0.89407
vn -0.47364 0.32746 0.81758
vn -0.45371 0.59763 0.66105
vn -0.38937 0.80929 0.43982
vn -0.28691 0.94174 0.17553
vn -0.15637 0.98200 -0.10594
vn -0.06760 0.91085 -0.40716
vn 0.09261 0.76742 -0.63442
vn 0.24377 0.54887 -0.79957
vn 0.37106 0.27660 -0.88646
vn 0.46203 -0.02275 -0.88657
vn 0.50777 -0.31988 -0.79990
vn 0.50381 -0.58569 -0.63494
vn 0.45053 -0.79417 -0.40781
vn 0.35315 -0.92491 -0.14077
vn 0.22120 -0.96512 0.14005
vn 0.06760 -0.91085 0.40716
vn -0.09261 -0.76742 0.63442
vn -0.24377 -0.54887 0.79957
vn -0.37106 -0.27660 0.88646
vn -0.46203 0.02275 0.88657
vn -0.50777 0.31988 0.79990
vn -0.50381 0.58569 0.63494
vn -0.45053 0.79417 0.40781
vn -0.35315 0.92491 0.14077
vn -0.22120 0.96512 -0.14005
vn -0.12249 0.89093 -0.43732
vn 0.05090 0.75178 -0.65745
vn 0.21931 0.53903 -0.81323
vn 0.36625 0.27353 -0.88941
vn 0.47734 -0.01875 -0.87852
vn 0.54170 -0.30920 -0.78164
vn 0.55304 -0.56937 -0.60824
vn 0.51024 -0.77382 -0.37531
vn 0.41750 -0.90252 -0.10564
vn 0.28389 -0.94287 0.17437
vn 0.12249 -0.89093 0.43732
vn -0.05090 -0.75178 0.65745
vn -0.21931 -0.53903 0.81323
vn -0.36625 -0.27353 0.88941
vn -0.47734 0.01875 0.87852
vn -0.54170 0.30920 0.78164
vn -0.55304 0.56937 0.60824
vn -0.51024 0.77382 0.37531
vn -0.41750 0.90252 0.10564
vn -0.28389 0.94287 -0.17437
vn -0.17487 0.86659 -0.46739
vn 0.01144 0.73290 -0.68024
vn 0.19663 0.52748 -0.82650
vn 0.36257 0.27042 -0.89186
vn 0.49302 -0.01311 -0.86992
vn 0.57521 -0.29535 -0.76283
vn 0.60109 -0.54869 -0.58106
vn 0.56814 -0.74831 -0.34242
vn 0.47957 -0.87469 -0.07025
vn 0.34406 -0.91544 0.20879
vn 0.17487 -0.86659 0.46739
vn -0.01144 -0.73290 0.68024
vn -0.19663 -0.52748 0.82650
vn -0.36257 -0.27042 0.89186
vn -0.49302 0.01311 0.86992
vn -0.57521 0.29535 0.76283
vn -0.60109 0.54869 0.58106
vn -0.56814 0.74831 0.34242
vn -0.47957 0.87469 0.07025
vn -0.34406 0.91544 -0.20879
vn -0.22445 0.83807 -0.49726
vn -0.02556 0.71105 -0.70268
vn 0.17582 0.51442 -0.83932
vn 0.35999 0.26744 -0.89380
vn 0.50893 -0.00572 -0.86079
vn 0.60804 -0.27832 -0.74352
vn 0.64764 -0.52367 -0.55347
vn 0.62384 -0.71777 -0.30924
vn 0.53898 -0.84160 -0.03474
vn 0.40136 -0.88306 0.24316
vn 0.22445 -0.83807 0.49726
vn 0.02556 -0.71105 0.70268
vn -0.17582 -0.51442 0.83932
vn -0.35999 -0.26744 0.89380
vn -0.50893 0.00572 0.86079
vn -0.60804 0.27832 0.74352
vn -0.64764 0.52367 0.55347
vn -0.62384 0.71777 0.30924
vn -0.53898 0.84160 0.03474
vn -0.40136 0.88306 -0.24316
vn -0.27096 0.80563 -0.52682
vn -0.05995 0.68646 -0.72470
vn 0.15694 0.50008 -0.85164
vn 0.35846 0.26476 -0.89522
vn 0.52489 0.00352 -0.85116
vn 0.63994 -0.25807 -0.72379
vn 0.69235 -0.49439 -0.52557
vn 0.67699 -0.68232 -0.27590
vn 0.59536 -0.80346 0.00077
vn 0.45545 -0.84595 0.27737
vn 0.27096 -0.80563 0.52682
vn 0.05995 -0.68646 0.72470
vn -0.15694 -0.50008 0.85164
vn -0.35846 -0.26476 0.89522
vn -0.52489 -0.00352 0.85116
vn -0.63994 0.25807 0.72379
vn -0.69235 0.49439 0.52557
vn -0.67699 0.68232 0.27590
vn -0.59536 0.80346 -0.00077
vn -0.45545 0.84595 -0.27737
vn -0.31417 0.76954 -0.55597
vn -0.09156 0.65938 -0.74622
vn 0.14001 0.48467 -0.86342
vn 0.35788 0.26252 -0.89611
vn 0.54072 0.01467 -0.84107
vn 0.67063 -0.23462 -0.70371
vn 0.73489 -0.46094 -0.49747
vn 0.72722 -0.64213 -0.24253
vn 0.64836 -0.76048 0.03615
vn 0.50603 -0.80438 0.31130
vn 0.31417 -0.76954 0.55597
vn 0.09156 -0.65938 0.74622
vn -0.14001 -0.48467 0.86342
vn -0.35788 -0.26252 0.89611
vn -0.54072 -0.01467 0.84107
vn -0.67063 0.23462 0.70371
vn -0.73489 0.46094 0.49747
vn -0.72722 0.64213 0.24253
vn -0.64836 0.76048 -0.03615
vn -0.50603 0.80438 -0.31130
vn -0.35388 0.73007 -0.58461
vn -0.12030 0.63006 -0.76717
vn 0.12505 0.46838 -0.87464
vn 0.35816 0.26084 -0.89648
vn 0.55621 0.02778 -0.83058
vn 0.69981 -0.20801 -0.68337
vn 0.77491 -0.42343 -0.46927
vn 0.77416 -0.59741 -0.20923
vn 0.69763 -0.71290 0.07128
vn 0.55281 -0.75862 0.34482
vn 0.35388 -0.73007 0.58461
vn 0.12030 -0.63006 0.76717
vn -0.12505 -0.46838 0.87464
vn -0.35816 -0.26084 0.89648
vn -0.55621 -0.02778 0.83058
vn -0.69981 0.20801 0.68337
vn -0.77491 0.42343 0.46927
vn -0.77416 0.59741 0.20923
vn -0.69763 0.71290 -0.07128
vn -0.55281 0.75862 -0.34482
vn -0.38988 0.68750 -0.61265
vn -0.14608 0.59875 -0.78750
vn 0.11202 0.45139 -0.88527
vn 0.35915 0.25984 -0.89638
vn 0.57113 0.04286 -0.81974
vn 0.72720 -0.17831 -0.66286
vn 0.81208 -0.38203 -0.44110
vn 0.81748 -0.54836 -0.17616
vn 0.74285 -0.66100 0.10602
vn 0.59551 -0.70895 0.37783
vn 0.38988 -0.68750 0.61265
vn 0.14608 -0.59875 0.78750
vn -0.11202 -0.45139 0.88527
vn -0.35915 -0.25984 0.89638
vn -0.57113 -0.04286 0.81974
vn -0.72720 0.17831 0.66286
vn -0.81208 0.38203 0.44110
vn -0.81748 0.54836 0.17616
vn -0.74285 0.66100 -0.10602
vn -0.59551 0.70895 -0.37783
vn -0.42202 0.64210 -0.64001
vn -0.16883 0.56567 -0.80717
vn 0.10088 0.43386 -0.89531
vn 0.36072 0.25959 -0.89582
vn 0.58525 0.05991 -0.80864
vn 0.75249 -0.14564 -0.64230
vn 0.84607 -0.33693 -0.41309
vn 0.85683 -0.49524 -0.14344
vn 0.78372 -0.60507 0.14025
vn 0.63389 -0.65568 0.41020
vn 0.42202 -0.64210 0.64001
vn 0.16883 -0.56567 0.80717
vn -0.10088 -0.43386 0.89531
vn -0.36072 -0.25959 0.89582
vn -0.58525 -0.05991 0.80864
vn -0.75249 0.14564 0.64230
vn -0.84607 0.33693 0.41309
vn -0.85683 0.49524 0.14344
vn -0.78372 0.60507 -0.14025
vn -0.63389 0.65568 -0.41020
vn -0.45015 0.59415 -0.66660
vn -0.18850 0.53104 -0.82612
vn 0.09159 0.41594 -0.90477
vn 0.36272 0.26013 -0.89486
vn 0.59835 0.07885 -0.79735
vn 0.77540 -0.11014 -0.62179
vn 0.87655 -0.28836 -0.38537
vn 0.89190 -0.43834 -0.11122
vn 0.81994 -0.54542 0.17381
vn 0.66773 -0.59911 0.44183
vn 0.45015 -0.59415 0.66660
vn 0.18850 -0.53104 0.82612
vn -0.09159 -0.41594 0.90477
vn -0.36272 -0.26013 0.89486
vn -0.59835 -0.07885 0.79735
vn -0.77540 0.11014 0.62179
vn -0.87655 0.28836 0.38537
vn -0.89190 0.43834 0.11122
vn -0.81994 0.54542 -0.17381
vn -0.66773 0.59911 -0.44183
vn -0.47414 0.54394 -0.69233
vn -0.20507 0.49506 -0.84431
vn 0.08408 0.39773 -0.91364
vn 0.36499 0.26146 -0.89354
vn 0.61018 0.09960 -0.78598
vn 0.79564 -0.07201 -0.60147
vn 0.90322 -0.23657 -0.35809
vn 0.92238 -0.37797 -0.07966
vn 0.85126 -0.48238 0.20657
vn 0.69680 -0.53957 0.47258
vn 0.47414 -0.54394 0.69233
vn 0.20507 -0.49506 0.84431
vn -0.08408 -0.39773 0.91364
vn -0.36499 -0.26146 0.89354
vn -0.61018 -0.09960 0.78598
vn -0.79564 0.07201 0.60147
vn -0.90322 0.23657 0.35809
vn -0.92238 0.37797 0.07966
vn -0.85126 0.48238 -0.20657
vn -0.69680 0.53957 -0.47258
vn -0.49390 0.49172 -0.71713
vn -0.21851 0.45793 -0.86172
vn 0.07827 0.37931 -0.92195
vn 0.36739 0.26357 -0.89194
vn 0.62054 0.12202 -0.77462
vn 0.81295 -0.03147 -0.58148
vn 0.92579 -0.18188 -0.33141
vn 0.94800 -0.31448 -0.04891
vn 0.87742 -0.41631 0.23839
vn 0.72095 -0.47738 0.50234
vn 0.49390 -0.49172 0.71713
vn 0.21851 -0.45793 0.86172
vn -0.07827 -0.37931 0.92195
vn -0.36739 -0.26357 0.89194
vn -0.62054 -0.12202 0.77462
vn -0.81295 0.03147 0.58148
vn -0.92579 0.18188 0.33141
vn -0.94800 0.31448 0.04891
vn -0.87742 0.41631 -0.23839
vn -0.72095 0.47738 -0.50234
vn -0.50933 0.43776 -0.74091
vn -0.22881 0.41980 -0.87830
vn 0.07410 0.36075 -0.92971
vn 0.36976 0.26638 -0.89012
vn 0.62922 0.14594 -0.76340
vn 0.82709 0.01121 -0.56195
vn 0.94400 -0.12461 -0.30549
vn 0.96851 -0.24824 -0.01913
vn 0.89821 -0.34757 0.26910
vn 0.73999 -0.41287 0.53099
vn 0.50933 -0.43776 0.74091
vn 0.22881 -0.41980 0.87830
vn -0.07410 -0.36075 0.92971
vn -0.36976 -0.26638 0.89012
vn -0.62922 -0.14594 0.76340
vn -0.82709 -0.01121 0.56195
vn -0.94400 0.12461 0.30549
vn -0.96851 0.24824 0.01913
vn -0.89821 0.34757 -0.26910
vn -0.73999 0.41287 -0.53099
vn -0.52034 0.38233 -0.76359
vn -0.23596 0.38083 -0.89403
vn 0.07151 0.34206 -0.93695
vn 0.37199 0.26980 -0.88816
vn 0.63605 0.17113 -0.75243
vn 0.83785 0.05572 -0.54305
vn 0.95764 -0.06516 -0.28051
vn 0.98368 -0.17965 0.00949
vn 0.91344 -0.27656 0.29856
vn 0.75378 -0.34640 0.55840
vn 0.52034 -0.38233 0.76359
vn 0.23596 -0.38083 0.89403
vn -0.07151 -0.34206 0.93695
vn -0.37199 -0.26980 0.88816
vn -0.63605 -0.17113 0.75243
vn -0.83785 -0.05572 0.54305
vn -0.95764 0.06516 0.28051
vn -0.98368 0.17965 -0.00949
vn -0.91344 0.27656 -0.29856
vn -0.75378 0.34640 -0.55840
vn -0.52687 0.32567 -0.78508
vn -0.23995 0.34115 -0.90887
vn 0.07046 0.32324 -0.94369
vn 0.37397 0.27369 -0.88614
vn 0.64087 0.19735 -0.74184
vn 0.84505 0.10169 -0.52493
vn 0.96650 -0.00392 -0.25664
vn 0.99334 -0.10915 0.03678
vn 0.92295 -0.20370 0.32659
vn 0.76222 -0.27830 0.58444
vn 0.52687 -0.32567 0.78508
vn 0.23995 -0.34115 0.90887
vn -0.07046 -0.32324 0.94369
vn -0.37397 -0.27369 0.88614
vn -0.64087 -0.19735 0.74184
vn -0.84505 -0.10169 0.52493
vn -0.96650 0.00392 0.25664
vn -0.99334 0.10915 -0.03678
vn -0.92295 0.20370 -0.32659
vn -0.76222 0.27830 -0.58444
vn -0.52886 0.26802 -0.80528
vn -0.24075 0.30087 -0.92278
vn 0.07092 0.30427 -0.94994
vn 0.37564 0.27788 -0.88412
vn 0.64360 0.22429 -0.73176
vn 0.84856 0.14875 -0.50777
vn 0.97045 0.05864 -0.23407
vn 0.99735 -0.03720 0.06254
vn 0.92662 -0.12940 0.35303
vn 0.76519 -0.20894 0.60896
vn 0.52886 -0.26802 0.80528
vn 0.24075 -0.30087 0.92278
vn -0.07092 -0.30427 0.94994
vn -0.37564 -0.27788 0.88412
vn -0.64360 -0.22429 0.73176
vn -0.84856 -0.14875 0.50777
vn -0.97045 -0.05864 0.23407
vn -0.99735 0.03720 -0.06254
vn -0.92662 0.12940 -0.35303
vn -0.76519 0.20894 -0.60896
vn -0.52624 0.20964 -0.82409
vn -0.23834 0.26009 -0.93570
vn 0.07288 0.28508 -0.95573
vn 0.37697 0.28217 -0.88220
vn 0.64417 0.25163 -0.72231
vn 0.84830 0.19646 -0.49172
vn 0.96940 0.12206 -0.21300
vn 0.99560 0.03572 0.08658
vn 0.92435 -0.05413 0.37768
vn 0.76262 -0.13867 0.63181
vn 0.52624 -0.20964 0.82409
vn 0.23834 -0.26009 0.93570
vn -0.07288 -0.28508 0.95573
vn -0.37697 -0.28217 0.88220
vn -0.64417 -0.25163 0.72231
vn -0.84830 -0.19646 0.49172
vn -0.96940 -0.12206 0.21300
vn -0.99560 -0.03572 -0.08658
vn -0.92435 0.05413 -0.37768
vn -0.76262 0.13867 -0.63181
vn -0.51897 0.15078 -0.84139
vn -0.23268 0.21892 -0.94760
vn 0.07639 0.26563 -0.96104
vn 0.37798 0.28633 -0.88042
vn 0.64258 0.27901 -0.71361
vn 0.84427 0.24438 -0.47695
vn 0.96332 0.18583 -0.19361
vn 0.98807 0.10909 0.10869
vn 0.91611 0.02166 0.40035
vn 0.75446 -0.06788 0.65282
vn 0.51897 -0.15078 0.84139
vn 0.23268 -0.21892 0.94760
vn -0.07639 -0.26563 0.96104
vn -0.37798 -0.28633 0.88042
vn -0.64258 -0.27901 0.71361
vn -0.84427 -0.24438 0.47695
vn -0.96332 -0.18583 0.19361
vn -0.98807 -0.10909 -0.10869
vn -0.91611 -0.02166 -0.40035
vn -0.75446 0.06788 -0.65282
vn -0.50702 0.09167 -0.85705
vn -0.22370 0.17742 -0.95837
vn 0.08151 0.24581 -0.96588
vn 0.37874 0.29014 -0.87885
vn 0.63890 0.30606 -0.70579
vn 0.83652 0.29202 -0.46364
vn 0.95225 0.24940 -0.17610
vn 0.97477 0.18237 0.12867
vn 0.90188 0.09749 0.42085
vn 0.74070 0.00306 0.67183
vn 0.50702 -0.09167 0.85705
vn 0.22370 -0.17742 0.95837
vn -0.08151 -0.24581 0.96588
vn -0.37874 -0.29014 0.87885
vn -0.63890 -0.30606 0.70579
vn -0.83652 -0.29202 0.46364
vn -0.95225 -0.24940 0.17610
vn -0.97477 -0.18237 -0.12867
vn -0.90188 -0.09749 -0.42085
vn -0.74070 -0.00306 -0.67183
vn -0.49035 0.03258 -0.87092
vn -0.21135 0.13571 -0.96794
vn 0.08833 0.22555 -0.97022
vn 0.37937 0.29332 -0.87752
vn 0.63327 0.33237 -0.69893
vn 0.82518 0.33889 -0.45192
vn 0.93632 0.31224 -0.16067
vn 0.95580 0.25502 0.14631
vn 0.88173 0.17284 0.43896
vn 0.72134 0.07374 0.68864
vn 0.49035 -0.03258 0.87092
vn 0.21135 -0.13571 0.96794
vn -0.08833 -0.22555 0.97022
vn -0.37937 -0.29332 0.87752
vn -0.63327 -0.33237 0.69893
vn -0.82518 -0.33889 0.45192
vn -0.93632 -0.31224 0.16067
vn -0.95580 -0.25502 -0.14631
vn -0.88173 -0.17284 -0.43896
vn -0.72134 -0.07374 -0.68864
vn -0.46895 -0.02623 -0.88284
vn -0.19554 0.09387 -0.97619
vn 0.09700 0.20477 -0.97399
vn 0.38005 0.29563 -0.87645
vn 0.62590 0.35756 -0.69311
vn 0.81048 0.38448 -0.44193
vn 0.91572 0.37376 -0.14749
vn 0.93133 0.32646 0.16139
vn 0.85577 0.24721 0.45447
vn 0.69645 0.14375 0.70306
vn 0.46895 0.02623 0.88284
vn 0.19554 -0.09387 0.97619
vn -0.09700 -0.20477 0.97399
vn -0.38005 -0.29563 0.87645
vn -0.62590 -0.35756 0.69311
vn -0.81048 -0.38448 0.44193
vn -0.91572 -0.37376 0.14749
vn -0.93133 -0.32646 -0.16139
vn -0.85577 -0.24721 -0.45447
vn -0.69645 -0.14375 -0.70306
vn -0.44283 -0.08446 -0.89262
vn -0.17620 0.05201 -0.98298
vn 0.10769 0.18340 -0.97712
vn 0.38103 0.29684 -0.87562
vn 0.61707 0.38122 -0.68840
vn 0.79271 0.42828 -0.43380
vn 0.89076 0.43342 -0.13673
vn 0.90161 0.39613 0.17372
vn 0.82421 0.32007 0.46716
vn 0.66612 0.21268 0.71488
vn 0.44283 0.08446 0.89262
vn 0.17620 -0.05201 0.98298
vn -0.10769 -0.18340 0.97712
vn -0.38103 -0.29684 0.87562
vn -0.61707 -0.38122 0.68840
vn -0.79271 -0.42828 0.43380
vn -0.89076 -0.43342 0.13673
vn -0.90161 -0.39613 -0.17372
vn -0.82421 -0.32007 -0.46716
vn -0.66612 -0.21268 -0.71488
vn -0.41205 -0.14184 -0.90005
vn -0.15323 0.01028 -0.98814
vn 0.12059 0.16139 -0.97949
vn 0.38261 0.29671 -0.87497
vn 0.60717 0.40298 -0.68480
vn 0.77230 0.46980 -0.42760
vn 0.86183 0.49064 -0.12854
vn 0.86700 0.46344 0.18310
vn 0.78730 0.39089 0.47682
vn 0.63054 0.28007 0.72387
vn 0.41205 0.14184 0.90005
vn 0.15323 -0.01028 0.98814
vn -0.12059 -0.16139 0.97949
vn -0.38261 -0.29671 0.87497
vn -0.60717 -0.40298 0.68480
vn -0.77230 -0.46980 0.42760
vn -0.86183 -0.49064 0.12854
vn -0.86700 -0.46344 -0.18310
vn -0.78730 -0.39089 -0.47682
vn -0.63054 -0.28007 -0.72387
vn -0.37669 -0.19802 -0.90493
vn -0.12658 -0.03117 -0.99147
vn 0.13593 0.13874 -0.98096
vn 0.38513 0.29506 -0.87442
vn 0.59663 0.42250 -0.68229
vn 0.74973 0.50858 -0.42338
vn 0.82944 0.54488 -0.12302
vn 0.82796 0.52784 0.18938
vn 0.74543 0.45914 0.48324
vn 0.58994 0.34549 0.72980
vn 0.37669 0.19802 0.90493
vn 0.12658 0.03117 0.99147
vn -0.13593 -0.13874 0.98096
vn -0.38513 -0.29506 0.87442
vn -0.59663 -0.42250 0.68229
vn -0.74973 -0.50858 0.42338
vn -0.82944 -0.54488 0.12302
vn -0.82796 -0.52784 -0.18938
vn -0.74543 -0.45914 -0.48324
vn -0.58994 -0.34549 -0.72980
vn -0.33690 -0.25268 -0.90700
vn -0.09619 -0.07214 -0.99275
vn 0.15394 0.11545 -0.98131
vn 0.38900 0.29175 -0.87382
vn 0.58598 0.43948 -0.68080
vn 0.72560 0.54420 -0.42113
vn 0.79420 0.59565 -0.12024
vn 0.78505 0.58879 0.19242
vn 0.69906 0.52429 0.48625
vn 0.54464 0.40848 0.73247
vn 0.33690 0.25268 0.90700
vn 0.09619 0.07214 0.99275
vn -0.15394 -0.11545 0.98131
vn -0.38900 -0.29175 0.87382
vn -0.58598 -0.43948 0.68080
vn -0.72560 -0.54420 0.42113
vn -0.79420 -0.59565 0.12024
vn -0.78505 -0.58879 -0.19242
vn -0.69906 -0.52429 -0.48625
vn -0.54464 -0.40848 -0.73247
vn -0.29291 -0.30546 -0.90604
vn -0.06208 -0.11242 -0.99172
vn 0.17483 0.09162 -0.98033
vn 0.39462 0.28669 -0.87297
vn 0.57579 0.45370 -0.68017
vn 0.70059 0.57630 -0.42078
vn 0.75681 0.64248 -0.12020
vn 0.73895 0.64578 0.19214
vn 0.64876 0.58586 0.48567
vn 0.49507 0.46859 0.73166
vn 0.29291 0.30546 0.90604
vn 0.06208 0.11242 0.99172
vn -0.17483 -0.09162 0.98033
vn -0.39462 -0.28669 0.87297
vn -0.57579 -0.45370 0.68017
vn -0.70059 -0.57630 0.42078
vn -0.75681 -0.64248 0.12020
vn -0.73895 -0.64578 -0.19214
vn -0.64876 -0.58586 -0.48567
vn -0.49507 -0.46859 -0.73166
vn -0.24502 -0.35599 -0.90180
vn -0.02431 -0.15174 -0.98812
vn 0.19879 0.06737 -0.97772
vn 0.40242 0.27988 -0.87162
vn 0.56667 0.46499 -0.68020
vn 0.67544 0.60459 -0.42219
vn 0.71810 0.68501 -0.12286
vn 0.69047 0.69837 0.18850
vn 0.59524 0.64337 0.48141
vn 0.44175 0.52540 0.72719
vn 0.24502 0.35599 0.90180
vn 0.02431 0.15174 0.98812
vn -0.19879 -0.06737 0.97772
vn -0.40242 -0.27988 0.87162
vn -0.56667 -0.46499 0.68020
vn -0.67544 -0.60459 0.42219
vn -0.71810 -0.68501 0.12286
vn -0.69047 -0.69837 -0.18850
vn -0.59524 -0.64337 -0.48141
vn -0.44175 -0.52540 -0.72719
vn -0.19367 -0.40392 -0.89406
vn 0.01697 -0.18982 -0.98167
vn 0.22595 0.04287 -0.97319
vn 0.41281 0.27136 -0.86945
vn 0.55927 0.47329 -0.68060
vn 0.65097 0.62889 -0.42513
vn 0.67896 0.72292 -0.12804
vn 0.64048 0.74620 0.18158
vn 0.53931 0.69643 0.47342
vn 0.38535 0.57849 0.71893
vn 0.19367 0.40392 0.89406
vn -0.01697 0.18982 0.98167
vn -0.22595 -0.04287 0.97319
vn -0.41281 -0.27136 0.86945
vn -0.55927 -0.47329 0.68060
vn -0.65097 -0.62889 0.42513
vn -0.67896 -0.72292 0.12804
vn -0.64048 -0.74620 -0.18158
vn -0.53931 -0.69643 -0.47342
vn -0.38535 -0.57849 -0.71893
vn -0.13938 -0.44890 -0.88265
vn 0.06151 -0.22635 -0.97210
vn 0.25637 0.01836 -0.96640
vn 0.42614 0.26127 -0.86611
vn 0.55420 0.47861 -0.68103
vn 0.62801 0.64909 -0.42929
vn 0.64034 0.75604 -0.13552
vn 0.58999 0.78898 0.17151
vn 0.48189 0.74469 0.46175
vn 0.32662 0.62751 0.70679
vn 0.13938 0.44890 0.88265
vn -0.06151 0.22635 0.97210
vn -0.25637 -0.01836 0.96640
vn -0.42614 -0.26127 0.86611
vn -0.55420 -0.47861 0.68103
vn -0.62801 -0.64909 0.42929
vn -0.64034 -0.75604 0.13552
vn -0.58999 -0.78898 -0.17151
vn -0.48189 -0.74469 -0.46175
vn -0.32662 -0.62751 -0.70679
vn -0.08282 -0.49061 -0.86743
vn 0.10892 -0.26103 -0.95917
vn 0.29000 -0.00589 -0.95701
vn 0.44269 0.24982 -0.86117
vn 0.55205 0.48107 -0.68104
vn 0.60737 0.66524 -0.43424
vn 0.60323 0.78429 -0.14493
vn 0.54005 0.82656 0.15856
vn 0.42400 0.78793 0.44653
vn 0.26645 0.67217 0.69079
vn 0.08282 0.49061 0.86743
vn -0.10892 0.26103 0.95917
vn -0.29000 0.00589 0.95701
vn -0.44269 -0.24982 0.86117
vn -0.55205 -0.48107 0.68104
vn -0.60737 -0.66524 0.43424
vn -0.60323 -0.78429 0.14493
vn -0.54005 -0.82656 -0.15856
vn -0.42400 -0.78793 -0.44653
vn -0.26645 -0.67217 -0.69079
vn -0.02477 -0.52879 -0.84839
vn 0.15871 -0.29356 -0.94267
vn 0.32665 -0.02960 -0.94468
vn 0.46262 0.23726 -0.85422
vn 0.55331 0.48090 -0.68014
vn 0.58983 0.67747 -0.43948
vn 0.56862 0.80771 -0.15580
vn 0.49174 0.85890 0.14313
vn 0.36673 0.82601 0.42804
vn 0.20583 0.71226 0.67106
vn 0.02477 0.52879 0.84839
vn -0.15871 0.29356 0.94267
vn -0.32665 0.02960 0.94468
vn -0.46262 -0.23726 0.85422
vn -0.55331 -0.48090 0.68014
vn -0.58983 -0.67747 0.43948
vn -0.56862 -0.80771 0.15580
vn -0.49174 -0.85890 -0.14313
vn -0.36673 -0.82601 -0.42804
vn -0.20583 -0.71226 -0.67106
vn 0.03386 -0.56325 -0.82559
vn 0.21022 -0.32369 -0.92251
vn 0.36600 -0.05245 -0.92913
vn 0.48596 0.22393 -0.84481
vn 0.55835 0.47839 -0.67778
vn 0.57608 0.68602 -0.44441
vn 0.53743 0.82650 -0.16754
vn 0.44616 0.88608 0.12573
vn 0.31122 0.85892 0.40670
vn 0.14582 0.74768 0.64785
vn -0.03386 0.56325 0.82559
vn -0.21022 0.32369 0.92251
vn -0.36600 0.05245 0.92913
vn -0.48596 -0.22393 0.84481
vn -0.55835 -0.47839 0.67778
vn -0.57608 -0.68602 0.44441
vn -0.53743 -0.82650 0.16754
vn -0.44616 -0.88608 -0.12573
vn -0.31122 -0.85892 -0.40670
vn -0.14582 -0.74768 -0.64785
vn 0.09207 -0.59390 -0.79926
vn 0.26268 -0.35122 -0.89869
vn 0.40757 -0.07416 -0.91016
vn 0.51257 0.21016 -0.83253
vn 0.56739 0.47390 -0.67341
vn 0.56668 0.69126 -0.44837
vn 0.51049 0.84095 -0.17944
vn 0.40433 0.90833 0.10705
vn 0.25860 0.88678 0.38307
vn 0.08755 0.77844 0.62158
vn -0.09207 0.59390 0.79926
vn -0.26268 0.35122 0.89869
vn -0.40757 0.07416 0.91016
vn -0.51257 -0.21016 0.83253
vn -0.56739 -0.47390 0.67341
vn -0.56668 -0.69126 0.44837
vn -0.51049 -0.84095 0.17944
vn -0.40433 -0.90833 -0.10705
vn -0.25860 -0.88678 -0.38307
vn -0.08755 -0.77844 -0.62158
vn 0.14882 -0.62072 -0.76978
vn 0.31519 -0.37600 -0.87136
vn 0.45072 -0.09448 -0.88765
vn 0.54212 0.19629 -0.81705
vn 0.58046 0.46785 -0.66647
vn 0.56198 0.69361 -0.45066
vn 0.48849 0.85147 -0.19072
vn 0.36718 0.92599 0.08788
vn 0.20993 0.90987 0.35788
vn 0.03213 0.80468 0.59284
vn -0.14882 0.62072 0.76978
vn -0.31519 0.37600 0.87136
vn -0.45072 0.09448 0.88765
vn -0.54212 -0.19629 0.81705
vn -0.58046 -0.46785 0.66647
vn -0.56198 -0.69361 0.45066
vn -0.48849 -0.85147 0.19072
vn -0.36718 -0.92599 -0.08788
vn -0.20993 -0.90987 -0.35788
vn -0.03213 -0.80468 -0.59284
vn 0.20303 -0.64384 -0.73773
vn 0.36681 -0.39802 -0.84085
vn 0.49468 -0.11323 -0.86167
vn 0.57412 0.18264 -0.79814
vn 0.59737 0.46063 -0.65648
vn 0.56215 0.69353 -0.45056
vn 0.47189 0.85855 -0.20054
vn 0.33545 0.93952 0.06911
vn 0.16617 0.92853 0.33200
vn -0.01938 0.82664 0.56239
vn -0.20303 0.64384 0.73773
vn -0.36681 0.39802 0.84085
vn -0.49468 0.11323 0.86167
vn -0.57412 -0.18264 0.79814
vn -0.59737 -0.46063 0.65648
vn -0.56215 -0.69353 0.45056
vn -0.47189 -0.85855 0.20054
vn -0.33545 -0.93952 -0.06911
vn -0.16617 -0.92853 -0.33200
vn 0.01938 -0.82664 -0.56239
vn 0.25369 -0.66348 -0.70387
vn 0.41652 -0.41732 -0.80769
vn 0.53858 -0.13031 -0.83244
vn 0.60792 0.16946 -0.77571
vn 0.61775 0.45264 -0.64304
vn 0.56711 0.69151 -0.44743
vn 0.46096 0.86270 -0.20803
vn 0.30968 0.94943 0.05174
vn 0.12810 0.94323 0.30645
vn -0.06603 0.84470 0.53116
vn -0.25369 0.66348 0.70387
vn -0.41652 0.41732 0.80769
vn -0.53858 0.13031 0.83244
vn -0.60792 -0.16946 0.77571
vn -0.61775 -0.45264 0.64304
vn -0.56711 -0.69151 0.44743
vn -0.46096 -0.86270 0.20803
vn -0.30968 -0.94943 -0.05174
vn -0.12810 -0.94323 -0.30645
vn 0.06603 -0.84470 -0.53116
vn 0.29987 -0.67994 -0.66915
vn 0.46336 -0.43405 -0.77259
vn 0.58149 -0.14568 -0.80040
vn 0.64270 0.15695 -0.74987
vn 0.64100 0.44422 -0.62593
vn 0.57655 0.68801 -0.44072
vn 0.45567 0.86444 -0.21237
vn 0.29018 0.95627 0.03676
vn 0.09629 0.95448 0.28230
vn -0.10703 0.85927 0.50021
vn -0.29987 0.67994 0.66915
vn -0.46336 0.43405 0.77259
vn -0.58149 0.14568 0.80040
vn -0.64270 -0.15695 0.74987
vn -0.64100 -0.44422 0.62593
vn -0.57655 -0.68801 0.44072
vn -0.45567 -0.86444 0.21237
vn -0.29018 -0.95627 -0.03676
vn -0.09629 -0.95448 -0.28230
vn 0.10703 -0.85927 -0.50021
vn 0.34081 -0.69358 -0.63466
vn 0.50643 -0.44845 -0.73649
vn 0.62248 -0.15943 -0.76622
vn 0.67760 0.14520 -0.72095
vn 0.66639 0.43562 -0.60511
vn 0.58995 0.68340 -0.43004
vn 0.45576 0.86428 -0.21287
vn 0.27696 0.96055 0.02514
vn 0.07104 0.96281 0.26069
vn -0.14182 0.87081 0.47071
vn -0.34081 0.69358 0.63466
vn -0.50643 0.44845 0.73649
vn -0.62248 0.15943 0.76622
vn -0.67760 -0.14520 0.72095
vn -0.66639 -0.43562 0.60511
vn -0.58995 -0.68340 0.43004
vn -0.45576 -0.86428 0.21287
vn -0.27696 -0.96055 -0.02514
vn -0.07104 -0.96281 -0.26069
vn 0.14182 -0.87081 -0.47071
vn 0.37594 -0.70478 -0.60163
vn 0.54499 -0.46077 -0.70048
vn 0.66069 -0.17167 -0.73077
vn 0.71171 0.13425 -0.68952
vn 0.69307 0.42702 -0.58078
vn 0.60659 0.67799 -0.41519
vn 0.46073 0.86259 -0.20896
vn 0.26977 0.96276 0.01773
vn 0.05240 0.96869 0.24268
vn -0.17009 0.87979 0.44388
vn -0.37594 0.70478 0.60163
vn -0.54499 0.46077 0.70048
vn -0.66069 0.17167 0.73077
vn -0.71171 -0.13425 0.68952
vn -0.69307 -0.42702 0.58078
vn -0.60659 -0.67799 0.41519
vn -0.46073 -0.86259 0.20896
vn -0.26977 -0.96276 -0.01773
vn -0.05240 -0.96869 -0.24268
vn 0.17009 -0.87979 -0.44388
vn 0.40494 -0.71389 -0.57130
vn 0.57845 -0.47130 -0.66579
vn 0.69534 -0.18257 -0.69510
vn 0.74417 0.12403 -0.65638
vn 0.72015 0.41849 -0.55340
vn 0.62563 0.67198 -0.39626
vn 0.46988 0.85970 -0.20032
vn 0.26813 0.96326 0.01522
vn 0.04013 0.97253 0.22927
vn -0.19179 0.88661 0.42088
vn -0.40494 0.71389 0.57130
vn -0.57845 0.47130 0.66579
vn -0.69534 0.18257 0.69510
vn -0.74417 -0.12403 0.65638
vn -0.72015 -0.41849 0.55340
vn -0.62563 -0.67198 0.39626
vn -0.46988 -0.85970 0.20032
vn -0.26813 -0.96326 -0.01522
vn -0.04013 -0.97253 -0.22927
vn 0.19179 -0.88661 -0.42088
vn 0.42773 -0.72120 -0.54490
vn 0.60647 -0.48025 -0.63368
vn 0.72586 -0.19230 -0.66042
vn 0.77419 0.11448 -0.62252
vn 0.74673 0.41006 -0.52368
vn 0.64619 0.66549 -0.37358
vn 0.48238 0.85579 -0.18691
vn 0.27136 0.96231 0.01805
vn 0.03378 0.97463 0.22125
vn -0.20711 0.89155 0.40279
vn -0.42773 0.72120 0.54490
vn -0.60647 0.48025 0.63368
vn -0.72586 0.19230 0.66042
vn -0.77419 -0.11448 0.62252
vn -0.74673 -0.41006 0.52368
vn -0.64619 -0.66549 0.37358
vn -0.48238 -0.85579 0.18691
vn -0.27136 -0.96231 -0.01805
vn -0.03378 -0.97463 -0.22125
vn 0.20711 -0.89155 -0.40279
vn 0.44444 -0.72687 -0.52358
vn 0.62891 -0.48779 -0.60542
vn 0.75182 -0.20097 -0.62800
vn 0.80114 0.10553 -0.58910
vn 0.77203 0.40170 -0.49254
vn 0.66736 0.65855 -0.34777
vn 0.49736 0.85094 -0.16896
vn 0.27867 0.96002 0.02640
vn 0.03271 0.97514 0.21917
vn -0.21646 0.89480 0.39048
vn -0.44444 0.72687 0.52358
vn -0.62891 0.48779 0.60542
vn -0.75182 0.20097 0.62800
vn -0.80114 -0.10553 0.58910
vn -0.77203 -0.40170 0.49254
vn -0.66736 -0.65855 0.34777
vn -0.49736 -0.85094 0.16896
vn -0.27867 -0.96002 -0.02640
vn -0.03271 -0.97514 -0.21917
vn 0.21646 -0.89480 -0.39048
vn 0.45540 -0.73094 -0.50826
vn 0.64582 -0.49395 -0.58218
vn 0.77302 -0.20861 -0.59911
vn 0.82455 0.09715 -0.55739
vn 0.79537 0.39341 -0.46111
vn 0.68833 0.65115 -0.31970
vn 0.51391 0.84516 -0.14699
vn 0.28919 0.95643 0.04011
vn 0.03616 0.97408 0.22328
vn -0.22041 0.89639 0.38459
vn -0.45540 0.73094 0.50826
vn -0.64582 0.49395 0.58218
vn -0.77302 0.20861 0.59911
vn -0.82455 -0.09715 0.55739
vn -0.79537 -0.39341 0.46111
vn -0.68833 -0.65115 0.31970
vn -0.51391 -0.84516 0.14699
vn -0.28919 -0.95643 -0.04011
vn -0.03616 -0.97408 -0.22328
vn 0.22041 -0.89639 -0.38459
vn 0.46108 -0.73331 -0.49966
vn 0.65742 -0.49863 -0.56495
vn 0.78940 -0.21514 -0.57494
vn 0.84412 0.08941 -0.52865
vn 0.81620 0.38521 -0.43062
vn 0.70839 0.64330 -0.29043
vn 0.53124 0.83842 -0.12181
vn 0.30208 0.95147 0.05873
vn 0.04336 0.97138 0.23352
vn -0.21961 0.89621 0.38545
vn -0.46108 0.73331 0.49966
vn -0.65742 0.49863 0.56495
vn -0.78940 0.21514 0.57494
vn -0.84412 -0.08941 0.52865
vn -0.81620 -0.38521 0.43062
vn -0.70839 -0.64330 0.29043
vn -0.53124 -0.83842 0.12181
vn -0.30208 -0.95147 -0.05873
vn -0.04336 -0.97138 -0.23352
vn 0.21961 -0.89621 -0.38545
vn 0.46200 -0.73375 -0.49816
vn 0.66404 -0.50160 -0.55448
vn 0.80107 -0.22034 -0.55653
vn 0.85970 0.08248 -0.50410
vn 0.83416 0.37723 -0.40233
vn 0.72698 0.63505 -0.26117
vn 0.54863 0.83071 -0.09445
vn 0.31658 0.94506 0.08152
vn 0.05354 0.96689 0.24951
vn -0.21474 0.89408 0.39307
vn -0.46200 0.73375 0.49816
vn -0.66404 0.50160 0.55448
vn -0.80107 0.22034 0.55653
vn -0.85970 -0.08248 0.50410
vn -0.83416 -0.37723 0.40233
vn -0.72698 -0.63505 0.26117
vn -0.54863 -0.83071 0.09445
vn -0.31658 -0.94506 -0.08152
vn -0.05354 -0.96689 -0.24951
vn 0.21474 -0.89408 -0.39307
vn 0.45870 -0.73194 -0.50384
vn 0.66605 -0.50250 -0.55124
vn 0.80821 -0.22387 -0.54469
vn 0.87125 0.07668 -0.48481
vn 0.84901 0.36972 -0.37748
vn 0.74366 0.62657 -0.23320
vn 0.56552 0.82208 -0.06609
vn 0.33202 0.93713 0.10749
vn 0.06602 0.96044 0.27054
vn -0.20644 0.88974 0.40712
vn -0.45870 0.73194 0.50384
vn -0.66605 0.50250 0.55124
vn -0.80821 0.22387 0.54469
vn -0.87125 -0.07668 0.48481
vn -0.84901 -0.36972 0.37748
vn -0.74366 -0.62657 0.23320
vn -0.56552 -0.82208 0.06609
vn -0.33202 -0.93713 -0.10749
vn -0.06602 -0.96044 -0.27054
vn 0.20644 -0.88974 -0.40712
vn 0.45165 -0.72753 -0.51644
vn 0.66382 -0.50092 -0.55536
vn 0.81101 -0.22527 -0.53992
vn 0.87881 0.07244 -0.47163
vn 0.86059 0.36305 -0.35718
vn 0.75813 0.61812 -0.20776
vn 0.58146 0.81269 -0.03800
vn 0.34787 0.92770 0.13548
vn 0.08023 0.95191 0.29569
vn -0.19527 0.88294 0.42696
vn -0.45165 0.72753 0.51644
vn -0.66382 0.50092 0.55536
vn -0.81101 0.22527 0.53992
vn -0.87881 -0.07244 0.47163
vn -0.86059 -0.36305 0.35718
vn -0.75813 -0.61812 0.20776
vn -0.58146 -0.81269 0.03800
vn -0.34787 -0.92770 -0.13548
vn -0.08023 -0.95191 -0.29569
vn 0.19527 -0.88294 -0.42696
vn 0.44125 -0.72019 -0.53538
vn 0.65765 -0.49640 -0.56665
vn 0.80967 -0.22401 -0.54245
vn 0.88243 0.07029 -0.46515
vn 0.86882 0.35772 -0.34233
vn 0.77016 0.61013 -0.18599
vn 0.59611 0.80282 -0.01145
vn 0.36371 0.91692 0.16422
vn 0.09571 0.94127 0.32381
vn -0.18167 0.87348 0.45170
vn -0.44125 0.72019 0.53538
vn -0.65765 0.49640 0.56665
vn -0.80967 0.22401 0.54245
vn -0.88243 -0.07029 0.46515
vn -0.86882 -0.35772 0.34233
vn -0.77016 -0.61013 0.18599
vn -0.59611 -0.80282 0.01145
vn -0.36371 -0.91692 -0.16422
vn -0.09571 -0.94127 -0.32381
vn 0.18167 -0.87348 -0.45170
vn 0.42781 -0.70965 -0.55981
vn 0.64776 -0.48853 -0.58459
vn 0.80431 -0.21959 -0.55215
vn 0.88212 0.07084 -0.46566
vn 0.87359 0.35434 -0.33359
vn 0.77955 0.60315 -0.16886
vn 0.60919 0.79293 0.01239
vn 0.37921 0.90508 0.19243
vn 0.11210 0.92864 0.35364
vn -0.16598 0.86130 0.48023
vn -0.42781 0.70965 0.55981
vn -0.64776 0.48853 0.58459
vn -0.80431 0.21959 0.55215
vn -0.88212 -0.07084 0.46566
vn -0.87359 -0.35434 0.33359
vn -0.77955 -0.60315 0.16886
vn -0.60919 -0.79293 -0.01239
vn -0.37921 -0.90508 -0.19243
vn -0.11210 -0.92864 -0.35364
vn 0.16598 -0.86130 -0.48023
vn 0.41151 -0.69580 -0.58867
vn 0.63428 -0.47701 -0.60840
vn 0.79497 -0.21152 -0.56858
vn 0.87783 0.07467 -0.47311
vn 0.87478 0.35355 -0.33132
vn 0.78609 0.59782 -0.15710
vn 0.62045 0.78357 0.03250
vn 0.39408 0.89262 0.21891
vn 0.12913 0.91430 0.38390
vn -0.14845 0.84648 0.51131
vn -0.41151 0.69580 0.58867
vn -0.63428 0.47701 0.60840
vn -0.79497 0.21152 0.56858
vn -0.87783 -0.07467 0.47311
vn -0.87478 -0.35355 0.33132
vn -0.78609 -0.59782 0.15710
vn -0.62045 -0.78357 -0.03250
vn -0.39408 -0.89262 -0.21891
vn -0.12913 -0.91430 -0.38390
vn 0.14845 -0.84648 -0.51131
vn 0.39248 -0.67870 -0.62075
vn 0.61725 -0.46167 -0.63708
vn 0.78159 -0.19945 -0.59104
vn 0.86943 0.08229 -0.48715
vn 0.87216 0.35598 -0.33558
vn 0.78952 0.59482 -0.15115
vn 0.62960 0.77543 0.04807
vn 0.40804 0.88015 0.24258
vn 0.14655 0.89870 0.41335
vn -0.12930 0.82929 0.54366
vn -0.39248 0.67870 0.62075
vn -0.61725 0.46167 0.63708
vn -0.78159 0.19945 0.59104
vn -0.86943 -0.08229 0.48715
vn -0.87216 -0.35598 0.33558
vn -0.78952 -0.59482 0.15115
vn -0.62960 -0.77543 -0.04807
vn -0.40804 -0.88015 -0.24258
vn -0.14655 -0.89870 -0.41335
vn 0.12930 -0.82929 -0.54366
vn 0.37083 -0.65860 -0.65477
vn 0.59665 -0.44256 -0.66944
vn 0.76407 -0.18319 -0.61857
vn 0.85670 0.09410 -0.50716
vn 0.86547 0.36219 -0.34610
vn 0.78952 0.59482 -0.15116
vn 0.63628 0.76923 0.05858
vn 0.42077 0.86834 0.26258
vn 0.16406 0.88245 0.44087
vn -0.10870 0.81018 0.57602
vn -0.37083 0.65860 0.65477
vn -0.59665 0.44256 0.66944
vn -0.76407 0.18319 0.61857
vn -0.85670 -0.09410 0.50716
vn -0.86547 -0.36219 0.34610
vn -0.78952 -0.59482 0.15116
vn -0.63628 -0.76923 -0.05858
vn -0.42077 -0.86834 -0.26258
vn -0.16406 -0.88245 -0.44087
vn 0.10870 -0.81018 -0.57602
vn 0.34666 -0.63597 -0.68947
vn 0.57247 -0.41992 -0.70423
vn 0.74225 -0.16277 -0.65005
vn 0.83937 0.11032 -0.53224
vn 0.85433 0.37260 -0.36233
vn 0.78566 0.59842 -0.15696
vn 0.64009 0.76565 0.06378
vn 0.43185 0.85794 0.27828
vn 0.18135 0.86625 0.46554
vn -0.08691 0.78976 0.60723
vn -0.34666 0.63597 0.68947
vn -0.57247 0.41992 0.70423
vn -0.74225 0.16277 0.65005
vn -0.83937 -0.11032 0.53224
vn -0.85433 -0.37260 0.36233
vn -0.78566 -0.59842 0.15696
vn -0.64009 -0.76565 -0.06378
vn -0.43185 -0.85794 -0.27828
vn -0.18135 -0.86625 -0.46554
vn 0.08691 -0.78976 -0.60723
vn 0.32013 -0.61142 -0.72366
vn 0.54471 -0.39422 -0.74019
vn 0.71598 -0.13843 -0.68426
vn 0.81716 0.13091 -0.56135
vn 0.83835 0.38743 -0.38350
vn 0.77747 0.60603 -0.16810
vn 0.64050 0.76531 0.06375
vn 0.44082 0.84967 0.28936
vn 0.19800 0.85087 0.48665
vn -0.06421 0.76877 0.63630
vn -0.32013 0.61142 0.72366
vn -0.54471 0.39422 0.74019
vn -0.71598 0.13843 0.68426
vn -0.81716 -0.13091 0.56135
vn -0.83835 -0.38743 0.38350
vn -0.77747 -0.60603 0.16810
vn -0.64050 -0.76531 -0.06375
vn -0.44082 -0.84967 -0.28936
vn -0.19800 -0.85087 -0.48665
vn 0.06421 -0.76877 -0.63630
vn 0.29149 -0.58571 -0.75629
vn 0.51345 -0.36609 -0.77611
vn 0.68515 -0.11065 -0.71995
vn 0.78978 0.15563 -0.59332
vn 0.81710 0.40667 -0.40861
vn 0.76444 0.61791 -0.18390
vn 0.63695 0.76866 0.05881
vn 0.44711 0.84417 0.29576
vn 0.21350 0.83704 0.50376
vn -0.04100 0.74798 0.66245
vn -0.29149 0.58571 0.75629
vn -0.51345 0.36609 0.77611
vn -0.68515 0.11065 0.71995
vn -0.78978 -0.15563 0.59332
vn -0.81710 -0.40667 0.40861
vn -0.76444 -0.61791 0.18390
vn -0.63695 -0.76866 -0.05881
vn -0.44711 -0.84417 -0.29576
vn -0.21350 -0.83704 -0.50376
vn 0.04100 -0.74798 -0.66245
vn 0.26111 -0.55965 -0.78652
vn 0.47887 -0.33633 -0.81090
vn 0.64976 -0.08009 -0.75591
vn 0.75705 0.18399 -0.62692
vn 0.79023 0.43006 -0.43656
vn 0.74606 0.63403 -0.20347
vn 0.62886 0.77594 0.04954
vn 0.45010 0.84189 0.29770
vn 0.22729 0.82544 0.51671
vn -0.01778 0.72818 0.68515
vn -0.26111 0.55965 0.78652
vn -0.47887 0.33633 0.81090
vn -0.64976 0.08009 0.75591
vn -0.75705 -0.18399 0.62692
vn -0.79023 -0.43006 0.43656
vn -0.74606 -0.63403 0.20347
vn -0.62886 -0.77594 -0.04954
vn -0.45010 -0.84189 -0.29770
vn -0.22729 -0.82544 -0.51671
vn 0.01778 -0.72818 -0.68515
vn 0.22942 -0.53407 -0.81372
vn 0.44126 -0.30579 -0.84367
vn 0.60992 -0.04758 -0.79104
vn 0.71887 0.21529 -0.66097
vn 0.75745 0.45709 -0.46620
vn 0.72188 0.65414 -0.22580
vn 0.61566 0.78716 0.03670
vn 0.44917 0.84313 0.29561
vn 0.23871 0.81656 0.52559
vn 0.00488 0.71007 0.70412
vn -0.22942 0.53407 0.81372
vn -0.44126 0.30579 0.84367
vn -0.60992 0.04758 0.79104
vn -0.71887 -0.21529 0.66097
vn -0.75745 -0.45709 0.46620
vn -0.72188 -0.65414 0.22580
vn -0.61566 -0.78716 -0.03670
vn -0.44917 -0.84313 -0.29561
vn -0.23871 -0.81656 -0.52559
vn -0.00488 -0.71007 -0.70412
vn 0.19698 -0.50973 -0.83748
vn 0.40105 -0.27535 -0.87370
vn 0.56585 -0.01402 -0.82439
vn 0.67527 0.24869 -0.69438
vn 0.71859 0.48705 -0.49640
vn 0.69157 0.67773 -0.24984
vn 0.59685 0.80208 0.02119
vn 0.44371 0.84791 0.29014
vn 0.24713 0.81074 0.53069
vn 0.02637 0.69421 0.71929
vn -0.19698 0.50973 0.83748
vn -0.40105 0.27535 0.87370
vn -0.56585 0.01402 0.82439
vn -0.67527 -0.24869 0.69438
vn -0.71859 -0.48705 0.49640
vn -0.69157 -0.67773 0.24984
vn -0.59685 -0.80208 -0.02119
vn -0.44371 -0.84791 -0.29014
vn -0.24713 -0.81074 -0.53069
vn -0.02637 -0.69421 -0.71929
vn 0.16439 -0.48728 -0.85763
vn 0.35872 -0.24585 -0.90049
vn 0.51794 0.01964 -0.85519
vn 0.62645 0.28321 -0.72619
vn 0.67365 0.51906 -0.52609
vn 0.65490 0.70410 -0.27451
vn 0.57205 0.82021 0.00395
vn 0.43320 0.85604 0.28202
vn 0.25194 0.80807 0.53249
vn 0.04603 0.68100 0.73083
vn -0.16439 0.48728 0.85763
vn -0.35872 0.24585 0.90049
vn -0.51794 -0.01964 0.85519
vn -0.62645 -0.28321 0.72619
vn -0.67365 -0.51906 0.52609
vn -0.65490 -0.70410 0.27451
vn -0.57205 -0.82021 -0.00395
vn -0.43320 -0.85604 -0.28202
vn -0.25194 -0.80807 -0.53249
vn -0.04603 -0.68100 -0.73083
vn 0.13228 -0.46721 -0.87420
vn 0.31488 -0.21803 -0.92375
vn 0.46666 0.05249 -0.88288
vn 0.57275 0.31787 -0.75559
vn 0.62278 0.55214 -0.55433
vn 0.61185 0.73236 -0.29882
vn 0.54102 0.84089 -0.01405
vn 0.41724 0.86711 0.27209
vn 0.25262 0.80845 0.53160
vn 0.06326 0.67065 0.73907
vn -0.13228 0.46721 0.87420
vn -0.31488 0.21803 0.92375
vn -0.46666 -0.05249 0.88288
vn -0.57275 -0.31787 0.75559
vn -0.62278 -0.55214 0.55433
vn -0.61185 -0.73236 0.29882
vn -0.54102 -0.84089 0.01405
vn -0.41724 -0.86711 -0.27209
vn -0.25262 -0.80845 -0.53160
vn -0.06326 -0.67065 -0.73907
vn 0.10125 -0.44984 -0.88735
vn 0.27013 -0.19250 -0.94338
vn 0.41257 0.08369 -0.90707
vn 0.51462 0.35169 -0.78197
vn 0.56630 0.58526 -0.58033
vn 0.56254 0.76154 -0.32187
vn 0.50372 0.86328 -0.03191
vn 0.39559 0.88051 0.26117
vn 0.24874 0.81155 0.52869
vn 0.07754 0.66316 0.74445
vn -0.10125 0.44984 0.88735
vn -0.27013 0.19250 0.94338
vn -0.41257 -0.08369 0.90707
vn -0.51462 -0.35169 0.78197
vn -0.56630 -0.58526 0.58033
vn -0.56254 -0.76154 0.32187
vn -0.50372 -0.86328 0.03191
vn -0.39559 -0.88051 -0.26117
vn -0.24874 -0.81155 -0.52869
vn -0.07754 -0.66316 -0.74445
vn 0.07185 -0.43534 -0.89740
vn 0.22509 -0.16972 -0.95944
vn 0.35630 0.11252 -0.92757
vn 0.45263 0.38374 -0.80490
vn 0.50466 0.61739 -0.60345
vn 0.50728 0.79061 -0.34292
vn 0.46025 0.88644 -0.04882
vn 0.36817 0.89550 0.25005
vn 0.24004 0.81691 0.52445
vn 0.08842 0.65834 0.74751
vn -0.07185 0.43534 0.89740
vn -0.22509 0.16972 0.95944
vn -0.35630 -0.11252 0.92757
vn -0.45263 -0.38374 0.80490
vn -0.50466 -0.61739 0.60345
vn -0.50728 -0.79061 0.34292
vn -0.46025 -0.88644 0.04882
vn -0.36817 -0.89550 -0.25005
vn -0.24004 -0.81691 -0.52445
vn -0.08842 -0.65834 -0.74751
vn 0.04453 -0.42367 -0.90472
vn 0.18034 -0.14998 -0.97210
vn 0.29849 0.13839 -0.94433
vn 0.38742 0.41321 -0.82411
vn 0.43843 0.64758 -0.62323
vn 0.44653 0.81856 -0.36134
vn 0.41091 0.90942 -0.06408
vn 0.33507 0.91126 0.23945
vn 0.22643 0.82389 0.51954
vn 0.09563 0.65588 0.74878
vn -0.04453 0.42367 0.90472
vn -0.18034 0.14998 0.97210
vn -0.29849 -0.13839 0.94433
vn -0.38742 -0.41321 0.82411
vn -0.43843 -0.64758 0.62323
vn -0.44653 -0.81856 0.36134
vn -0.41091 -0.90942 0.06408
vn -0.33507 -0.91126 -0.23945
vn -0.22643 -0.82389 -0.51954
vn -0.09563 -0.65588 -0.74878
vn 0.01966 -0.41469 -0.90975
vn 0.13638 -0.13345 -0.98163
vn 0.23976 0.16085 -0.95741
vn 0.31967 0.43941 -0.83948
vn 0.36828 0.67495 -0.63938
vn 0.38085 0.84443 -0.37669
vn 0.35613 0.93125 -0.07712
vn 0.29656 0.92691 0.22999
vn 0.20795 0.83184 0.51459
vn 0.09899 0.65534 0.74882
vn -0.01966 0.41469 0.90975
vn -0.13638 0.13345 0.98163
vn -0.23976 -0.16085 0.95741
vn -0.31967 -0.43941 0.83948
vn -0.36828 -0.67495 0.63938
vn -0.38085 -0.84443 0.37669
vn -0.35613 -0.93125 0.07712
vn -0.29656 -0.92691 -0.22999
vn -0.20795 -0.83184 -0.51459
vn -0.09899 -0.65534 -0.74882
vn -0.00255 -0.40815 -0.91291
vn 0.09366 -0.12015 -0.98833
vn 0.18070 0.17961 -0.96700
vn 0.25005 0.46179 -0.85101
vn 0.29492 0.69877 -0.65173
vn 0.31093 0.86734 -0.38864
vn 0.29650 0.95101 -0.08751
vn 0.25305 0.94160 0.22218
vn 0.18482 0.84001 0.51012
vn 0.09851 0.65619 0.74813
vn 0.00255 0.40815 0.91291
vn -0.09366 0.12015 0.98833
vn -0.18070 -0.17961 0.96700
vn -0.25005 -0.46179 0.85101
vn -0.29492 -0.69877 0.65173
vn -0.31093 -0.86734 0.38864
vn -0.29650 -0.95101 0.08751
vn -0.25305 -0.94160 -0.22218
vn -0.18482 -0.84001 -0.51012
vn -0.09851 -0.65619 -0.74813
vn -0.02197 -0.40371 -0.91462
vn 0.05250 -0.10999 -0.99254
vn 0.12183 0.19449 -0.97331
vn 0.17923 0.47994 -0.85880
vn 0.21909 0.71840 -0.66022
vn 0.23751 0.88655 -0.39702
vn 0.23267 0.96791 -0.09496
vn 0.20506 0.95452 0.21640
vn 0.15738 0.84771 0.50658
vn 0.09429 0.65791 0.74717
vn 0.02197 0.40371 0.91462
vn -0.05250 0.10999 0.99254
vn -0.12183 -0.19449 0.97331
vn -0.17923 -0.47994 0.85880
vn -0.21909 -0.71840 0.66022
vn -0.23751 -0.88655 0.39702
vn -0.23267 -0.96791 0.09496
vn -0.20506 -0.95452 -0.21640
vn -0.15738 -0.84771 -0.50658
vn -0.09429 -0.65791 -0.74717
vn -0.03861 -0.40101 -0.91526
vn 0.01315 -0.10283 -0.99461
vn 0.06361 0.20541 -0.97661
vn 0.10785 0.49355 -0.86300
vn 0.14154 0.73338 -0.66492
vn 0.16136 0.90142 -0.40176
vn 0.16540 0.98122 -0.09926
vn 0.15324 0.96497 0.21295
vn 0.12608 0.85427 0.50431
vn 0.08658 0.65994 0.74631
vn 0.03861 0.40101 0.91526
vn -0.01315 0.10283 0.99461
vn -0.06361 -0.20541 0.97661
vn -0.10785 -0.49355 0.86300
vn -0.14154 -0.73338 0.66492
vn -0.16136 -0.90142 0.40176
vn -0.16540 -0.98122 0.09926
vn -0.15324 -0.96497 -0.21295
vn -0.12608 -0.85427 -0.50431
vn -0.08658 -0.65994 -0.74631
vn -0.05255 -0.39969 -0.91514
vn -0.02424 -0.09847 -0.99484
vn 0.00644 0.21239 -0.97716
vn 0.03649 0.50246 -0.86383
vn 0.06297 0.74334 -0.66594
vn 0.08328 0.91146 -0.40286
vn 0.09545 0.99036 -0.10035
vn 0.09827 0.97232 0.21198
vn 0.09147 0.85910 0.50357
vn 0.07571 0.66179 0.74586
vn 0.05255 0.39969 0.91514
vn 0.02424 0.09847 0.99484
vn -0.00644 -0.21239 0.97716
vn -0.03649 -0.50246 0.86383
vn -0.06297 -0.74334 0.66594
vn -0.08328 -0.91146 0.40286
vn -0.09545 -0.99036 0.10035
vn -0.09827 -0.97232 -0.21198
vn -0.09147 -0.85910 -0.50357
vn -0.07571 -0.66179 -0.74586
vn -0.06397 -0.39938 -0.91455
vn -0.05959 -0.09668 -0.99353
vn -0.04938 0.21549 -0.97526
vn -0.03433 0.50657 -0.86152
vn -0.01593 0.74805 -0.66345
vn 0.00404 0.91632 -0.40043
vn 0.02361 0.99488 -0.09822
vn 0.04087 0.97607 0.21360
vn 0.05413 0.86170 0.50452
vn 0.06209 0.66299 0.74605
vn 0.06397 0.39938 0.91455
vn 0.05959 0.09668 0.99353
vn 0.04938 -0.21549 0.97526
vn 0.03433 -0.50657 0.86152
vn 0.01593 -0.74805 0.66345
vn -0.00404 -0.91632 0.40043
vn -0.02361 -0.99488 0.09822
vn -0.04087 -0.97607 -0.21360
vn -0.05413 -0.86170 -0.50452
vn -0.06209 -0.66299 -0.74605
vn -0.07312 -0.39977 -0.91370
vn -0.09290 -0.09722 -0.99092
vn -0.10360 0.21484 -0.97114
vn -0.10415 0.50587 -0.85630
vn -0.09451 0.74738 -0.65764
vn -0.07561 0.91573 -0.39461
vn -0.04932 0.99445 -0.09295
vn -0.01819 0.97582 0.21781
vn 0.01471 0.86167 0.50725
vn 0.04617 0.66318 0.74704
vn 0.07312 0.39977 0.91370
vn 0.09290 0.09722 0.99092
vn 0.10360 -0.21484 0.97114
vn 0.10415 -0.50587 0.85630
vn 0.09451 -0.74738 0.65764
vn 0.07561 -0.91573 0.39461
vn 0.04932 -0.99445 0.09295
vn 0.01819 -0.97582 -0.21781
vn -0.01471 -0.86167 -0.50725
vn -0.04617 -0.66318 -0.74704
vn -0.08025 -0.40058 -0.91274
vn -0.12421 -0.09990 -0.98721
vn -0.15601 0.21056 -0.96505
vn -0.17254 0.50041 -0.84842
vn -0.17218 0.74127 -0.64875
vn -0.15497 0.90957 -0.38556
vn -0.12258 0.98884 -0.08464
vn -0.07820 0.97132 0.22457
vn -0.02616 0.85871 0.51179
vn 0.02844 0.66205 0.74892
vn 0.08025 0.40058 0.91274
vn 0.12421 0.09990 0.98721
vn 0.15601 -0.21056 0.96505
vn 0.17254 -0.50041 0.84842
vn 0.17218 -0.74127 0.64875
vn 0.15497 -0.90957 0.38556
vn 0.12258 -0.98884 0.08464
vn 0.07820 -0.97132 -0.22457
vn 0.02616 -0.85871 -0.51179
vn -0.02844 -0.66205 -0.74892
vn -0.08568 -0.40160 -0.91180
vn -0.15360 -0.10451 -0.98259
vn -0.20648 0.20281 -0.95720
vn -0.23915 0.49028 -0.83811
vn -0.24841 0.72976 -0.63698
vn -0.23335 0.89780 -0.37350
vn -0.19545 0.97796 -0.07346
vn -0.13842 0.96239 0.23377
vn -0.06784 0.85261 0.51812
vn 0.00938 0.65938 0.75175
vn 0.08568 0.40160 0.91180
vn 0.15360 0.10451 0.98259
vn 0.20648 -0.20281 0.95720
vn 0.23915 -0.49028 0.83811
vn 0.24841 -0.72976 0.63698
vn 0.23335 -0.89780 0.37350
vn 0.19545 -0.97796 0.07346
vn 0.13842 -0.96239 -0.23377
vn 0.06784 -0.85261 -0.51812
vn -0.00938 -0.65938 -0.75175
vn -0.08971 -0.40267 -0.91094
vn -0.18117 -0.11089 -0.97718
vn -0.25489 0.19175 -0.94777
vn -0.30365 0.47561 -0.82558
vn -0.32270 0.71292 -0.62258
vn -0.31016 0.88044 -0.35864
vn -0.26725 0.96178 -0.05959
vn -0.19819 0.94898 0.24529
vn -0.10972 0.84328 0.52616
vn -0.01052 0.65503 0.75553
vn 0.08971 0.40267 0.91094
vn 0.18117 0.11089 0.97718
vn 0.25489 -0.19175 0.94777
vn 0.30365 -0.47561 0.82558
vn 0.32270 -0.71292 0.62258
vn 0.31016 -0.88044 0.35864
vn 0.26725 -0.96178 0.05959
vn 0.19819 -0.94898 -0.24529
vn 0.10972 -0.84328 -0.52616
vn 0.01052 -0.65503 -0.75553
vn -0.09264 -0.40369 -0.91020
vn -0.20702 -0.11891 -0.97108
vn -0.30113 0.17751 -0.93692
vn -0.36577 0.45655 -0.81103
vn -0.39460 0.69090 -0.60576
vn -0.38481 0.85762 -0.34120
vn -0.33735 0.94039 -0.04323
vn -0.25686 0.93111 0.25896
vn -0.15124 0.83068 0.53581
vn -0.03080 0.64895 0.76021
vn 0.09264 0.40369 0.91020
vn 0.20702 0.11891 0.97108
vn 0.30113 -0.17751 0.93692
vn 0.36577 -0.45655 0.81103
vn 0.39460 -0.69090 0.60576
vn 0.38481 -0.85762 0.34120
vn 0.33735 -0.94039 0.04323
vn 0.25686 -0.93111 -0.25896
vn 0.15124 -0.83068 -0.53581
vn 0.03080 -0.64895 -0.76021
vn -0.09475 -0.40460 -0.90957
vn -0.23127 -0.12847 -0.96437
vn -0.34515 0.16023 -0.92477
vn -0.42524 0.43325 -0.79465
vn -0.46371 0.66386 -0.58674
vn -0.45679 0.82948 -0.32140
vn -0.40516 0.91392 -0.02459
vn -0.31386 0.90889 0.27462
vn -0.19185 0.81489 0.54695
vn -0.05105 0.64112 0.76574
vn 0.09475 0.40460 0.90957
vn 0.23127 0.12847 0.96437
vn 0.34515 -0.16023 0.92477
vn 0.42524 -0.43325 0.79465
vn 0.46371 -0.66386 0.58674
vn 0.45679 -0.82948 0.32140
vn 0.40516 -0.91392 0.02459
vn 0.31386 -0.90889 -0.27462
vn 0.19185 -0.81489 -0.54695
vn 0.05105 -0.64112 -0.76574
vn -0.09628 -0.40542 -0.90905
vn -0.25400 -0.13951 -0.95709
vn -0.38685 0.14004 -0.91145
vn -0.48184 0.40589 -0.77658
vn -0.52966 0.63201 -0.56570
vn -0.52564 0.79626 -0.29945
vn -0.47016 0.88257 -0.00388
vn -0.36866 0.88249 0.29207
vn -0.23107 0.79602 0.55943
vn -0.07087 0.63163 0.77202
vn 0.09628 0.40542 0.90905
vn 0.25400 0.13951 0.95709
vn 0.38685 -0.14004 0.91145
vn 0.48184 -0.40589 0.77658
vn 0.52966 -0.63201 0.56570
vn 0.52564 -0.79626 0.29945
vn 0.47016 -0.88257 0.00388
vn 0.36866 -0.88249 -0.29207
vn 0.23107 -0.79602 -0.55943
vn 0.07087 -0.63163 -0.77202
vn -0.09745 -0.40616 -0.90859
vn -0.27529 -0.15199 -0.94927
vn -0.42618 0.11707 -0.89703
vn -0.53535 0.37466 -0.75699
vn -0.59211 0.59559 -0.54284
vn -0.59092 0.75821 -0.27556
vn -0.53189 0.84661 0.01870
vn -0.42079 0.85214 0.31112
vn -0.26850 0.77426 0.57309
vn -0.08992 0.62058 0.77897
vn 0.09745 0.40616 0.90859
vn 0.27529 0.15199 0.94927
vn 0.42618 -0.11707 0.89703
vn 0.53535 -0.37466 0.75699
vn 0.59211 -0.59559 0.54284
vn 0.59092 -0.75821 0.27556
vn 0.53189 -0.84661 -0.01870
vn 0.42079 -0.85214 -0.31112
vn 0.26850 -0.77426 -0.57309
vn 0.08992 -0.62058 -0.77897
vn -0.09845 -0.40692 -0.90815
vn -0.29519 -0.16587 -0.94093
vn -0.46303 0.09142 -0.88161
vn -0.58556 0.33976 -0.73600
vn -0.65076 0.55484 -0.51834
vn -0.65226 0.71560 -0.24994
vn -0.58992 0.80632 0.04293
vn -0.46982 0.81811 0.33159
vn -0.30374 0.74982 0.58780
vn -0.10793 0.60813 0.78646
vn 0.09845 0.40692 0.90815
vn 0.29519 0.16587 0.94093
vn 0.46303 -0.09142 0.88161
vn 0.58556 -0.33976 0.73600
vn 0.65076 -0.55484 0.51834
vn 0.65226 -0.71560 0.24994
vn 0.58992 -0.80632 -0.04293
vn 0.46982 -0.81811 -0.33159
vn 0.30374 -0.74982 -0.58780
vn 0.10793 -0.60813 -0.78646
vn -0.09940 -0.40776 -0.90766
vn -0.31372 -0.18115 -0.93207
vn -0.49734 0.06320 -0.86525
vn -0.63227 0.30137 -0.71373
vn -0.70531 0.51003 -0.49234
vn -0.70931 0.66877 -0.22277
vn -0.64388 0.76204 0.06862
vn -0.51542 0.78072 0.35329
vn -0.33651 0.72298 0.60337
vn -0.12466 0.59447 0.79440
vn 0.09940 0.40776 0.90766
vn 0.31372 0.18115 0.93207
vn 0.49734 -0.06320 0.86525
vn 0.63227 -0.30137 0.71373
vn 0.70531 -0.51003 0.49234
vn 0.70931 -0.66877 0.22277
vn 0.64388 -0.76204 -0.06862
vn 0.51542 -0.78072 -0.35329
vn 0.33651 -0.72298 -0.60337
vn 0.12466 -0.59447 -0.79440
vn -0.10040 -0.40882 -0.90708
vn -0.33089 -0.19783 -0.92270
vn -0.52899 0.03253 -0.84801
vn -0.67530 0.25971 -0.69030
vn -0.75552 0.46146 -0.46503
vn -0.76178 0.61804 -0.19423
vn -0.69347 0.71412 0.09558
vn -0.55727 0.74030 0.37603
vn -0.36653 0.69402 0.61967
vn -0.13991 0.57979 0.80266
vn 0.10040 0.40882 0.90708
vn 0.33089 0.19783 0.92270
vn 0.52899 -0.03253 0.84801
vn 0.67530 -0.25971 0.69030
vn 0.75552 -0.46146 0.46503
vn 0.76178 -0.61804 0.19423
vn 0.69347 -0.71412 -0.09558
vn 0.55727 -0.74030 -0.37603
vn 0.36653 -0.69402 -0.61967
vn 0.13991 -0.57979 -0.80266
vn -0.10151 -0.41019 -0.90633
vn -0.34666 -0.21590 -0.91281
vn -0.55787 -0.00048 -0.82993
vn -0.71447 0.21500 -0.66581
vn -0.80114 0.40942 -0.43652
vn -0.80938 0.56377 -0.16450
vn -0.73840 0.66294 0.12362
vn -0.59514 0.69721 0.39964
vn -0.39362 0.66323 0.63654
vn -0.15357 0.56433 0.81114
vn 0.10151 0.41019 0.90633
vn 0.34666 0.21590 0.91281
vn 0.55787 0.00048 0.82993
vn 0.71447 -0.21500 0.66581
vn 0.80114 -0.40942 0.43652
vn 0.80938 -0.56377 0.16450
vn 0.73840 -0.66294 -0.12362
vn 0.59514 -0.69721 -0.39964
vn 0.39362 -0.66323 -0.63654
vn 0.15357 -0.56433 -0.81114
vn -0.10274 -0.41201 -0.90537
vn -0.36097 -0.23538 -0.90239
vn -0.58385 -0.03570 -0.81107
vn -0.74959 0.16747 -0.64037
vn -0.84195 0.35424 -0.40698
vn -0.85190 0.50634 -0.13375
vn -0.77845 0.60888 0.15257
vn -0.62881 0.65181 0.42396
vn -0.41761 0.63094 0.65384
vn -0.16554 0.54831 0.81973
vn 0.10274 0.41201 0.90537
vn 0.36097 0.23538 0.90239
vn 0.58385 0.03570 0.81107
vn 0.74959 -0.16747 0.64037
vn 0.84195 -0.35424 0.40698
vn 0.85190 -0.50634 0.13375
vn 0.77845 -0.60888 -0.15257
vn 0.62881 -0.65181 -0.42396
vn 0.41761 -0.63094 -0.65384
vn 0.16554 -0.54831 -0.81973
vn -0.10407 -0.41438 -0.90413
vn -0.37373 -0.25624 -0.89144
vn -0.60681 -0.07301 -0.79149
vn -0.78049 0.11736 -0.61406
vn -0.87777 0.29624 -0.37652
vn -0.88912 0.44613 -0.10212
vn -0.81345 0.55234 0.18227
vn -0.65814 0.60449 0.44882
vn -0.43842 0.59747 0.67143
vn -0.17578 0.53196 0.82833
vn 0.10407 0.41438 0.90413
vn 0.37373 0.25624 0.89144
vn 0.60681 0.07301 0.79149
vn 0.78049 -0.11736 0.61406
vn 0.87777 -0.29624 0.37652
vn 0.88912 -0.44613 0.10212
vn 0.81345 -0.55234 -0.18227
vn 0.65814 -0.60449 -0.44882
vn 0.43842 -0.59747 -0.67143
vn 0.17578 -0.53196 -0.82833
vn -0.10545 -0.41740 -0.90258
vn -0.38486 -0.27845 -0.87997
vn -0.62659 -0.11225 -0.77122
vn -0.80700 0.06494 -0.58698
vn -0.90840 0.23577 -0.34527
vn -0.92089 0.38353 -0.06978
vn -0.84323 0.49374 0.21255
vn -0.68303 0.55562 0.47408
vn -0.45598 0.56312 0.68919
vn -0.18428 0.51549 0.83685
vn 0.10545 0.41740 0.90258
vn 0.38486 0.27845 0.87997
vn 0.62659 0.11225 0.77122
vn 0.80700 -0.06494 0.58698
vn 0.90840 -0.23577 0.34527
vn 0.92089 -0.38353 0.06978
vn 0.84323 -0.49374 -0.21255
vn 0.68303 -0.55562 -0.47408
vn 0.45598 -0.56312 -0.68919
vn 0.18428 -0.51549 -0.83685
vn -0.10679 -0.42116 -0.90068
vn -0.39422 -0.30199 -0.86798
vn -0.64306 -0.15325 -0.75032
vn -0.82895 0.01048 -0.55922
vn -0.93370 0.17319 -0.31337
vn -0.94706 0.31894 -0.03685
vn -0.86771 0.43348 0.24328
vn -0.70342 0.50558 0.49959
vn -0.47027 0.52819 0.70700
vn -0.19109 0.49910 0.84521
vn 0.10679 0.42116 0.90068
vn 0.39422 0.30199 0.86798
vn 0.64306 0.15325 0.75032
vn 0.82895 -0.01048 0.55922
vn 0.93370 -0.17319 0.31337
vn 0.94706 -0.31894 0.03685
vn 0.86771 -0.43348 -0.24328
vn 0.70342 -0.50558 -0.49959
vn 0.47027 -0.52819 -0.70700
vn 0.19109 -0.49910 -0.84521
vn -0.10799 -0.42572 -0.89839
vn -0.40168 -0.32677 -0.85549
vn -0.65606 -0.19583 -0.72886
vn -0.84621 -0.04573 -0.53088
vn -0.95353 0.10885 -0.28093
vn -0.96752 0.25278 -0.00349
vn -0.88679 0.37197 0.27430
vn -0.71926 0.45474 0.52524
vn -0.48133 0.49300 0.72476
vn -0.19628 0.48300 0.85334
vn 0.10799 0.42572 0.89839
vn 0.40168 0.32677 0.85549
vn 0.65606 0.19583 0.72886
vn 0.84621 0.04573 0.53088
vn 0.95353 -0.10885 0.28093
vn 0.96752 -0.25278 0.00349
vn 0.88679 -0.37197 -0.27430
vn 0.71926 -0.45474 -0.52524
vn 0.48133 -0.49300 -0.72476
vn 0.19628 -0.48300 -0.85334
vn -0.10893 -0.43113 -0.89569
vn -0.40711 -0.35272 -0.84253
vn -0.66544 -0.23978 -0.70689
vn -0.85863 -0.10338 -0.50206
vn -0.96778 0.04315 -0.24808
vn -0.98219 0.18545 0.03018
vn -0.90046 0.30960 0.30549
vn -0.73058 0.40345 0.55089
vn -0.48919 0.45780 0.74237
vn -0.19992 0.46734 0.86118
vn 0.10893 0.43113 0.89569
vn 0.40711 0.35272 0.84253
vn 0.66544 0.23978 0.70689
vn 0.85863 0.10338 0.50206
vn 0.96778 -0.04315 0.24808
vn 0.98219 -0.18545 -0.03018
vn 0.90046 -0.30960 -0.30549
vn 0.73058 -0.40345 -0.55089
vn 0.48919 -0.45780 -0.74237
vn 0.19992 -0.46734 -0.86118
vn -0.10947 -0.43740 -0.89258
vn -0.41035 -0.37972 -0.82911
vn -0.67107 -0.28487 -0.68448
vn -0.86610 -0.16214 -0.47285
vn -0.97635 -0.02353 -0.21493
vn -0.99102 0.11738 0.06402
vn -0.90869 0.24680 0.33671
vn -0.73741 0.35206 0.57644
vn -0.49395 0.42286 0.75974
vn -0.20213 0.45227 0.86868
vn 0.10947 0.43740 0.89258
vn 0.41035 0.37972 0.82911
vn 0.67107 0.28487 0.68448
vn 0.86610 0.16214 0.47285
vn 0.97635 0.02353 0.21493
vn 0.99102 -0.11738 -0.06402
vn 0.90869 -0.24680 -0.33671
vn 0.73741 -0.35206 -0.57644
vn 0.49395 -0.42286 -0.75974
vn 0.20213 -0.45227 -0.86868
f 1//1 21//21 22//22
f 1//1 22//22 2//2
f 2//2 22//22 23//23
f 2//2 23//23 3//3
f 3//3 23//23 24//24
f 3//3 24//24 4//4
f 4//4 24//24 25//25
f 4//4 25//25 5//5
f 5//5 25//25 26//26
f 5//5 26//26 6//6
f 6//6 26//26 27//27
f 6//6 27//27 7//7
f 7//7 27//27 28//28
f 7//7 28//28 8//8
f 8//8 28//28 29//29
f 8//8 29//29 9//9
f 9//9 29//29 30//30
f 9//9 30//30 10//10
f 10//10 30//30 31//31
f 10//10 31//31 11//11
f 11//11 31//31 32//32
f 11//11 32//32 12//12
f 12//12 32//32 33//33
f 12//12 33//33 13//13
f 13//13 33//33 34//34
f 13//13 34//34 14//14
f 14//14 34//34 35//35
f 14//14 35//35 15//15
f 15//15 35//35 36//36
f 15//15 36//36 16//16
f 16//16 36//36 37//37
f 16//16 37//37 17//17
f 17//17 37//37 38//38
f 17//17 38//38 18//18
f 18//18 38//38 39//39
f 18//18 39//39 19//19
f 19//19 39//39 40//40
f 19//19 40//40 20//20
f 20//20 40//40 21//21
f 20//20 21//21 1//1
f 21//21 41//41 42//42
f 21//21 42//42 22//22
f 22//22 42//42 43//43
f 22//22 43//43 23//23
f 23//23 43//43 44//44
f 23//23 44//44 24//24
f 24//24 44//44 45//45
f 24//24 45//45 25//25
f 25//25 45//45 46//46
f 25//25 46//46 26//26
f 26//26 46//46 47//47
f 26//26 47//47 27//27
f 27//27 47//47 48//48
f 27//27 48//48 28//28
f 28//28 48//48 49//49
f 28//28 49//49 29//29
f 29//29 49//49 50//50
f 29//29 50//50 30//30
f 30//30 50//50 51//51
f 30//30 51//51 31//31
f 31//31 51//51 52//52
f 31//31 52//52 32//32
f 32//32 52//52 53//53
f 32//32 53//53 33//33
f 33//33 53//53 54//54
f 33//33 54//54 34//34
f 34//34 54//54 55//55
f 34//34 55//55 35//35
f 35//35 55//55 56//56
f 35//35 56//56 36//36
f 36//36 56//56 57//57
f 36//36 57//57 37//37
f 37//37 57//57 58//58
f 37//37 58//58 38//38
f 38//38 58//58 59//59
f 38//38 59//59 39//39
f 39//39 59//59 60//60
f 39//39 60//60 40//40
f 40//40 60//60 41//41
f 40//40 41//41 21//21
f 41//41 61//61 62//62
f 41//41 62//62 42//42
f 42//42 62//62 63//63
f 42//42 63//63 43//43
f 43//43 63//63 64//64
f 43//43 64//64 44//44
f 44//44 64//64 65//65
f 44//44 65//65 45//45
f 45//45 65//65 66//66
f 45//45 66//66 46//46
f 46//46 66//66 67//67
f 46//46 67//67 47//47
f 47//47 67//67 68//68
f 47//47 68//68 48//48
f 48//48 68//68 69//69
f 48//48 69//69 49//49
f 49//49 69//69 70//70
f 49//49 70//70 50//50
f 50//50 70//70 71//71
f 50//50 71//71 51//51
f 51//51 71//71 72//72
f 51//51 72//72 52//52
f 52//52 72//72 73//73
f 52//52 73//73 53//53
f 53//53 73//73 74//74
f 53//53 74//74 54//54
f 54//54 74//74 75//75
f 54//54 75//75 55//55
f 55//55 75//75 76//76
f 55//55 76//76 56//56
f 56//56 76//76 77//77
f 56//56 77//77 57//57
f 57//57 77//77 78//78
f 57//57 78//78 58//58
f 58//58 78//78 79//79
f 58//58 79//79 59//59
f 59//59 79//79 80//80
f 59//59 80//80 60//60
f 60//60 80//80 61//61
f 60//60 61//61 41//41
f 61//61 81//81 82//82
f 61//61 82//82 62//62
f 62//62 82//82 83//83
f 62//62 83//83 63//63
f 63//63 83//83 84//84
f 63//63 84//84 64//64
f 64//64 84//84 85//85
f 64//64 85//85 65//65
f 65//65 85//85 86//86
f 65//65 86//86 66//66
f 66//66 86//86 87//87
f 66//66 87//87 67//67
f 67//67 87//87 88//88
f 67//67 88//88 68//68
f 68//68 88//88 89//89
f 68//68 89//89 69//69
f 69//69 89//89 90//90
f 69//69 90//90 70//70
f 70//70 90//90 91//91
f 70//70 91//91 71//71
f 71//71 91//91 92//92
f 71//71 92//92 72//72
f 72//72 92//92 93//93
f 72//72 93//93 73//73
f 73//73 93//93 94//94
f 73//73 94//94 74//74
f 74//74 94//94 95//95
f 74//74 95//95 75//75
f 75//75 95//95 96//96
f 75//75 96//96 76//76
f 76//76 96//96 97//97
f 76//76 97//97 77//77
f 77//77 97//97 98//98
f 77//77 98//98 78//78
f 78//78 98//98 99//99
f 78//78 99//99 79//79
f 79//79 99//99 100//100
f 79//79 100//100 80//80
f 80//80 100//100 81//81
f 80//80 81//81 61//61
f 81//81 101//101 102//102
f 81//81 102//102 82//82
f 82//82 102//102 103//103
f 82//82 103//103 83//83
f 83//83 103//103 104//104
f 83//83 104//104 84//84
f 84//84 104//104 105//105
f 84//84 105//105 85//85
f 85//85 105//105 106//106
f 85//85 106//106 86//86
f 86//86 106//106 107//107
f 86//86 107//107 87//87
f 87//87 107//107 108//108
f 87//87 108//108 88//88
f 88//88 108//108 109//109
f 88//88 109//109 89//89
f 89//89 109//109 110//110
f 89//89 110//110 90//90
f 90//90 110//110 111//111
f 90//90 111//111 91//91
f 91//91 111//111 112//112
f 91//91 112//112 92//92
f 92//92 112//112 113//113
f 92//92 113//113 93//93
f 93//93 113//113 114//114
f 93//93 114//114 94//94
f 94//94 114//114 115//115
f 94//94 115//115 95//95
f 95//95 115//115 116//116
f 95//95 116//116 96//96
f 96//96 116//116 117//117
f 96//96 117//117 97//97
f 97//97 117//117 118//118
f 97//97 118//118 98//98
f 98//98 118//118 119//119
f 98//98 119//119 99//99
f 99//99 119//119 120//120
f 99//99 120//120 100//100
f 100//100 120//120 101//101
f 100//100 101//101 81//81
f 101//101 121//121 122//122
f 101//101 122//122 102//102
f 102//102 122//122 123//123
f 102//102 123//123 103//103
f 103//103 123//123 124//124
f 103//103 124//124 104//104
f 104//104 124//124 125//125
f 104//104 125//125 105//105
f 105//105 125//125 126//126
f 105//105 126//126 106//106
f 106//106 126//126 127//127
f 106//106 127//127 107//107
f 107//107 127//127 128//128
f 107//107 128//128 108//108
f 108//108 128//128 129//129
f 108//108 129//129 109//109
f 109//109 129//129 130//130
f 109//109 130//130 110//110
f 110//110 130//130 131//131
f 110//110 131//131 111//111
f 111//111 131//131 132//132
f 111//111 132//132 112//112
f 112//112 132//132 133//133
f 112//112 133//133 113//113
f 113//113 133//133 134//134
f 113//113 134//134 114//114
f 114//114 134//134 135//135
f 114//114 135//135 115//115
f 115//115 135//135 136//136
f 115//115 136//136 116//116
f 116//116 136//136 137//137
f 116//116 137//137 117//117
f 117//117 137//137 138//138
f 117//117 138//138 118//118
f 118//118 138//138 139//139
f 118//118 139//139 119//119
f 119//119 139//139 140//140
f 119//119 140//140 120//120
f 120//120 140//140 121//121
f 120//120 121//121 101//101
f 121//121 141//141 142//142
f 121//121 142//142 122//122
f 122//122 142//142 143//143
f 122//122 143//143 123//123
f 123//123 143//143 144//144
f 123//123 144//144 124//124
f 124//124 144//144 145//145
f 124//124 145//145 125//125
f 125//125 145//145 146//146
f 125//125 146//146 126//126
f 126//126 146//146 147//147
f 126//126 147//147 127//127
f 127//127 147//147 148//148
f 127//127 148//148 128//128
f 128//128 148//148 149//149
f 128//128 149//149 129//129
f 129//129 149//149 150//150
f 129//129 150//150 130//130
f 130//130 150//150 151//151
f 130//130 151//151 131//131
f 131//131 151//151 152//152
f 131//131 152//152 132//132
f 132//132 152//152 153//153
f 132//132 153//153 133//133
f 133//133 153//153 154//154
f 133//133 154//154 134//134
f 134//134 154//154 155//155
f 134//134 155//155 135//135
f 135//135 155//155 156//156
f 135//135 156//156 136//136
f 136//136 156//156 157//157
f 136//136 157//157 137//137
f 137//137 157//157 158//158
f 137//137 158//158 138//138
f 138//138 158//158 159//159
f 138//138 159//159 139//139
f 139//139 159//159 160//160
f 139//139 160//160 140//140
f 140//140 160//160 141//141
f 140//140 141//141 121//121
f 141//141 161//161 162//162
f 141//141 162//162 142//142
f 142//142 162//162 163//163
f 142//142 163//163 143//143
f 143//143 163//163 164//164
f 143//143 164//164 144//144
f 144//144 164//164 165//165
f 144//144 165//165 145//145
f 145//145 165//165 166//166
f 145//145 166//166 146//146
f 146//146 166//166 167//167
f 146//146 167//167 147//147
f 147//147 167//167 168//168
f 147//147 168//168 148//148
f 148//148 168//168 169//169
f 148//148 169//169 149//149
f 149//149 169//169 170//170
f 149//149 170//170 150//150
f 150//150 170//170 171//171
f 150//150 171//171 151//151
f 151//151 171//171 172//172
f 151//151 172//172 152//152
f 152//152 172//172 173//173
f 152//152 173//173 153//153
f 153//153 173//173 174//174
f 153//153 174//174 154//154
f 154//154 174//174 175//175
f 154//154 175//175 155//155
f 155//155 175//175 176//176
f 155//155 176//176 156//156
f 156//156 176//176 177//177
f 156//156 177//177 157//157
f 157//157 177//177 178//178
f 157//157 178//178 158//158
f 158//158 178//178 179//179
f 158//158 179//179 159//159
f 159//159 179//179 180//180
f 159//159 180//180 160//160
f 160//160 180//180 161//161
f 160//160 161//161 141//141
f 161//161 181//181 182//182
f 161//161 182//182 162//162
f 162//162 182//182 183//183
f 162//162 183//183 163//163
f 163//163 183//183 184//184
f 163//163 184//184 164//164
f 164//164 184//184 185//185
f 164//164 185//185 165//165
f 165//165 185//185 186//186
f 165//165 186//186 166//166
f 166//166 186//186 187//187
f 166//166 187//187 167//167
f 167//167 187//187 188//188
f 167//167 188//188 168//168
f 168//168 188//188 189//189
f 168//168 189//189 169//169
f 169//169 189//189 190//190
f 169//169 190//190 170//170
f 170//170 190//190 191//191
f 170//170 191//191 171//171
f 171//171 191//191 192//192
f 171//171 192//192 172//172
f 172//172 192//192 193//193
f 172//172 193//193 173//173
f 173//173 193//193 194//194
f 173//173 194//194 174//174
f 174//174 194//194 195//195
f 174//174 195//195 175//175
f 175//175 195//195 196//196
f 175//175 196//196 176//176
f 176//176 196//196 197//197
f 176//176 197//197 177//177
f 177//177 197//197 198//198
f 177//177 198//198 178//178
f 178//178 198//198 199//199
f 178//178 199//199 179//179
f 179//179 199//199 200//200
f 179//179 200//200 180//180
f 180//180 200//200 181//181
f 180//180 181//181 161//161
f 181//181 201//201 202//202
f 181//181 202//202 182//182
f 182//182 202//202 203//203
f 182//182 203//203 183//183
f 183//183 203//203 204//204
f 183//183 204//204 184//184
f 184//184 204//204 205//205
f 184//184 205//205 185//185
f 185//185 205//205 206//206
f 185//185 206//206 186//186
f 186//186 206//206 207//207
f 186//186 207//207 187//187
f 187//187 207//207 208//208
f 187//187 208//208 188//188
f 188//188 208//208 209//209
f 188//188 209//209 189//189
f 189//189 209//209 210//210
f 189//189 210//210 190//190
f 190//190 210//210 211//211
f 190//190 211//211 191//191
f 191//191 211//211 212//212
f 191//191 212//212 192//192
f 192//192 212//212 213//213
f 192//192 213//213 193//193
f 193//193 213//213 214//214
f 193//193 214//214 194//194
f 194//194 214//214 215//215
f 194//194 215//215 195//195
f 195//195 215//215 216//216
f 195//195 216//216 196//196
f 196//196 216//216 217//217
f 196//196 217//217 197//197
f 197//197 217//217 218//218
f 197//197 218//218 198//198
f 198//198 218//218 219//219
f 198//198 219//219 199//199
f 199//199 219//219 220//220
f 199//199 220//220 200//200
f 200//200 220//220 201//201
f 200//200 201//201 181//181
f 201//201 221//221 222//222
f 201//201 222//222 202//202
f 202//202 222//222 223//223
f 202//202 223//223 203//203
f 203//203 223//223 224//224
f 203//203 224//224 204//204
f 204//204 224//224 225//225
f 204//204 225//225 205//205
f 205//205 225//225 226//226
f 205//205 226//226 206//206
f 206//206 226//226 227//227
f 206//206 227//227 207//207
f 207//207 227//227 228//228
f 207//207 228//228 208//208
f 208//208 228//228 229//229
f 208//208 229//229 209//209
f 209//209 229//229 230//230
f 209//209 230//230 210//210
f 210//210 230//230 231//231
f 210//210 231//231 211//211
f 211//211 231//231 232//232
f 211//211 232//232 212//212
f 212//212 232//232 233//233
f 212//212 233//233 213//213
f 213//213 233//233 234//234
f 213//213 234//234 214//214
f 214//214 234//234 235//235
f 214//214 235//235 215//215
f 215//215 235//235 236//236
f 215//215 236//236 216//216
f 216//216 236//236 237//237
f 216//216 237//237 217//217
f 217//217 237//237 238//238
f 217//217 238//238 218//218
f 218//218 238//238 239//239
f 218//218 239//239 219//219
f 219//219 239//239 240//240
f 219//219 240//240 220//220
f 220//220 240//240 221//221
f 220//220 221//221 201//201
f 221//221 241//241 242//242
f 221//221 242//242 222//222
f 222//222 242//242 243//243
f 222//222 243//243 223//223
f 223//223 243//243 244//244
f 223//223 244//244 224//224
f 224//224 244//244 245//245
f 224//224 245//245 225//225
f 225//225 245//245 246//246
f 225//225 246//246 226//226
f 226//226 246//246 247//247
f 226//226 247//247 227//227
f 227//227 247//247 248//248
f 227//227 248//248 228//228
f 228//228 248//248 249//249
f 228//228 249//249 229//229
f 229//229 249//249 250//250
f 229//229 250//250 230//230
f 230//230 250//250 251//251
f 230//230 251//251 231//231
f 231//231 251//251 252//252
f 231//231 252//252 232//232
f 232//232 252//252 253//253
f 232//232 253//253 233//233
f 233//233 253//253 254//254
f 233//233 254//254 234//234
f 234//234 254//254 255//255
f 234//234 255//255 235//235
f 235//235 255//255 256//256
f 235//235 256//256 236//236
f 236//236 256//256 257//257
f 236//236 257//257 237//237
f 237//237 257//257 258//258
f 237//237 258//258 238//238
f 238//238 258//258 259//259
f 238//238 259//259 239//239
f 239//239 259//259 260//260
f 239//239 260//260 240//240
f 240//240 260//260 241//241
f 240//240 241//241 221//221
f 241//241 261//261 262//262
f 241//241 262//262 242//242
f 242//242 262//262 263//263
f 242//242 263//263 243//243
f 243//243 263//263 264//264
f 243//243 264//264 244//244
f 244//244 264//264 265//265
f 244//244 265//265 245//245
f 245//245 265//265 266//266
f 245//245 266//266 246//246
f 246//246 266//266 267//267
f 246//246 267//267 247//247
f 247//247 267//267 268//268
f 247//247 268//268 248//248
f 248//248 268//268 269//269
f 248//248 269//269 249//249
f 249//249 269//269 270//270
f 249//249 270//270 250//250
f 250//250 270//270 271//271
f 250//250 271//271 251//251
f 251//251 271//271 272//272
f 251//251 272//272 252//252
f 252//252 272//272 273//273
f 252//252 273//273 253//253
f 253//253 273//273 274//274
f 253//253 274//274 254//254
f 254//254 274//274 275//275
f 254//254 275//275 255//255
f 255//255 275//275 276//276
f 255//255 276//276 256//256
f 256//256 276//276 277//277
f 256//256 277//277 257//257
f 257//257 277//277 278//278
f 257//257 278//278 258//258
f 258//258 278//278 279//279
f 258//258 279//279 259//259
f 259//259 279//279 280//280
f 259//259 280//280 260//260
f 260//260 280//280 261//261
f 260//260 261//261 241//241
f 261//261 281//281 282//282
f 261//261 282//282 262//262
f 262//262 282//282 283//283
f 262//262 283//283 263//263
f 263//263 283//283 284//284
f 263//263 284//284 264//264
f 264//264 284//284 285//285
f 264//264 285//285 265//265
f 265//265 285//285 286//286
f 265//265 286//286 266//266
f 266//266 286//286 287//287
f 266//266 287//287 267//267
f 267//267 287//287 288//288
f 267//267 288//288 268//268
f 268//268 288//288 289//289
f 268//268 289//289 269//269
f 269//269 289//289 290//290
f 269//269 290//290 270//270
f 270//270 290//290 291//291
f 270//270 291//291 271//271
f 271//271 291//291 292//292
f 271//271 292//292 272//272
f 272//272 292//292 293//293
f 272//272 293//293 273//273
f 273//273 293//293 294//294
f 273//273 294//294 274//274
f 274//274 294//294 295//295
f 274//274 295//295 275//275
f 275//275 295//295 296//296
f 275//275 296//296 276//276
f 276//276 296//296 297//297
f 276//276 297//297 277//277
f 277//277 297//297 298//298
f 277//277 298//298 278//278
f 278//278 298//298 299//299
f 278//278 299//299 279//279
f 279//279 299//299 300//300
f 279//279 300//300 280//280
f 280//280 300//300 281//281
f 280//280 281//281 261//261
f 281//281 301//301 302//302
f 281//281 302//302 282//282
f 282//282 302//302 303//303
f 282//282 303//303 283//283
f 283//283 303//303 304//304
f 283//283 304//304 284//284
f 284//284 304//304 305//305
f 284//284 305//305 285//285
f 285//285 305//305 306//306
f 285//285 306//306 286//286
f 286//286 306//306 307//307
f 286//286 307//307 287//287
f 287//287 307//307 308//308
f 287//287 308//308 288//288
f 288//288 308//308 309//309
f 288//288 309//309 289//289
f 289//289 309//309 310//310
f 289//289 310//310 290//290
f 290//290 310//310 311//311
f 290//290 311//311 291//291
f 291//291 311//311 312//312
f 291//291 312//312 292//292
f 292//292 312//312 313//313
f 292//292 313//313 293//293
f 293//293 313//313 314//314
f 293//293 314//314 294//294
f 294//294 314//314 315//315
f 294//294 315//315 295//295
f 295//295 315//315 316//316
f 295//295 316//316 296//296
f 296//296 316//316 317//317
f 296//296 317//317 297//297
f 297//297 317//317 318//318
f 297//297 318//318 298//298
f 298//298 318//318 319//319
f 298//298 319//319 299//299
f 299//299 319//319 320//320
f 299//299 320//320 300//300
f 300//300 320//320 301//301
f 300//300 301//301 281//281
f 301//301 321//321 322//322
f 301//301 322//322 302//302
f 302//302 322//322 323//323
f 302//302 323//323 303//303
f 303//303 323//323 324//324
f 303//303 324//324 304//304
f 304//304 324//324 325//325
f 304//304 325//325 305//305
f 305//305 325//325 326//326
f 305//305 326//326 306//306
f 306//306 326//326 327//327
f 306//306 327//327 307//307
f 307//307 327//327 328//328
f 307//307 328//328 308//308
f 308//308 328//328 329//329
f 308//308 329//329 309//309
f 309//309 329//329 330//330
f 309//309 330//330 310//310
f 310//310 330//330 331//331
f 310//310 331//331 311//311
f 311//311 331//331 332//332
f 311//311 332//332 312//312
f 312//312 332//332 333//333
f 312//312 333//333 313//313
f 313//313 333//333 334//334
f 313//313 334//334 314//314
f 314//314 334//334 335//335
f 314//314 335//335 315//315
f 315//315 335//335 336//336
f 315//315 336//336 316//316
f 316//316 336//336 337//337
f 316//316 337//337 317//317
f 317//317 337//337 338//338
f 317//317 338//338 318//318
f 318//318 338//338 339//339
f 318//318 339//339 319//319
f 319//319 339//339 340//340
f 319//319 340//340 320//320
f 320//320 340//340 321//321
f 320//320 321//321 301//301
f 321//321 341//341 342//342
f 321//321 342//342 322//322
f 322//322 342//342 343//343
f 322//322 343//343 323//323
f 323//323 343//343 344//344
f 323//323 344//344 324//324
f 324//324 344//344 345//345
f 324//324 345//345 325//325
f 325//325 345//345 346//346
f 325//325 346//346 326//326
f 326//326 346//346 347//347
f 326//326 347//347 327//327
f 327//327 347//347 348//348
f 327//327 348//348 328//328
f 328//328 348//348 349//349
f 328//328 349//349 329//329
f 329//329 349//349 350//350
f 329//329 350//350 330//330
f 330//330 350//350 351//351
f 330//330 351//351 331//331
f 331//331 351//351 352//352
f 331//331 352//352 332//332
f 332//332 352//352 353//353
f 332//332 353//353 333//333
f 333//333 353//353 354//354
f 333//333 354//354 334//334
f 334//334 354//354 355//355
f 334//334 355//355 335//335
f 335//335 355//355 356//356
f 335//335 356//356 336//336
f 336//336 356//356 357//357
f 336//336 357//357 337//337
f 337//337 357//357 358//358
f 337//337 358//358 338//338
f 338//338 358//358 359//359
f 338//338 359//359 339//339
f 339//339 359//359 360//360
f 339//339 360//360 340//340
f 340//340 360//360 341//341
f 340//340 341//341 321//321
f 341//341 361//361 362//362
f 341//341 362//362 342//342
f 342//342 362//362 363//363
f 342//342 363//363 343//343
f 343//343 363//363 364//364
f 343//343 364//364 344//344
f 344//344 364//364 365//365
f 344//344 365//365 345//345
f 345//345 365//365 366//366
f 345//345 366//366 346//346
f 346//346 366//366 367//367
f 346//346 367//367 347//347
f 347//347 367//367 368//368
f 347//347 368//368 348//348
f 348//348 368//368 369//369
f 348//348 369//369 349//349
f 349//349 369//369 370//370
f 349//349 370//370 350//350
f 350//350 370//370 371//371
f 350//350 371//371 351//351
f 351//351 371//371 372//372
f 351//351 372//372 352//352
f 352//352 372//372 373//373
f 352//352 373//373 353//353
f 353//353 373//373 374//374
f 353//353 374//374 354//354
f 354//354 374//374 375//375
f 354//354 375//375 355//355
f 355//355 375//375 376//376
f 355//355 376//376 356//356
f 356//356 376//376 377//377
f 356//356 377//377 357//357
f 357//357 377//377 378//378
f 357//357 378//378 358//358
f 358//358 378//378 379//379
f 358//358 379//379 359//359
f 359//359 379//379 380//380
f 359//359 380//380 360//360
f 360//360 380//380 361//361
f 360//360 361//361 341//341
f 361//361 381//381 382//382
f 361//361 382//382 362//362
f 362//362 382//382 383//383
f 362//362 383//383 363//363
f 363//363 383//383 384//384
f 363//363 384//384 364//364
f 364//364 384//384 385//385
f 364//364 385//385 365//365
f 365//365 385//385 386//386
f 365//365 386//386 366//366
f 366//366 386//386 387//387
f 366//366 387//387 367//367
f 367//367 387//387 388//388
f 367//367 388//388 368//368
f 368//368 388//388 389//389
f 368//368 389//389 369//369
f 369//369 389//389 390//390
f 369//369 390//390 370//370
f 370//370 390//390 391//391
f 370//370 391//391 371//371
f 371//371 391//391 392//392
f 371//371 392//392 372//372
f 372//372 392//392 393//393
f 372//372 393//393 373//373
f 373//373 393//393 394//394
f 373//373 394//394 374//374
f 374//374 394//394 395//395
f 374//374 395//395 375//375
f 375//375 395//395 396//396
f 375//375 396//396 376//376
f 376//376 396//396 397//397
f 376//376 397//397 377//377
f 377//377 397//397 398//398
f 377//377 398//398 378//378
f 378//378 398//398 399//399
f 378//378 399//399 379//379
f 379//379 399//399 400//400
f 379//379 400//400 380//380
f 380//380 400//400 381//381
f 380//380 381//381 361//361
f 381//381 401//401 402//402
f 381//381 402//402 382//382
f 382//382 402//402 403//403
f 382//382 403//403 383//383
f 383//383 403//403 404//404
f 383//383 404//404 384//384
f 384//384 404//404 405//405
f 384//384 405//405 385//385
f 385//385 405//405 406//406
f 385//385 406//406 386//386
f 386//386 406//406 407//407
f 386//386 407//407 387//387
f 387//387 407//407 408//408
f 387//387 408//408 388//388
f 388//388 408//408 409//409
f 388//388 409//409 389//389
f 389//389 409//409 410//410
f 389//389 410//410 390//390
f 390//390 410//410 411//411
f 390//390 411//411 391//391
f 391//391 411//411 412//412
f 391//391 412//412 392//392
f 392//392 412//412 413//413
f 392//392 413//413 393//393
f 393//393 413//413 414//414
f 393//393 414//414 394//394
f 394//394 414//414 415//415
f 394//394 415//415 395//395
f 395//395 415//415 416//416
f 395//395 416//416 396//396
f 396//396 416//416 417//417
f 396//396 417//417 397//397
f 397//397 417//417 418//418
f 397//397 418//418 398//398
f 398//398 418//418 419//419
f 398//398 419//419 399//399
f 399//399 419//419 420//420
f 399//399 420//420 400//400
f 400//400 420//420 401//401
f 400//400 401//401 381//381
f 401//401 421//421 422//422
f 401//401 422//422 402//402
f 402//402 422//422 423//423
f 402//402 423//423 403//403
f 403//403 423//423 424//424
f 403//403 424//424 404//404
f 404//404 424//424 425//425
f 404//404 425//425 405//405
f 405//405 425//425 426//426
f 405//405 426//426 406//406
f 406//406 426//426 427//427
f 406//406 427//427 407//407
f 407//407 427//427 428//428
f 407//407 428//428 408//408
f 408//408 428//428 429//429
f 408//408 429//429 409//409
f 409//409 429//429 430//430
f 409//409 430//430 410//410
f 410//410 430//430 431//431
f 410//410 431//431 411//411
f 411//411 431//431 432//432
f 411//411 432//432 412//412
f 412//412 432//432 433//433
f 412//412 433//433 413//413
f 413//413 433//433 434//434
f 413//413 434//434 414//414
f 414//414 434//434 435//435
f 414//414 435//435 415//415
f 415//415 435//435 436//436
f 415//415 436//436 416//416
f 416//416 436//436 437//437
f 416//416 437//437 417//417
f 417//417 437//437 438//438
f 417//417 438//438 418//418
f 418//418 438//438 439//439
f 418//418 439//439 419//419
f 419//419 439//439 440//440
f 419//419 440//440 420//420
f 420//420 440//440 421//421
f 420//420 421//421 401//401
f 421//421 441//441 442//442
f 421//421 442//442 422//422
f 422//422 442//442 443//443
f 422//422 443//443 423//423
f 423//423 443//443 444//444
f 423//423 444//444 424//424
f 424//424 444//444 445//445
f 424//424 445//445 425//425
f 425//425 445//445 446//446
f 425//425 446//446 426//426
f 426//426 446//446 447//447
f 426//426 447//447 427//427
f 427//427 447//447 448//448
f 427//427 448//448 428//428
f 428//428 448//448 449//449
f 428//428 449//449 429//429
f 429//429 449//449 450//450
f 429//429 450//450 430//430
f 430//430 450//450 451//451
f 430//430 451//451 431//431
f 431//431 451//451 452//452
f 431//431 452//452 432//432
f 432//432 452//452 453//453
f 432//432 453//453 433//433
f 433//433 453//453 454//454
f 433//433 454//454 434//434
f 434//434 454//454 455//455
f 434//434 455//455 435//435
f 435//435 455//455 456//456
f 435//435 456//456 436//436
f 436//436 456//456 457//457
f 436//436 457//457 437//437
f 437//437 457//457 458//458
f 437//437 458//458 438//438
f 438//438 458//458 459//459
f 438//438 459//459 439//439
f 439//439 459//459 460//460
f 439//439 460//460 440//440
f 440//440 460//460 441//441
f 440//440 441//441 421//421
f 441//441 461//461 462//462
f 441//441 462//462 442//442
f 442//442 462//462 463//463
f 442//442 463//463 443//443
f 443//443 463//463 464//464
f 443//443 464//464 444//444
f 444//444 464//464 465//465
f 444//444 465//465 445//445
f 445//445 465//465 466//466
f 445//445 466//466 446//446
f 446//446 466//466 467//467
f 446//446 467//467 447//447
f 447//447 467//467 468//468
f 447//447 468//468 448//448
f 448//448 468//468 469//469
f 448//448 469//469 449//449
f 449//449 469//469 470//470
f 449//449 470//470 450//450
f 450//450 470//470 471//471
f 450//450 471//471 451//451
f 451//451 471//471 472//472
f 451//451 472//472 452//452
f 452//452 472//472 473//473
f 452//452 473//473 453//453
f 453//453 473//473 474//474
f 453//453 474//474 454//454
f 454//454 474//474 475//475
f 454//454 475//475 455//455
f 455//455 475//475 476//476
f 455//455 476//476 456//456
f 456//456 476//476 477//477
f 456//456 477//477 457//457
f 457//457 477//477 478//478
f 457//457 478//478 458//458
f 458//458 478//478 479//479
f 458//458 479//479 459//459
f 459//459 479//479 480//480
f 459//459 480//480 460//460
f 460//460 480//480 461//461
f 460//460 461//461 441//441
f 461//461 481//481 482//482
f 461//461 482//482 462//462
f 462//462 482//482 483//483
f 462//462 483//483 463//463
f 463//463 483//483 484//484
f 463//463 484//484 464//464
f 464//464 484//484 485//485
f 464//464 485//485 465//465
f 465//465 485//485 486//486
f 465//465 486//486 466//466
f 466//466 486//486 487//487
f 466//466 487//487 467//467
f 467//467 487//487 488//488
f 467//467 488//488 468//468
f 468//468 488//488 489//489
f 468//468 489//489 469//469
f 469//469 489//489 490//490
f 469//469 490//490 470//470
f 470//470 490//490 491//491
f 470//470 491//491 471//471
f 471//471 491//491 492//492
f 471//471 492//492 472//472
f 472//472 492//492 493//493
f 472//472 493//493 473//473
f 473//473 493//493 494//494
f 473//473 494//494 474//474
f 474//474 494//494 495//495
f 474//474 495//495 475//475
f 475//475 495//495 496//496
f 475//475 496//496 476//476
f 476//476 496//496 497//497
f 476//476 497//497 477//477
f 477//477 497//497 498//498
f 477//477 498//498 478//478
f 478//478 498//498 499//499
f 478//478 499//499 479//479
f 479//479 499//499 500//500
f 479//479 500//500 480//480
f 480//480 500//500 481//481
f 480//480 481//481 461//461
f 481//481 501//501 502//502
f 481//481 502//502 482//482
f 482//482 502//502 503//503
f 482//482 503//503 483//483
f 483//483 503//503 504//504
f 483//483 504//504 484//484
f 484//484 504//504 505//505
f 484//484 505//505 485//485
f 485//485 505//505 506//506
f 485//485 506//506 486//486
f 486//486 506//506 507//507
f 486//486 507//507 487//487
f 487//487 507//507 508//508
f 487//487 508//508 488//488
f 488//488 508//508 509//509
f 488//488 509//509 489//489
f 489//489 509//509 510//510
f 489//489 510//510 490//490
f 490//490 510//510 511//511
f 490//490 511//511 491//491
f 491//491 511//511 512//512
f 491//491 512//512 492//492
f 492//492 512//512 513//513
f 492//492 513//513 493//493
f 493//493 513//513 514//514
f 493//493 514//514 494//494
f 494//494 514//514 515//515
f 494//494 515//515 495//495
f 495//495 515//515 516//516
f 495//495 516//516 496//496
f 496//496 516//516 517//517
f 496//496 517//517 497//497
f 497//497 517//517 518//518
f 497//497 518//518 498//498
f 498//498 518//518 519//519
f 498//498 519//519 499//499
f 499//499 519//519 520//520
f 499//499 520//520 500//500
f 500//500 520//520 501//501
f 500//500 501//501 481//481
f 501//501 521//521 522//522
f 501//501 522//522 502//502
f 502//502 522//522 523//523
f 502//502 523//523 503//503
f 503//503 523//523 524//524
f 503//503 524//524 504//504
f 504//504 524//524 525//525
f 504//504 525//525 505//505
f 505//505 525//525 526//526
f 505//505 526//526 506//506
f 506//506 526//526 527//527
f 506//506 527//527 507//507
f 507//507 527//527 528//528
f 507//507 528//528 508//508
f 508//508 528//528 529//529
f 508//508 529//529 509//509
f 509//509 529//529 530//530
f 509//509 530//530 510//510
f 510//510 530//530 531//531
f 510//510 531//531 511//511
f 511//511 531//531 532//532
f 511//511 532//532 512//512
f 512//512 532//532 533//533
f 512//512 533//533 513//513
f 513//513 533//533 534//534
f 513//513 534//534 514//514
f 514//514 534//534 535//535
f 514//514 535//535 515//515
f 515//515 535//535 536//536
f 515//515 536//536 516//516
f 516//516 536//536 537//537
f 516//516 537//537 517//517
f 517//517 537//537 538//538
f 517//517 538//538 518//518
f 518//518 538//538 539//539
f 518//518 539//539 519//519
f 519//519 539//539 540//540
f 519//519 540//540 520//520
f 520//520 540//540 521//521
f 520//520 521//521 501//501
f 521//521 541//541 542//542
f 521//521 542//542 522//522
f 522//522 542//542 543//543
f 522//522 543//543 523//523
f 523//523 543//543 544//544
f 523//523 544//544 524//524
f 524//524 544//544 545//545
f 524//524 545//545 525//525
f 525//525 545//545 546//546
f 525//525 546//546 526//526
f 526//526 546//546 547//547
f 526//526 547//547 527//527
f 527//527 547//547 548//548
f 527//527 548//548 528//528
f 528//528 548//548 549//549
f 528//528 549//549 529//529
f 529//529 549//549 550//550
f 529//529 550//550 530//530
f 530//530 550//550 551//551
f 530//530 551//551 531//531
f 531//531 551//551 552//552
f 531//531 552//552 532//532
f 532//532 552//552 553//553
f 532//532 553//553 533//533
f 533//533 553//553 554//554
f 533//533 554//554 534//534
f 534//534 554//554 555//555
f 534//534 555//555 535//535
f 535//535 555//555 556//556
f 535//535 556//556 536//536
f 536//536 556//556 557//557
f 536//536 557//557 537//537
f 537//537 557//557 558//558
f 537//537 558//558 538//538
f 538//538 558//558 559//559
f 538//538 559//559 539//539
f 539//539 559//559 560//560
f 539//539 560//560 540//540
f 540//540 560//560 541//541
f 540//540 541//541 521//521
f 541//541 561//561 562//562
f 541//541 562//562 542//542
f 542//542 562//562 563//563
f 542//542 563//563 543//543
f 543//543 563//563 564//564
f 543//543 564//564 544//544
f 544//544 564//564 565//565
f 544//544 565//565 545//545
f 545//545 565//565 566//566
f 545//545 566//566 546//546
f 546//546 566//566 567//567
f 546//546 567//567 547//547
f 547//547 567//567 568//568
f 547//547 568//568 548//548
f 548//548 568//568 569//569
f 548//548 569//569 549//549
f 549//549 569//569 570//570
f 549//549 570//570 550//550
f 550//550 570//570 571//571
f 550//550 571//571 551//551
f 551//551 571//571 572//572
f 551//551 572//572 552//552
f 552//552 572//572 573//573
f 552//552 573//573 553//553
f 553//553 573//573 574//574
f 553//553 574//574 554//554
f 554//554 574//574 575//575
f 554//554 575//575 555//555
f 555//555 575//575 576//576
f 555//555 576//576 556//556
f 556//556 576//576 577//577
f 556//556 577//577 557//557
f 557//557 577//577 578//578
f 557//557 578//578 558//558
f 558//558 578//578 579//579
f 558//558 579//579 559//559
f 559//559 579//579 580//580
f 559//559 580//580 560//560
f 560//560 580//580 561//561
f 560//560 561//561 541//541
f 561//561 581//581 582//582
f 561//561 582//582 562//562
f 562//562 582//582 583//583
f 562//562 583//583 563//563
f 563//563 583//583 584//584
f 563//563 584//584 564//564
f 564//564 584//584 585//585
f 564//564 585//585 565//565
f 565//565 585//585 586//586
f 565//565 586//586 566//566
f 566//566 586//586 587//587
f 566//566 587//587 567//567
f 567//567 587//587 588//588
f 567//567 588//588 568//568
f 568//568 588//588 589//589
f 568//568 589//589 569//569
f 569//569 589//589 590//590
f 569//569 590//590 570//570
f 570//570 590//590 591//591
f 570//570 591//591 571//571
f 571//571 591//591 592//592
f 571//571 592//592 572//572
f 572//572 592//592 593//593
f 572//572 593//593 573//573
f 573//573 593//593 594//594
f 573//573 594//594 574//574
f 574//574 594//594 595//595
f 574//574 595//595 575//575
f 575//575 595//595 596//596
f 575//575 596//596 576//576
f 576//576 596//596 597//597
f 576//576 597//597 577//577
f 577//577 597//597 598//598
f 577//577 598//598 578//578
f 578//578 598//598 599//599
f 578//578 599//599 579//579
f 579//579 599//599 600//600
f 579//579 600//600 580//580
f 580//580 600//600 581//581
f 580//580 581//581 561//561
f 581//581 601//601 602//602
f 581//581 602//602 582//582
f 582//582 602//602 603//603
f 582//582 603//603 583//583
f 583//583 603//603 604//604
f 583//583 604//604 584//584
f 584//584 604//604 605//605
f 584//584 605//605 585//585
f 585//585 605//605 606//606
f 585//585 606//606 586//586
f 586//586 606//606 607//607
f 586//586 607//607 587//587
f 587//587 607//607 608//608
f 587//587 608//608 588//588
f 588//588 608//608 609//609
f 588//588 609//609 589//589
f 589//589 609//609 610//610
f 589//589 610//610 590//590
f 590//590 610//610 611//611
f 590//590 611//611 591//591
f 591//591 611//611 612//612
f 591//591 612//612 592//592
f 592//592 612//612 613//613
f 592//592 613//613 593//593
f 593//593 613//613 614//614
f 593//593 614//614 594//594
f 594//594 614//614 615//615
f 594//594 615//615 595//595
f 595//595 615//615 616//616
f 595//595 616//616 596//596
f 596//596 616//616 617//617
f 596//596 617//617 597//597
f 597//597 617//617 618//618
f 597//597 618//618 598//598
f 598//598 618//618 619//619
f 598//598 619//619 599//599
f 599//599 619//619 620//620
f 599//599 620//620 600//600
f 600//600 620//620 601//601
f 600//600 601//601 581//581
f 601//601 621//621 622//622
f 601//601 622//622 602//602
f 602//602 622//622 623//623
f 602//602 623//623 603//603
f 603//603 623//623 624//624
f 603//603 624//624 604//604
f 604//604 624//624 625//625
f 604//604 625//625 605//605
f 605//605 625//625 626//626
f 605//605 626//626 606//606
f 606//606 626//626 627//627
f 606//606 627//627 607//607
f 607//607 627//627 628//628
f 607//607 628//628 608//608
f 608//608 628//628 629//629
f 608//608 629//629 609//609
f 609//609 629//629 630//630
f 609//609 630//630 610//610
f 610//610 630//630 631//631
f 610//610 631//631 611//611
f 611//611 631//631 632//632
f 611//611 632//632 612//612
f 612//612 632//632 633//633
f 612//612 633//633 613//613
f 613//613 633//633 634//634
f 613//613 634//634 614//614
f 614//614 634//634 635//635
f 614//614 635//635 615//615
f 615//615 635//635 636//636
f 615//615 636//636 616//616
f 616//616 636//636 637//637
f 616//616 637//637 617//617
f 617//617 637//637 638//638
f 617//617 638//638 618//618
f 618//618 638//638 639//639
f 618//618 639//639 619//619
f 619//619 639//639 640//640
f 619//619 640//640 620//620
f 620//620 640//640 621//621
f 620//620 621//621 601//601
f 621//621 641//641 642//642
f 621//621 642//642 622//622
f 622//622 642//642 643//643
f 622//622 643//643 623//623
f 623//623 643//643 644//644
f 623//623 644//644 624//624
f 624//624 644//644 645//645
f 624//624 645//645 625//625
f 625//625 645//645 646//646
f 625//625 646//646 626//626
f 626//626 646//646 647//647
f 626//626 647//647 627//627
f 627//627 647//647 648//648
f 627//627 648//648 628//628
f 628//628 648//648 649//649
f 628//628 649//649 629//629
f 629//629 649//649 650//650
f 629//629 650//650 630//630
f 630//630 650//650 651//651
f 630//630 651//651 631//631
f 631//631 651//651 652//652
f 631//631 652//652 632//632
f 632//632 652//652 653//653
f 632//632 653//653 633//633
f 633//633 653//653 654//654
f 633//633 654//654 634//634
f 634//634 654//654 655//655
f 634//634 655//655 635//635
f 635//635 655//655 656//656
f 635//635 656//656 636//636
f 636//636 656//656 657//657
f 636//636 657//657 637//637
f 637//637 657//657 658//658
f 637//637 658//658 638//638
f 638//638 658//658 659//659
f 638//638 659//659 639//639
f 639//639 659//659 660//660
f 639//639 660//660 640//640
f 640//640 660//660 641//641
f 640//640 641//641 621//621
f 641//641 661//661 662//662
f 641//641 662//662 642//642
f 642//642 662//662 663//663
f 642//642 663//663 643//643
f 643//643 663//663 664//664
f 643//643 664//664 644//644
f 644//644 664//664 665//665
f 644//644 665//665 645//645
f 645//645 665//665 666//666
f 645//645 666//666 646//646
f 646//646 666//666 667//667
f 646//646 667//667 647//647
f 647//647 667//667 668//668
f 647//647 668//668 648//648
f 648//648 668//668 669//669
f 648//648 669//669 649//649
f 649//649 669//669 670//670
f 649//649 670//670 650//650
f 650//650 670//670 671//671
f 650//650 671//671 651//651
f 651//651 671//671 672//672
f 651//651 672//672 652//652
f 652//652 672//672 673//673
f 652//652 673//673 653//653
f 653//653 673//673 674//674
f 653//653 674//674 654//654
f 654//654 674//674 675//675
f 654//654 675//675 655//655
f 655//655 675//675 676//676
f 655//655 676//676 656//656
f 656//656 676//676 677//677
f 656//656 677//677 657//657
f 657//657 677//677 678//678
f 657//657 678//678 658//658
f 658//658 678//678 679//679
f 658//658 679//679 659//659
f 659//659 679//679 680//680
f 659//659 680//680 660//660
f 660//660 680//680 661//661
f 660//660 661//661 641//641
f 661//661 681//681 682//682
f 661//661 682//682 662//662
f 662//662 682//682 683//683
f 662//662 683//683 663//663
f 663//663 683//683 684//684
f 663//663 684//684 664//664
f 664//664 684//684 685//685
f 664//664 685//685 665//665
f 665//665 685//685 686//686
f 665//665 686//686 666//666
f 666//666 686//686 687//687
f 666//666 687//687 667//667
f 667//667 687//687 688//688
f 667//667 688//688 668//668
f 668//668 688//688 689//689
f 668//668 689//689 669//669
f 669//669 689//689 690//690
f 669//669 690//690 670//670
f 670//670 690//690 691//691
f 670//670 691//691 671//671
f 671//671 691//691 692//692
f 671//671 692//692 672//672
f 672//672 692//692 693//693
f 672//672 693//693 673//673
f 673//673 693//693 694//694
f 673//673 694//694 674//674
f 674//674 694//694 695//695
f 674//674 695//695 675//675
f 675//675 695//695 696//696
f 675//675 696//696 676//676
f 676//676 696//696 697//697
f 676//676 697//697 677//677
f 677//677 697//697 698//698
f 677//677 698//698 678//678
f 678//678 698//698 699//699
f 678//678 699//699 679//679
f 679//679 699//699 700//700
f 679//679 700//700 680//680
f 680//680 700//700 681//681
f 680//680 681//681 661//661
f 681//681 701//701 702//702
f 681//681 702//702 682//682
f 682//682 702//702 703//703
f 682//682 703//703 683//683
f 683//683 703//703 704//704
f 683//683 704//704 684//684
f 684//684 704//704 705//705
f 684//684 705//705 685//685
f 685//685 705//705 706//706
f 685//685 706//706 686//686
f 686//686 706//706 707//707
f 686//686 707//707 687//687
f 687//687 707//707 708//708
f 687//687 708//708 688//688
f 688//688 708//708 709//709
f 688//688 709//709 689//689
f 689//689 709//709 710//710
f 689//689 710//710 690//690
f 690//690 710//710 711//711
f 690//690 711//711 691//691
f 691//691 711//711 712//712
f 691//691 712//712 692//692
f 692//692 712//712 713//713
f 692//692 713//713 693//693
f 693//693 713//713 714//714
f 693//693 714//714 694//694
f 694//694 714//714 715//715
f 694//694 715//715 695//695
f 695//695 715//715 716//716
f 695//695 716//716 696//696
f 696//696 716//716 717//717
f 696//696 717//717 697//697
f 697//697 717//717 718//718
f 697//697 718//718 698//698
f 698//698 718//718 719//719
f 698//698 719//719 699//699
f 699//699 719//719 720//720
f 699//699 720//720 700//700
f 700//700 720//720 701//701
f 700//700 701//701 681//681
f 701//701 721//721 722//722
f 701//701 722//722 702//702
f 702//702 722//722 723//723
f 702//702 723//723 703//703
f 703//703 723//723 724//724
f 703//703 724//724 704//704
f 704//704 724//724 725//725
f 704//704 725//725 705//705
f 705//705 725//725 726//726
f 705//705 726//726 706//706
f 706//706 726//726 727//727
f 706//706 727//727 707//707
f 707//707 727//727 728//728
f 707//707 728//728 708//708
f 708//708 728//728 729//729
f 708//708 729//729 709//709
f 709//709 729//729 730//730
f 709//709 730//730 710//710
f 710//710 730//730 731//731
f 710//710 731//731 711//711
f 711//711 731//731 732//732
f 711//711 732//732 712//712
f 712//712 732//732 733//733
f 712//712 733//733 713//713
f 713//713 733//733 734//734
f 713//713 734//734 714//714
f 714//714 734//734 735//735
f 714//714 735//735 715//715
f 715//715 735//735 736//736
f 715//715 736//736 716//716
f 716//716 736//736 737//737
f 716//716 737//737 717//717
f 717//717 737//737 738//738
f 717//717 738//738 718//718
f 718//718 738//738 739//739
f 718//718 739//739 719//719
f 719//719 739//739 740//740
f 719//719 740//740 720//720
f 720//720 740//740 721//721
f 720//720 721//721 701//701
f 721//721 741//741 742//742
f 721//721 742//742 722//722
f 722//722 742//742 743//743
f 722//722 743//743 723//723
f 723//723 743//743 744//744
f 723//723 744//744 724//724
f 724//724 744//744 745//745
f 724//724 745//745 725//725
f 725//725 745//745 746//746
f 725//725 746//746 726//726
f 726//726 746//746 747//747
f 726//726 747//747 727//727
f 727//727 747//747 748//748
f 727//727 748//748 728//728
f 728//728 748//748 749//749
f 728//728 749//749 729//729
f 729//729 749//749 750//750
f 729//729 750//750 730//730
f 730//730 750//750 751//751
f 730//730 751//751 731//731
f 731//731 751//751 752//752
f 731//731 752//752 732//732
f 732//732 752//752 753//753
f 732//732 753//753 733//733
f 733//733 753//753 754//754
f 733//733 754//754 734//734
f 734//734 754//754 755//755
f 734//734 755//755 735//735
f 735//735 755//755 756//756
f 735//735 756//756 736//736
f 736//736 756//756 757//757
f 736//736 757//757 737//737
f 737//737 757//757 758//758
f 737//737 758//758 738//738
f 738//738 758//758 759//759
f 738//738 759//759 739//739
f 739//739 759//759 760//760
f 739//739 760//760 740//740
f 740//740 760//760 741//741
f 740//740 741//741 721//721
f 741//741 761//761 762//762
f 741//741 762//762 742//742
f 742//742 762//762 763//763
f 742//742 763//763 743//743
f 743//743 763//763 764//764
f 743//743 764//764 744//744
f 744//744 764//764 765//765
f 744//744 765//765 745//745
f 745//745 765//765 766//766
f 745//745 766//766 746//746
f 746//746 766//766 767//767
f 746//746 767//767 747//747
f 747//747 767//767 768//768
f 747//747 768//768 748//748
f 748//748 768//768 769//769
f 748//748 769//769 749//749
f 749//749 769//769 770//770
f 749//749 770//770 750//750
f 750//750 770//770 771//771
f 750//750 771//771 751//751
f 751//751 771//771 772//772
f 751//751 772//772 752//752
f 752//752 772//772 773//773
f 752//752 773//773 753//753
f 753//753 773//773 774//774
f 753//753 774//774 754//754
f 754//754 774//774 775//775
f 754//754 775//775 755//755
f 755//755 775//775 776//776
f 755//755 776//776 756//756
f 756//756 776//776 777//777
f 756//756 777//777 757//757
f 757//757 777//777 778//778
f 757//757 778//778 758//758
f 758//758 778//778 779//779
f 758//758 779//779 759//759
f 759//759 779//779 780//780
f 759//759 780//780 760//760
f 760//760 780//780 761//761
f 760//760 761//761 741//741
f 761//761 781//781 782//782
f 761//761 782//782 762//762
f 762//762 782//782 783//783
f 762//762 783//783 763//763
f 763//763 783//783 784//784
f 763//763 784//784 764//764
f 764//764 784//784 785//785
f 764//764 785//785 765//765
f 765//765 785//785 786//786
f 765//765 786//786 766//766
f 766//766 786//786 787//787
f 766//766 787//787 767//767
f 767//767 787//787 788//788
f 767//767 788//788 768//768
f 768//768 788//788 789//789
f 768//768 789//789 769//769
f 769//769 789//789 790//790
f 769//769 790//790 770//770
f 770//770 790//790 791//791
f 770//770 791//791 771//771
f 771//771 791//791 792//792
f 771//771 792//792 772//772
f 772//772 792//792 793//793
f 772//772 793//793 773//773
f 773//773 793//793 794//794
f 773//773 794//794 774//774
f 774//774 794//794 795//795
f 774//774 795//795 775//775
f 775//775 795//795 796//796
f 775//775 796//796 776//776
f 776//776 796//796 797//797
f 776//776 797//797 777//777
f 777//777 797//797 798//798
f 777//777 798//798 778//778
f 778//778 798//798 799//799
f 778//778 799//799 779//779
f 779//779 799//799 800//800
f 779//779 800//800 780//780
f 780//780 800//800 781//781
f 780//780 781//781 761//761
f 781//781 801//801 802//802
f 781//781 802//802 782//782
f 782//782 802//802 803//803
f 782//782 803//803 783//783
f 783//783 803//803 804//804
f 783//783 804//804 784//784
f 784//784 804//804 805//805
f 784//784 805//805 785//785
f 785//785 805//805 806//806
f 785//785 806//806 786//786
f 786//786 806//806 807//807
f 786//786 807//807 787//787
f 787//787 807//807 808//808
f 787//787 808//808 788//788
f 788//788 808//808 809//809
f 788//788 809//809 789//789
f 789//789 809//809 810//810
f 789//789 810//810 790//790
f 790//790 810//810 811//811
f 790//790 811//811 791//791
f 791//791 811//811 812//812
f 791//791 812//812 792//792
f 792//792 812//812 813//813
f 792//792 813//813 793//793
f 793//793 813//813 814//814
f 793//793 814//814 794//794
f 794//794 814//814 815//815
f 794//794 815//815 795//795
f 795//795 815//815 816//816
f 795//795 816//816 796//796
f 796//796 816//816 817//817
f 796//796 817//817 797//797
f 797//797 817//817 818//818
f 797//797 818//818 798//798
f 798//798 818//818 819//819
f 798//798 819//819 799//799
f 799//799 819//819 820//820
f 799//799 820//820 800//800
f 800//800 820//820 801//801
f 800//800 801//801 781//781
f 801//801 821//821 822//822
f 801//801 822//822 802//802
f 802//802 822//822 823//823
f 802//802 823//823 803//803
f 803//803 823//823 824//824
f 803//803 824//824 804//804
f 804//804 824//824 825//825
f 804//804 825//825 805//805
f 805//805 825//825 826//826
f 805//805 826//826 806//806
f 806//806 826//826 827//827
f 806//806 827//827 807//807
f 807//807 827//827 828//828
f 807//807 828//828 808//808
f 808//808 828//828 829//829
f 808//808 829//829 809//809
f 809//809 829//829 830//830
f 809//809 830//830 810//810
f 810//810 830//830 831//831
f 810//810 831//831 811//811
f 811//811 831//831 832//832
f 811//811 832//832 812//812
f 812//812 832//832 833//833
f 812//812 833//833 813//813
f 813//813 833//833 834//834
f 813//813 834//834 814//814
f 814//814 834//834 835//835
f 814//814 835//835 815//815
f 815//815 835//835 836//836
f 815//815 836//836 816//816
f 816//816 836//836 837//837
f 816//816 837//837 817//817
f 817//817 837//837 838//838
f 817//817 838//838 818//818
f 818//818 838//838 839//839
f 818//818 839//839 819//819
f 819//819 839//839 840//840
f 819//819 840//840 820//820
f 820//820 840//840 821//821
f 820//820 821//821 801//801
f 821//821 841//841 842//842
f 821//821 842//842 822//822
f 822//822 842//842 843//843
f 822//822 843//843 823//823
f 823//823 843//843 844//844
f 823//823 844//844 824//824
f 824//824 844//844 845//845
f 824//824 845//845 825//825
f 825//825 845//845 846//846
f 825//825 846//846 826//826
f 826//826 846//846 847//847
f 826//826 847//847 827//827
f 827//827 847//847 848//848
f 827//827 848//848 828//828
f 828//828 848//848 849//849
f 828//828 849//849 829//829
f 829//829 849//849 850//850
f 829//829 850//850 830//830
f 830//830 850//850 851//851
f 830//830 851//851 831//831
f 831//831 851//851 852//852
f 831//831 852//852 832//832
f 832//832 852//852 853//853
f 832//832 853//853 833//833
f 833//833 853//853 854//854
f 833//833 854//854 834//834
f 834//834 854//854 855//855
f 834//834 855//855 835//835
f 835//835 855//855 856//856
f 835//835 856//856 836//836
f 836//836 856//856 857//857
f 836//836 857//857 837//837
f 837//837 857//857 858//858
f 837//837 858//858 838//838
f 838//838 858//858 859//859
f 838//838 859//859 839//839
f 839//839 859//859 860//860
f 839//839 860//860 840//840
f 840//840 860//860 841//841
f 840//840 841//841 821//821
f 841//841 861//861 862//862
f 841//841 862//862 842//842
f 842//842 862//862 863//863
f 842//842 863//863 843//843
f 843//843 863//863 864//864
f 843//843 864//864 844//844
f 844//844 864//864 865//865
f 844//844 865//865 845//845
f 845//845 865//865 866//866
f 845//845 866//866 846//846
f 846//846 866//866 867//867
f 846//846 867//867 847//847
f 847//847 867//867 868//868
f 847//847 868//868 848//848
f 848//848 868//868 869//869
f 848//848 869//869 849//849
f 849//849 869//869 870//870
f 849//849 870//870 850//850
f 850//850 870//870 871//871
f 850//850 871//871 851//851
f 851//851 871//871 872//872
f 851//851 872//872 852//852
f 852//852 872//872 873//873
f 852//852 873//873 853//853
f 853//853 873//873 874//874
f 853//853 874//874 854//854
f 854//854 874//874 875//875
f 854//854 875//875 855//855
f 855//855 875//875 876//876
f 855//855 876//876 856//856
f 856//856 876//876 877//877
f 856//856 877//877 857//857
f 857//857 877//877 878//878
f 857//857 878//878 858//858
f 858//858 878//878 879//879
f 858//858 879//879 859//859
f 859//859 879//879 880//880
f 859//859 880//880 860//860
f 860//860 880//880 861//861
f 860//860 861//861 841//841
f 861//861 881//881 882//882
f 861//861 882//882 862//862
f 862//862 882//882 883//883
f 862//862 883//883 863//863
f 863//863 883//883 884//884
f 863//863 884//884 864//864
f 864//864 884//884 885//885
f 864//864 885//885 865//865
f 865//865 885//885 886//886
f 865//865 886//886 866//866
f 866//866 886//886 887//887
f 866//866 887//887 867//867
f 867//867 887//887 888//888
f 867//867 888//888 868//868
f 868//868 888//888 889//889
f 868//868 889//889 869//869
f 869//869 889//889 890//890
f 869//869 890//890 870//870
f 870//870 890//890 891//891
f 870//870 891//891 871//871
f 871//871 891//891 892//892
f 871//871 892//892 872//872
f 872//872 892//892 893//893
f 872//872 893//893 873//873
f 873//873 893//893 894//894
f 873//873 894//894 874//874
f 874//874 894//894 895//895
f 874//874 895//895 875//875
f 875//875 895//895 896//896
f 875//875 896//896 876//876
f 876//876 896//896 897//897
f 876//876 897//897 877//877
f 877//877 897//897 898//898
f 877//877 898//898 878//878
f 878//878 898//898 899//899
f 878//878 899//899 879//879
f 879//879 899//899 900//900
f 879//879 900//900 880//880
f 880//880 900//900 881//881
f 880//880 881//881 861//861
f 881//881 901//901 902//902
f 881//881 902//902 882//882
f 882//882 902//902 903//903
f 882//882 903//903 883//883
f 883//883 903//903 904//904
f 883//883 904//904 884//884
f 884//884 904//904 905//905
f 884//884 905//905 885//885
f 885//885 905//905 906//906
f 885//885 906//906 886//886
f 886//886 906//906 907//907
f 886//886 907//907 887//887
f 887//887 907//907 908//908
f 887//887 908//908 888//888
f 888//888 908//908 909//909
f 888//888 909//909 889//889
f 889//889 909//909 910//910
f 889//889 910//910 890//890
f 890//890 910//910 911//911
f 890//890 911//911 891//891
f 891//891 911//911 912//912
f 891//891 912//912 892//892
f 892//892 912//912 913//913
f 892//892 913//913 893//893
f 893//893 913//913 914//914
f 893//893 914//914 894//894
f 894//894 914//914 915//915
f 894//894 915//915 895//895
f 895//895 915//915 916//916
f 895//895 916//916 896//896
f 896//896 916//916 917//917
f 896//896 917//917 897//897
f 897//897 917//917 918//918
f 897//897 918//918 898//898
f 898//898 918//918 919//919
f 898//898 919//919 899//899
f 899//899 919//919 920//920
f 899//899 920//920 900//900
f 900//900 920//920 901//901
f 900//900 901//901 881//881
f 901//901 921//921 922//922
f 901//901 922//922 902//902
f 902//902 922//922 923//923
f 902//902 923//923 903//903
f 903//903 923//923 924//924
f 903//903 924//924 904//904
f 904//904 924//924 925//925
f 904//904 925//925 905//905
f 905//905 925//925 926//926
f 905//905 926//926 906//906
f 906//906 926//926 927//927
f 906//906 927//927 907//907
f 907//907 927//927 928//928
f 907//907 928//928 908//908
f 908//908 928//928 929//929
f 908//908 929//929 909//909
f 909//909 929//929 930//930
f 909//909 930//930 910//910
f 910//910 930//930 931//931
f 910//910 931//931 911//911
f 911//911 931//931 932//932
f 911//911 932//932 912//912
f 912//912 932//932 933//933
f 912//912 933//933 913//913
f 913//913 933//933 934//934
f 913//913 934//934 914//914
f 914//914 934//934 935//935
f 914//914 935//935 915//915
f 915//915 935//935 936//936
f 915//915 936//936 916//916
f 916//916 936//936 937//937
f 916//916 937//937 917//917
f 917//917 937//937 938//938
f 917//917 938//938 918//918
f 918//918 938//938 939//939
f 918//918 939//939 919//919
f 919//919 939//939 940//940
f 919//919 940//940 920//920
f 920//920 940//940 921//921
f 920//920 921//921 901//901
f 921//921 941//941 942//942
f 921//921 942//942 922//922
f 922//922 942//942 943//943
f 922//922 943//943 923//923
f 923//923 943//943 944//944
f 923//923 944//944 924//924
f 924//924 944//944 945//945
f 924//924 945//945 925//925
f 925//925 945//945 946//946
f 925//925 946//946 926//926
f 926//926 946//946 947//947
f 926//926 947//947 927//927
f 927//927 947//947 948//948
f 927//927 948//948 928//928
f 928//928 948//948 949//949
f 928//928 949//949 929//929
f 929//929 949//949 950//950
f 929//929 950//950 930//930
f 930//930 950//950 951//951
f 930//930 951//951 931//931
f 931//931 951//951 952//952
f 931//931 952//952 932//932
f 932//932 952//952 953//953
f 932//932 953//953 933//933
f 933//933 953//953 954//954
f 933//933 954//954 934//934
f 934//934 954//954 955//955
f 934//934 955//955 935//935
f 935//935 955//955 956//956
f 935//935 956//956 936//936
f 936//936 956//956 957//957
f 936//936 957//957 937//937
f 937//937 957//957 958//958
f 937//937 958//958 938//938
f 938//938 958//958 959//959
f 938//938 959//959 939//939
f 939//939 959//959 960//960
f 939//939 960//960 940//940
f 940//940 960//960 941//941
f 940//940 941//941 921//921
f 941//941 961//961 962//962
f 941//941 962//962 942//942
f 942//942 962//962 963//963
f 942//942 963//963 943//943
f 943//943 963//963 964//964
f 943//943 964//964 944//944
f 944//944 964//964 965//965
f 944//944 965//965 945//945
f 945//945 965//965 966//966
f 945//945 966//966 946//946
f 946//946 966//966 967//967
f 946//946 967//967 947//947
f 947//947 967//967 968//968
f 947//947 968//968 948//948
f 948//948 968//968 969//969
f 948//948 969//969 949//949
f 949//949 969//969 970//970
f 949//949 970//970 950//950
f 950//950 970//970 971//971
f 950//950 971//971 951//951
f 951//951 971//971 972//972
f 951//951 972//972 952//952
f 952//952 972//972 973//973
f 952//952 973//973 953//953
f 953//953 973//973 974//974
f 953//953 974//974 954//954
f 954//954 974//974 975//975
f 954//954 975//975 955//955
f 955//955 975//975 976//976
f 955//955 976//976 956//956
f 956//956 976//976 977//977
f 956//956 977//977 957//957
f 957//957 977//977 978//978
f 957//957 978//978 958//958
f 958//958 978//978 979//979
f 958//958 979//979 959//959
f 959//959 979//979 980//980
f 959//959 980//980 960//960
f 960//960 980//980 961//961
f 960//960 961//961 941//941
f 961//961 981//981 982//982
f 961//961 982//982 962//962
f 962//962 982//982 983//983
f 962//962 983//983 963//963
f 963//963 983//983 984//984
f 963//963 984//984 964//964
f 964//964 984//984 985//985
f 964//964 985//985 965//965
f 965//965 985//985 986//986
f 965//965 986//986 966//966
f 966//966 986//986 987//987
f 966//966 987//987 967//967
f 967//967 987//987 988//988
f 967//967 988//988 968//968
f 968//968 988//988 989//989
f 968//968 989//989 969//969
f 969//969 989//989 990//990
f 969//969 990//990 970//970
f 970//970 990//990 991//991
f 970//970 991//991 971//971
f 971//971 991//991 992//992
f 971//971 992//992 972//972
f 972//972 992//992 993//993
f 972//972 993//993 973//973
f 973//973 993//993 994//994
f 973//973 994//994 974//974
f 974//974 994//994 995//995
f 974//974 995//995 975//975
f 975//975 995//995 996//996
f 975//975 996//996 976//976
f 976//976 996//996 997//997
f 976//976 997//997 977//977
f 977//977 997//997 998//998
f 977//977 998//998 978//978
f 978//978 998//998 999//999
f 978//978 999//999 979//979
f 979//979 999//999 1000//1000
f 979//979 1000//1000 980//980
f 980//980 1000//1000 981//981
f 980//980 981//981 961//961
f 981//981 1001//1001 1002//1002
f 981//981 1002//1002 982//982
f 982//982 1002//1002 1003//1003
f 982//982 1003//1003 983//983
f 983//983 1003//1003 1004//1004
f 983//983 1004//1004 984//984
f 984//984 1004//1004 1005//1005
f 984//984 1005//1005 985//985
f 985//985 1005//1005 1006//1006
f 985//985 1006//1006 986//986
f 986//986 1006//1006 1007//1007
f 986//986 1007//1007 987//987
f 987//987 1007//1007 1008//1008
f 987//987 1008//1008 988//988
f 988//988 1008//1008 1009//1009
f 988//988 1009//1009 989//989
f 989//989 1009//1009 1010//1010
f 989//989 1010//1010 990//990
f 990//990 1010//1010 1011//1011
f 990//990 1011//1011 991//991
f 991//991 1011//1011 1012//1012
f 991//991 1012//1012 992//992
f 992//992 1012//1012 1013//1013
f 992//992 1013//1013 993//993
f 993//993 1013//1013 1014//1014
f 993//993 1014//1014 994//994
f 994//994 1014//1014 1015//1015
f 994//994 1015//1015 995//995
f 995//995 1015//1015 1016//1016
f 995//995 1016//1016 996//996
f 996//996 1016//1016 1017//1017
f 996//996 1017//1017 997//997
f 997//997 1017//1017 1018//1018
f 997//997 1018//1018 998//998
f 998//998 1018//1018 1019//1019
f 998//998 1019//1019 999//999
f 999//999 1019//1019 1020//1020
f 999//999 1020//1020 1000//1000
f 1000//1000 1020//1020 1001//1001
f 1000//1000 1001//1001 981//981
f 1001//1001 1021//1021 1022//1022
f 1001//1001 1022//1022 1002//1002
f 1002//1002 1022//1022 1023//1023
f 1002//1002 1023//1023 1003//1003
f 1003//1003 1023//1023 1024//1024
f 1003//1003 1024//1024 1004//1004
f 1004//1004 1024//1024 1025//1025
f 1004//1004 1025//1025 1005//1005
f 1005//1005 1025//1025 1026//1026
f 1005//1005 1026//1026 1006//1006
f 1006//1006 1026//1026 1027//1027
f 1006//1006 1027//1027 1007//1007
f 1007//1007 1027//1027 1028//1028
f 1007//1007 1028//1028 1008//1008
f 1008//1008 1028//1028 1029//1029
f 1008//1008 1029//1029 1009//1009
f 1009//1009 1029//1029 1030//1030
f 1009//1009 1030//1030 1010//1010
f 1010//1010 1030//1030 1031//1031
f 1010//1010 1031//1031 1011//1011
f 1011//1011 1031//1031 1032//1032
f 1011//1011 1032//1032 1012//1012
f 1012//1012 1032//1032 1033//1033
f 1012//1012 1033//1033 1013//1013
f 1013//1013 1033//1033 1034//1034
f 1013//1013 1034//1034 1014//1014
f 1014//1014 1034//1034 1035//1035
f 1014//1014 1035//1035 1015//1015
f 1015//1015 1035//1035 1036//1036
f 1015//1015 1036//1036 1016//1016
f 1016//1016 1036//1036 1037//1037
f 1016//1016 1037//1037 1017//1017
f 1017//1017 1037//1037 1038//1038
f 1017//1017 1038//1038 1018//1018
f 1018//1018 1038//1038 1039//1039
f 1018//1018 1039//1039 1019//1019
f 1019//1019 1039//1039 1040//1040
f 1019//1019 1040//1040 1020//1020
f 1020//1020 1040//1040 1021//1021
f 1020//1020 1021//1021 1001//1001
f 1021//1021 1041//1041 1042//1042
f 1021//1021 1042//1042 1022//1022
f 1022//1022 1042//1042 1043//1043
f 1022//1022 1043//1043 1023//1023
f 1023//1023 1043//1043 1044//1044
f 1023//1023 1044//1044 1024//1024
f 1024//1024 1044//1044 1045//1045
f 1024//1024 1045//1045 1025//1025
f 1025//1025 1045//1045 1046//1046
f 1025//1025 1046//1046 1026//1026
f 1026//1026 1046//1046 1047//1047
f 1026//1026 1047//1047 1027//1027
f 1027//1027 1047//1047 1048//1048
f 1027//1027 1048//1048 1028//1028
f 1028//1028 1048//1048 1049//1049
f 1028//1028 1049//1049 1029//1029
f 1029//1029 1049//1049 1050//1050
f 1029//1029 1050//1050 1030//1030
f 1030//1030 1050//1050 1051//1051
f 1030//1030 1051//1051 1031//1031
f 1031//1031 1051//1051 1052//1052
f 1031//1031 1052//1052 1032//1032
f 1032//1032 1052//1052 1053//1053
f 1032//1032 1053//1053 1033//1033
f 1033//1033 1053//1053 1054//1054
f 1033//1033 1054//1054 1034//1034
f 1034//1034 1054//1054 1055//1055
f 1034//1034 1055//1055 1035//1035
f 1035//1035 1055//1055 1056//1056
f 1035//1035 1056//1056 1036//1036
f 1036//1036 1056//1056 1057//1057
f 1036//1036 1057//1057 1037//1037
f 1037//1037 1057//1057 1058//1058
f 1037//1037 1058//1058 1038//1038
f 1038//1038 1058//1058 1059//1059
f 1038//1038 1059//1059 1039//1039
f 1039//1039 1059//1059 1060//1060
f 1039//1039 1060//1060 1040//1040
f 1040//1040 1060//1060 1041//1041
f 1040//1040 1041//1041 1021//1021
f 1041//1041 1061//1061 1062//1062
f 1041//1041 1062//1062 1042//1042
f 1042//1042 1062//1062 1063//1063
f 1042//1042 1063//1063 1043//1043
f 1043//1043 1063//1063 1064//1064
f 1043//1043 1064//1064 1044//1044
f 1044//1044 1064//1064 1065//1065
f 1044//1044 1065//1065 1045//1045
f 1045//1045 1065//1065 1066//1066
f 1045//1045 1066//1066 1046//1046
f 1046//1046 1066//1066 1067//1067
f 1046//1046 1067//1067 1047//1047
f 1047//1047 1067//1067 1068//1068
f 1047//1047 1068//1068 1048//1048
f 1048//1048 1068//1068 1069//1069
f 1048//1048 1069//1069 1049//1049
f 1049//1049 1069//1069 1070//1070
f 1049//1049 1070//1070 1050//1050
f 1050//1050 1070//1070 1071//1071
f 1050//1050 1071//1071 1051//1051
f 1051//1051 1071//1071 1072//1072
f 1051//1051 1072//1072 1052//1052
f 1052//1052 1072//1072 1073//1073
f 1052//1052 1073//1073 1053//1053
f 1053//1053 1073//1073 1074//1074
f 1053//1053 1074//1074 1054//1054
f 1054//1054 1074//1074 1075//1075
f 1054//1054 1075//1075 1055//1055
f 1055//1055 1075//1075 1076//1076
f 1055//1055 1076//1076 1056//1056
f 1056//1056 1076//1076 1077//1077
f 1056//1056 1077//1077 1057//1057
f 1057//1057 1077//1077 1078//1078
f 1057//1057 1078//1078 1058//1058
f 1058//1058 1078//1078 1079//1079
f 1058//1058 1079//1079 1059//1059
f 1059//1059 1079//1079 1080//1080
f 1059//1059 1080//1080 1060//1060
f 1060//1060 1080//1080 1061//1061
f 1060//1060 1061//1061 1041//1041
f 1061//1061 1081//1081 1082//1082
f 1061//1061 1082//1082 1062//1062
f 1062//1062 1082//1082 1083//1083
f 1062//1062 1083//1083 1063//1063
f 1063//1063 1083//1083 1084//1084
f 1063//1063 1084//1084 1064//1064
f 1064//1064 1084//1084 1085//1085
f 1064//1064 1085//1085 1065//1065
f 1065//1065 1085//1085 1086//1086
f 1065//1065 1086//1086 1066//1066
f 1066//1066 1086//1086 1087//1087
f 1066//1066 1087//1087 1067//1067
f 1067//1067 1087//1087 1088//1088
f 1067//1067 1088//1088 1068//1068
f 1068//1068 1088//1088 1089//1089
f 1068//1068 1089//1089 1069//1069
f 1069//1069 1089//1089 1090//1090
f 1069//1069 1090//1090 1070//1070
f 1070//1070 1090//1090 1091//1091
f 1070//1070 1091//1091 1071//1071
f 1071//1071 1091//1091 1092//1092
f 1071//1071 1092//1092 1072//1072
f 1072//1072 1092//1092 1093//1093
f 1072//1072 1093//1093 1073//1073
f 1073//1073 1093//1093 1094//1094
f 1073//1073 1094//1094 1074//1074
f 1074//1074 1094//1094 1095//1095
f 1074//1074 1095//1095 1075//1075
f 1075//1075 1095//1095 1096//1096
f 1075//1075 1096//1096 1076//1076
f 1076//1076 1096//1096 1097//1097
f 1076//1076 1097//1097 1077//1077
f 1077//1077 1097//1097 1098//1098
f 1077//1077 1098//1098 1078//1078
f 1078//1078 1098//1098 1099//1099
f 1078//1078 1099//1099 1079//1079
f 1079//1079 1099//1099 1100//1100
f 1079//1079 1100//1100 1080//1080
f 1080//1080 1100//1100 1081//1081
f 1080//1080 1081//1081 1061//1061
f 1081//1081 1101//1101 1102//1102
f 1081//1081 1102//1102 1082//1082
f 1082//1082 1102//1102 1103//1103
f 1082//1082 1103//1103 1083//1083
f 1083//1083 1103//1103 1104//1104
f 1083//1083 1104//1104 1084//1084
f 1084//1084 1104//1104 1105//1105
f 1084//1084 1105//1105 1085//1085
f 1085//1085 1105//1105 1106//1106
f 1085//1085 1106//1106 1086//1086
f 1086//1086 1106//1106 1107//1107
f 1086//1086 1107//1107 1087//1087
f 1087//1087 1107//1107 1108//1108
f 1087//1087 1108//1108 1088//1088
f 1088//1088 1108//1108 1109//1109
f 1088//1088 1109//1109 1089//1089
f 1089//1089 1109//1109 1110//1110
f 1089//1089 1110//1110 1090//1090
f 1090//1090 1110//1110 1111//1111
f 1090//1090 1111//1111 1091//1091
f 1091//1091 1111//1111 1112//1112
f 1091//1091 1112//1112 1092//1092
f 1092//1092 1112//1112 1113//1113
f 1092//1092 1113//1113 1093//1093
f 1093//1093 1113//1113 1114//1114
f 1093//1093 1114//1114 1094//1094
f 1094//1094 1114//1114 1115//1115
f 1094//1094 1115//1115 1095//1095
f 1095//1095 1115//1115 1116//1116
f 1095//1095 1116//1116 1096//1096
f 1096//1096 1116//1116 1117//1117
f 1096//1096 1117//1117 1097//1097
f 1097//1097 1117//1117 1118//1118
f 1097//1097 1118//1118 1098//1098
f 1098//1098 1118//1118 1119//1119
f 1098//1098 1119//1119 1099//1099
f 1099//1099 1119//1119 1120//1120
f 1099//1099 1120//1120 1100//1100
f 1100//1100 1120//1120 1101//1101
f 1100//1100 1101//1101 1081//1081
f 1101//1101 1121//1121 1122//1122
f 1101//1101 1122//1122 1102//1102
f 1102//1102 1122//1122 1123//1123
f 1102//1102 1123//1123 1103//1103
f 1103//1103 1123//1123 1124//1124
f 1103//1103 1124//1124 1104//1104
f 1104//1104 1124//1124 1125//1125
f 1104//1104 1125//1125 1105//1105
f 1105//1105 1125//1125 1126//1126
f 1105//1105 1126//1126 1106//1106
f 1106//1106 1126//1126 1127//1127
f 1106//1106 1127//1127 1107//1107
f 1107//1107 1127//1127 1128//1128
f 1107//1107 1128//1128 1108//1108
f 1108//1108 1128//1128 1129//1129
f 1108//1108 1129//1129 1109//1109
f 1109//1109 1129//1129 1130//1130
f 1109//1109 1130//1130 1110//1110
f 1110//1110 1130//1130 1131//1131
f 1110//1110 1131//1131 1111//1111
f 1111//1111 1131//1131 1132//1132
f 1111//1111 1132//1132 1112//1112
f 1112//1112 1132//1132 1133//1133
f 1112//1112 1133//1133 1113//1113
f 1113//1113 1133//1133 1134//1134
f 1113//1113 1134//1134 1114//1114
f 1114//1114 1134//1134 1135//1135
f 1114//1114 1135//1135 1115//1115
f 1115//1115 1135//1135 1136//1136
f 1115//1115 1136//1136 1116//1116
f 1116//1116 1136//1136 1137//1137
f 1116//1116 1137//1137 1117//1117
f 1117//1117 1137//1137 1138//1138
f 1117//1117 1138//1138 1118//1118
f 1118//1118 1138//1138 1139//1139
f 1118//1118 1139//1139 1119//1119
f 1119//1119 1139//1139 1140//1140
f 1119//1119 1140//1140 1120//1120
f 1120//1120 1140//1140 1121//1121
f 1120//1120 1121//1121 1101//1101
f 1121//1121 1141//1141 1142//1142
f 1121//1121 1142//1142 1122//1122
f 1122//1122 1142//1142 1143//1143
f 1122//1122 1143//1143 1123//1123
f 1123//1123 1143//1143 1144//1144
f 1123//1123 1144//1144 1124//1124
f 1124//1124 1144//1144 1145//1145
f 1124//1124 1145//1145 1125//1125
f 1125//1125 1145//1145 1146//1146
f 1125//1125 1146//1146 1126//1126
f 1126//1126 1146//1146 1147//1147
f 1126//1126 1147//1147 1127//1127
f 1127//1127 1147//1147 1148//1148
f 1127//1127 1148//1148 1128//1128
f 1128//1128 1148//1148 1149//1149
f 1128//1128 1149//1149 1129//1129
f 1129//1129 1149//1149 1150//1150
f 1129//1129 1150//1150 1130//1130
f 1130//1130 1150//1150 1151//1151
f 1130//1130 1151//1151 1131//1131
f 1131//1131 1151//1151 1152//1152
f 1131//1131 1152//1152 1132//1132
f 1132//1132 1152//1152 1153//1153
f 1132//1132 1153//1153 1133//1133
f 1133//1133 1153//1153 1154//1154
f 1133//1133 1154//1154 1134//1134
f 1134//1134 1154//1154 1155//1155
f 1134//1134 1155//1155 1135//1135
f 1135//1135 1155//1155 1156//1156
f 1135//1135 1156//1156 1136//1136
f 1136//1136 1156//1156 1157//1157
f 1136//1136 1157//1157 1137//1137
f 1137//1137 1157//1157 1158//1158
f 1137//1137 1158//1158 1138//1138
f 1138//1138 1158//1158 1159//1159
f 1138//1138 1159//1159 1139//1139
f 1139//1139 1159//1159 1160//1160
f 1139//1139 1160//1160 1140//1140
f 1140//1140 1160//1160 1141//1141
f 1140//1140 1141//1141 1121//1121
f 1141//1141 1161//1161 1162//1162
f 1141//1141 1162//1162 1142//1142
f 1142//1142 1162//1162 1163//1163
f 1142//1142 1163//1163 1143//1143
f 1143//1143 1163//1163 1164//1164
f 1143//1143 1164//1164 1144//1144
f 1144//1144 1164//1164 1165//1165
f 1144//1144 1165//1165 1145//1145
f 1145//1145 1165//1165 1166//1166
f 1145//1145 1166//1166 1146//1146
f 1146//1146 1166//1166 1167//1167
f 1146//1146 1167//1167 1147//1147
f 1147//1147 1167//1167 1168//1168
f 1147//1147 1168//1168 1148//1148
f 1148//1148 1168//1168 1169//1169
f 1148//1148 1169//1169 1149//1149
f 1149//1149 1169//1169 1170//1170
f 1149//1149 1170//1170 1150//1150
f 1150//1150 1170//1170 1171//1171
f 1150//1150 1171//1171 1151//1151
f 1151//1151 1171//1171 1172//1172
f 1151//1151 1172//1172 1152//1152
f 1152//1152 1172//1172 1173//1173
f 1152//1152 1173//1173 1153//1153
f 1153//1153 1173//1173 1174//1174
f 1153//1153 1174//1174 1154//1154
f 1154//1154 1174//1174 1175//1175
f 1154//1154 1175//1175 1155//1155
f 1155//1155 1175//1175 1176//1176
f 1155//1155 1176//1176 1156//1156
f 1156//1156 1176//1176 1177//1177
f 1156//1156 1177//1177 1157//1157
f 1157//1157 1177//1177 1178//1178
f 1157//1157 1178//1178 1158//1158
f 1158//1158 1178//1178 1179//1179
f 1158//1158 1179//1179 1159//1159
f 1159//1159 1179//1179 1180//1180
f 1159//1159 1180//1180 1160//1160
f 1160//1160 1180//1180 1161//1161
f 1160//1160 1161//1161 1141//1141
f 1161//1161 1181//1181 1182//1182
f 1161//1161 1182//1182 1162//1162
f 1162//1162 1182//1182 1183//1183
f 1162//1162 1183//1183 1163//1163
f 1163//1163 1183//1183 1184//1184
f 1163//1163 1184//1184 1164//1164
f 1164//1164 1184//1184 1185//1185
f 1164//1164 1185//1185 1165//1165
f 1165//1165 1185//1185 1186//1186
f 1165//1165 1186//1186 1166//1166
f 1166//1166 1186//1186 1187//1187
f 1166//1166 1187//1187 1167//1167
f 1167//1167 1187//1187 1188//1188
f 1167//1167 1188//1188 1168//1168
f 1168//1168 1188//1188 1189//1189
f 1168//1168 1189//1189 1169//1169
f 1169//1169 1189//1189 1190//1190
f 1169//1169 1190//1190 1170//1170
f 1170//1170 1190//1190 1191//1191
f 1170//1170 1191//1191 1171//1171
f 1171//1171 1191//1191 1192//1192
f 1171//1171 1192//1192 1172//1172
f 1172//1172 1192//1192 1193//1193
f 1172//1172 1193//1193 1173//1173
f 1173//1173 1193//1193 1194//1194
f 1173//1173 1194//1194 1174//1174
f 1174//1174 1194//1194 1195//1195
f 1174//1174 1195//1195 1175//1175
f 1175//1175 1195//1195 1196//1196
f 1175//1175 1196//1196 1176//1176
f 1176//1176 1196//1196 1197//1197
f 1176//1176 1197//1197 1177//1177
f 1177//1177 1197//1197 1198//1198
f 1177//1177 1198//1198 1178//1178
f 1178//1178 1198//1198 1199//1199
f 1178//1178 1199//1199 1179//1179
f 1179//1179 1199//1199 1200//1200
f 1179//1179 1200//1200 1180//1180
f 1180//1180 1200//1200 1181//1181
f 1180//1180 1181//1181 1161//1161
f 1181//1181 1201//1201 1202//1202
f 1181//1181 1202//1202 1182//1182
f 1182//1182 1202//1202 1203//1203
f 1182//1182 1203//1203 1183//1183
f 1183//1183 1203//1203 1204//1204
f 1183//1183 1204//1204 1184//1184
f 1184//1184 1204//1204 1205//1205
f 1184//1184 1205//1205 1185//1185
f 1185//1185 1205//1205 1206//1206
f 1185//1185 1206//1206 1186//1186
f 1186//1186 1206//1206 1207//1207
f 1186//1186 1207//1207 1187//1187
f 1187//1187 1207//1207 1208//1208
f 1187//1187 1208//1208 1188//1188
f 1188//1188 1208//1208 1209//1209
f 1188//1188 1209//1209 1189//1189
f 1189//1189 1209//1209 1210//1210
f 1189//1189 1210//1210 1190//1190
f 1190//1190 1210//1210 1211//1211
f 1190//1190 1211//1211 1191//1191
f 1191//1191 1211//1211 1212//1212
f 1191//1191 1212//1212 1192//1192
f 1192//1192 1212//1212 1213//1213
f 1192//1192 1213//1213 1193//1193
f 1193//1193 1213//1213 1214//1214
f 1193//1193 1214//1214 1194//1194
f 1194//1194 1214//1214 1215//1215
f 1194//1194 1215//1215 1195//1195
f 1195//1195 1215//1215 1216//1216
f 1195//1195 1216//1216 1196//1196
f 1196//1196 1216//1216 1217//1217
f 1196//1196 1217//1217 1197//1197
f 1197//1197 1217//1217 1218//1218
f 1197//1197 1218//1218 1198//1198
f 1198//1198 1218//1218 1219//1219
f 1198//1198 1219//1219 1199//1199
f 1199//1199 1219//1219 1220//1220
f 1199//1199 1220//1220 1200//1200
f 1200//1200 1220//1220 1201//1201
f 1200//1200 1201//1201 1181//1181
f 1201//1201 1221//1221 1222//1222
f 1201//1201 1222//1222 1202//1202
f 1202//1202 1222//1222 1223//1223
f 1202//1202 1223//1223 1203//1203
f 1203//1203 1223//1223 1224//1224
f 1203//1203 1224//1224 1204//1204
f 1204//1204 1224//1224 1225//1225
f 1204//1204 1225//1225 1205//1205
f 1205//1205 1225//1225 1226//1226
f 1205//1205 1226//1226 1206//1206
f 1206//1206 1226//1226 1227//1227
f 1206//1206 1227//1227 1207//1207
f 1207//1207 1227//1227 1228//1228
f 1207//1207 1228//1228 1208//1208
f 1208//1208 1228//1228 1229//1229
f 1208//1208 1229//1229 1209//1209
f 1209//1209 1229//1229 1230//1230
f 1209//1209 1230//1230 1210//1210
f 1210//1210 1230//1230 1231//1231
f 1210//1210 1231//1231 1211//1211
f 1211//1211 1231//1231 1232//1232
f 1211//1211 1232//1232 1212//1212
f 1212//1212 1232//1232 1233//1233
f 1212//1212 1233//1233 1213//1213
f 1213//1213 1233//1233 1234//1234
f 1213//1213 1234//1234 1214//1214
f 1214//1214 1234//1234 1235//1235
f 1214//1214 1235//1235 1215//1215
f 1215//1215 1235//1235 1236//1236
f 1215//1215 1236//1236 1216//1216
f 1216//1216 1236//1236 1237//1237
f 1216//1216 1237//1237 1217//1217
f 1217//1217 1237//1237 1238//1238
f 1217//1217 1238//1238 1218//1218
f 1218//1218 1238//1238 1239//1239
f 1218//1218 1239//1239 1219//1219
f 1219//1219 1239//1239 1240//1240
f 1219//1219 1240//1240 1220//1220
f 1220//1220 1240//1240 1221//1221
f 1220//1220 1221//1221 1201//1201
f 1221//1221 1241//1241 1242//1242
f 1221//1221 1242//1242 1222//1222
f 1222//1222 1242//1242 1243//1243
f 1222//1222 1243//1243 1223//1223
f 1223//1223 1243//1243 1244//1244
f 1223//1223 1244//1244 1224//1224
f 1224//1224 1244//1244 1245//1245
f 1224//1224 1245//1245 1225//1225
f 1225//1225 1245//1245 1246//1246
f 1225//1225 1246//1246 1226//1226
f 1226//1226 1246//1246 1247//1247
f 1226//1226 1247//1247 1227//1227
f 1227//1227 1247//1247 1248//1248
f 1227//1227 1248//1248 1228//1228
f 1228//1228 1248//1248 1249//1249
f 1228//1228 1249//1249 1229//1229
f 1229//1229 1249//1249 1250//1250
f 1229//1229 1250//1250 1230//1230
f 1230//1230 1250//1250 1251//1251
f 1230//1230 1251//1251 1231//1231
f 1231//1231 1251//1251 1252//1252
f 1231//1231 1252//1252 1232//1232
f 1232//1232 1252//1252 1253//1253
f 1232//1232 1253//1253 1233//1233
f 1233//1233 1253//1253 1254//1254
f 1233//1233 1254//1254 1234//1234
f 1234//1234 1254//1254 1255//1255
f 1234//1234 1255//1255 1235//1235
f 1235//1235 1255//1255 1256//1256
f 1235//1235 1256//1256 1236//1236
f 1236//1236 1256//1256 1257//1257
f 1236//1236 1257//1257 1237//1237
f 1237//1237 1257//1257 1258//1258
f 1237//1237 1258//1258 1238//1238
f 1238//1238 1258//1258 1259//1259
f 1238//1238 1259//1259 1239//1239
f 1239//1239 1259//1259 1260//1260
f 1239//1239 1260//1260 1240//1240
f 1240//1240 1260//1260 1241//1241
f 1240//1240 1241//1241 1221//1221
f 1241//1241 1261//1261 1262//1262
f 1241//1241 1262//1262 1242//1242
f 1242//1242 1262//1262 1263//1263
f 1242//1242 1263//1263 1243//1243
f 1243//1243 1263//1263 1264//1264
f 1243//1243 1264//1264 1244//1244
f 1244//1244 1264//1264 1265//1265
f 1244//1244 1265//1265 1245//1245
f 1245//1245 1265//1265 1266//1266
f 1245//1245 1266//1266 1246//1246
f 1246//1246 1266//1266 1267//1267
f 1246//1246 1267//1267 1247//1247
f 1247//1247 1267//1267 1268//1268
f 1247//1247 1268//1268 1248//1248
f 1248//1248 1268//1268 1269//1269
f 1248//1248 1269//1269 1249//1249
f 1249//1249 1269//1269 1270//1270
f 1249//1249 1270//1270 1250//1250
f 1250//1250 1270//1270 1271//1271
f 1250//1250 1271//1271 1251//1251
f 1251//1251 1271//1271 1272//1272
f 1251//1251 1272//1272 1252//1252
f 1252//1252 1272//1272 1273//1273
f 1252//1252 1273//1273 1253//1253
f 1253//1253 1273//1273 1274//1274
f 1253//1253 1274//1274 1254//1254
f 1254//1254 1274//1274 1275//1275
f 1254//1254 1275//1275 1255//1255
f 1255//1255 1275//1275 1276//1276
f 1255//1255 1276//1276 1256//1256
f 1256//1256 1276//1276 1277//1277
f 1256//1256 1277//1277 1257//1257
f 1257//1257 1277//1277 1278//1278
f 1257//1257 1278//1278 1258//1258
f 1258//1258 1278//1278 1279//1279
f 1258//1258 1279//1279 1259//1259
f 1259//1259 1279//1279 1280//1280
f 1259//1259 1280//1280 1260//1260
f 1260//1260 1280//1280 1261//1261
f 1260//1260 1261//1261 1241//1241
f 1261//1261 1281//1281 1282//1282
f 1261//1261 1282//1282 1262//1262
f 1262//1262 1282//1282 1283//1283
f 1262//1262 1283//1283 1263//1263
f 1263//1263 1283//1283 1284//1284
f 1263//1263 1284//1284 1264//1264
f 1264//1264 1284//1284 1285//1285
f 1264//1264 1285//1285 1265//1265
f 1265//1265 1285//1285 1286//1286
f 1265//1265 1286//1286 1266//1266
f 1266//1266 1286//1286 1287//1287
f 1266//1266 1287//1287 1267//1267
f 1267//1267 1287//1287 1288//1288
f 1267//1267 1288//1288 1268//1268
f 1268//1268 1288//1288 1289//1289
f 1268//1268 1289//1289 1269//1269
f 1269//1269 1289//1289 1290//1290
f 1269//1269 1290//1290 1270//1270
f 1270//1270 1290//1290 1291//1291
f 1270//1270 1291//1291 1271//1271
f 1271//1271 1291//1291 1292//1292
f 1271//1271 1292//1292 1272//1272
f 1272//1272 1292//1292 1293//1293
f 1272//1272 1293//1293 1273//1273
f 1273//1273 1293//1293 1294//1294
f 1273//1273 1294//1294 1274//1274
f 1274//1274 1294//1294 1295//1295
f 1274//1274 1295//1295 1275//1275
f 1275//1275 1295//1295 1296//1296
f 1275//1275 1296//1296 1276//1276
f 1276//1276 1296//1296 1297//1297
f 1276//1276 1297//1297 1277//1277
f 1277//1277 1297//1297 1298//1298
f 1277//1277 1298//1298 1278//1278
f 1278//1278 1298//1298 1299//1299
f 1278//1278 1299//1299 1279//1279
f 1279//1279 1299//1299 1300//1300
f 1279//1279 1300//1300 1280//1280
f 1280//1280 1300//1300 1281//1281
f 1280//1280 1281//1281 1261//1261
f 1281//1281 1301//1301 1302//1302
f 1281//1281 1302//1302 1282//1282
f 1282//1282 1302//1302 1303//1303
f 1282//1282 1303//1303 1283//1283
f 1283//1283 1303//1303 1304//1304
f 1283//1283 1304//1304 1284//1284
f 1284//1284 1304//1304 1305//1305
f 1284//1284 1305//1305 1285//1285
f 1285//1285 1305//1305 1306//1306
f 1285//1285 1306//1306 1286//1286
f 1286//1286 1306//1306 1307//1307
f 1286//1286 1307//1307 1287//1287
f 1287//1287 1307//1307 1308//1308
f 1287//1287 1308//1308 1288//1288
f 1288//1288 1308//1308 1309//1309
f 1288//1288 1309//1309 1289//1289
f 1289//1289 1309//1309 1310//1310
f 1289//1289 1310//1310 1290//1290
f 1290//1290 1310//1310 1311//1311
f 1290//1290 1311//1311 1291//1291
f 1291//1291 1311//1311 1312//1312
f 1291//1291 1312//1312 1292//1292
f 1292//1292 1312//1312 1313//1313
f 1292//1292 1313//1313 1293//1293
f 1293//1293 1313//1313 1314//1314
f 1293//1293 1314//1314 1294//1294
f 1294//1294 1314//1314 1315//1315
f 1294//1294 1315//1315 1295//1295
f 1295//1295 1315//1315 1316//1316
f 1295//1295 1316//1316 1296//1296
f 1296//1296 1316//1316 1317//1317
f 1296//1296 1317//1317 1297//1297
f 1297//1297 1317//1317 1318//1318
f 1297//1297 1318//1318 1298//1298
f 1298//1298 1318//1318 1319//1319
f 1298//1298 1319//1319 1299//1299
f 1299//1299 1319//1319 1320//1320
f 1299//1299 1320//1320 1300//1300
f 1300//1300 1320//1320 1301//1301
f 1300//1300 1301//1301 1281//1281
f 1301//1301 1321//1321 1322//1322
f 1301//1301 1322//1322 1302//1302
f 1302//1302 1322//1322 1323//1323
f 1302//1302 1323//1323 1303//1303
f 1303//1303 1323//1323 1324//1324
f 1303//1303 1324//1324 1304//1304
f 1304//1304 1324//1324 1325//1325
f 1304//1304 1325//1325 1305//1305
f 1305//1305 1325//1325 1326//1326
f 1305//1305 1326//1326 1306//1306
f 1306//1306 1326//1326 1327//1327
f 1306//1306 1327//1327 1307//1307
f 1307//1307 1327//1327 1328//1328
f 1307//1307 1328//1328 1308//1308
f 1308//1308 1328//1328 1329//1329
f 1308//1308 1329//1329 1309//1309
f 1309//1309 1329//1329 1330//1330
f 1309//1309 1330//1330 1310//1310
f 1310//1310 1330//1330 1331//1331
f 1310//1310 1331//1331 1311//1311
f 1311//1311 1331//1331 1332//1332
f 1311//1311 1332//1332 1312//1312
f 1312//1312 1332//1332 1333//1333
f 1312//1312 1333//1333 1313//1313
f 1313//1313 1333//1333 1334//1334
f 1313//1313 1334//1334 1314//1314
f 1314//1314 1334//1334 1335//1335
f 1314//1314 1335//1335 1315//1315
f 1315//1315 1335//1335 1336//1336
f 1315//1315 1336//1336 1316//1316
f 1316//1316 1336//1336 1337//1337
f 1316//1316 1337//1337 1317//1317
f 1317//1317 1337//1337 1338//1338
f 1317//1317 1338//1338 1318//1318
f 1318//1318 1338//1338 1339//1339
f 1318//1318 1339//1339 1319//1319
f 1319//1319 1339//1339 1340//1340
f 1319//1319 1340//1340 1320//1320
f 1320//1320 1340//1340 1321//1321
f 1320//1320 1321//1321 1301//1301
f 1321//1321 1341//1341 1342//1342
f 1321//1321 1342//1342 1322//1322
f 1322//1322 1342//1342 1343//1343
f 1322//1322 1343//1343 1323//1323
f 1323//1323 1343//1343 1344//1344
f 1323//1323 1344//1344 1324//1324
f 1324//1324 1344//1344 1345//1345
f 1324//1324 1345//1345 1325//1325
f 1325//1325 1345//1345 1346//1346
f 1325//1325 1346//1346 1326//1326
f 1326//1326 1346//1346 1347//1347
f 1326//1326 1347//1347 1327//1327
f 1327//1327 1347//1347 1348//1348
f 1327//1327 1348//1348 1328//1328
f 1328//1328 1348//1348 1349//1349
f 1328//1328 1349//1349 1329//1329
f 1329//1329 1349//1349 1350//1350
f 1329//1329 1350//1350 1330//1330
f 1330//1330 1350//1350 1351//1351
f 1330//1330 1351//1351 1331//1331
f 1331//1331 1351//1351 1352//1352
f 1331//1331 1352//1352 1332//1332
f 1332//1332 1352//1352 1353//1353
f 1332//1332 1353//1353 1333//1333
f 1333//1333 1353//1353 1354//1354
f 1333//1333 1354//1354 1334//1334
f 1334//1334 1354//1354 1355//1355
f 1334//1334 1355//1355 1335//1335
f 1335//1335 1355//1355 1356//1356
f 1335//1335 1356//1356 1336//1336
f 1336//1336 1356//1356 1357//1357
f 1336//1336 1357//1357 1337//1337
f 1337//1337 1357//1357 1358//1358
f 1337//1337 1358//1358 1338//1338
f 1338//1338 1358//1358 1359//1359
f 1338//1338 1359//1359 1339//1339
f 1339//1339 1359//1359 1360//1360
f 1339//1339 1360//1360 1340//1340
f 1340//1340 1360//1360 1341//1341
f 1340//1340 1341//1341 1321//1321
f 1341//1341 1361//1361 1362//1362
f 1341//1341 1362//1362 1342//1342
f 1342//1342 1362//1362 1363//1363
f 1342//1342 1363//1363 1343//1343
f 1343//1343 1363//1363 1364//1364
f 1343//1343 1364//1364 1344//1344
f 1344//1344 1364//1364 1365//1365
f 1344//1344 1365//1365 1345//1345
f 1345//1345 1365//1365 1366//1366
f 1345//1345 1366//1366 1346//1346
f 1346//1346 1366//1366 1367//1367
f 1346//1346 1367//1367 1347//1347
f 1347//1347 1367//1367 1368//1368
f 1347//1347 1368//1368 1348//1348
f 1348//1348 1368//1368 1369//1369
f 1348//1348 1369//1369 1349//1349
f 1349//1349 1369//1369 1370//1370
f 1349//1349 1370//1370 1350//1350
f 1350//1350 1370//1370 1371//1371
f 1350//1350 1371//1371 1351//1351
f 1351//1351 1371//1371 1372//1372
f 1351//1351 1372//1372 1352//1352
f 1352//1352 1372//1372 1373//1373
f 1352//1352 1373//1373 1353//1353
f 1353//1353 1373//1373 1374//1374
f 1353//1353 1374//1374 1354//1354
f 1354//1354 1374//1374 1375//1375
f 1354//1354 1375//1375 1355//1355
f 1355//1355 1375//1375 1376//1376
f 1355//1355 1376//1376 1356//1356
f 1356//1356 1376//1376 1377//1377
f 1356//1356 1377//1377 1357//1357
f 1357//1357 1377//1377 1378//1378
f 1357//1357 1378//1378 1358//1358
f 1358//1358 1378//1378 1379//1379
f 1358//1358 1379//1379 1359//1359
f 1359//1359 1379//1379 1380//1380
f 1359//1359 1380//1380 1360//1360
f 1360//1360 1380//1380 1361//1361
f 1360//1360 1361//1361 1341//1341
f 1361//1361 1381//1381 1382//1382
f 1361//1361 1382//1382 1362//1362
f 1362//1362 1382//1382 1383//1383
f 1362//1362 1383//1383 1363//1363
f 1363//1363 1383//1383 1384//1384
f 1363//1363 1384//1384 1364//1364
f 1364//1364 1384//1384 1385//1385
f 1364//1364 1385//1385 1365//1365
f 1365//1365 1385//1385 1386//1386
f 1365//1365 1386//1386 1366//1366
f 1366//1366 1386//1386 1387//1387
f 1366//1366 1387//1387 1367//1367
f 1367//1367 1387//1387 1388//1388
f 1367//1367 1388//1388 1368//1368
f 1368//1368 1388//1388 1389//1389
f 1368//1368 1389//1389 1369//1369
f 1369//1369 1389//1389 1390//1390
f 1369//1369 1390//1390 1370//1370
f 1370//1370 1390//1390 1391//1391
f 1370//1370 1391//1391 1371//1371
f 1371//1371 1391//1391 1392//1392
f 1371//1371 1392//1392 1372//1372
f 1372//1372 1392//1392 1393//1393
f 1372//1372 1393//1393 1373//1373
f 1373//1373 1393//1393 1394//1394
f 1373//1373 1394//1394 1374//1374
f 1374//1374 1394//1394 1395//1395
f 1374//1374 1395//1395 1375//1375
f 1375//1375 1395//1395 1396//1396
f 1375//1375 1396//1396 1376//1376
f 1376//1376 1396//1396 1397//1397
f 1376//1376 1397//1397 1377//1377
f 1377//1377 1397//1397 1398//1398
f 1377//1377 1398//1398 1378//1378
f 1378//1378 1398//1398 1399//1399
f 1378//1378 1399//1399 1379//1379
f 1379//1379 1399//1399 1400//1400
f 1379//1379 1400//1400 1380//1380
f 1380//1380 1400//1400 1381//1381
f 1380//1380 1381//1381 1361//1361
f 1381//1381 1401//1401 1402//1402
f 1381//1381 1402//1402 1382//1382
f 1382//1382 1402//1402 1403//1403
f 1382//1382 1403//1403 1383//1383
f 1383//1383 1403//1403 1404//1404
f 1383//1383 1404//1404 1384//1384
f 1384//1384 1404//1404 1405//1405
f 1384//1384 1405//1405 1385//1385
f 1385//1385 1405//1405 1406//1406
f 1385//1385 1406//1406 1386//1386
f 1386//1386 1406//1406 1407//1407
f 1386//1386 1407//1407 1387//1387
f 1387//1387 1407//1407 1408//1408
f 1387//1387 1408//1408 1388//1388
f 1388//1388 1408//1408 1409//1409
f 1388//1388 1409//1409 1389//1389
f 1389//1389 1409//1409 1410//1410
f 1389//1389 1410//1410 1390//1390
f 1390//1390 1410//1410 1411//1411
f 1390//1390 1411//1411 1391//1391
f 1391//1391 1411//1411 1412//1412
f 1391//1391 1412//1412 1392//1392
f 1392//1392 1412//1412 1413//1413
f 1392//1392 1413//1413 1393//1393
f 1393//1393 1413//1413 1414//1414
f 1393//1393 1414//1414 1394//1394
f 1394//1394 1414//1414 1415//1415
f 1394//1394 1415//1415 1395//1395
f 1395//1395 1415//1415 1416//1416
f 1395//1395 1416//1416 1396//1396
f 1396//1396 1416//1416 1417//1417
f 1396//1396 1417//1417 1397//1397
f 1397//1397 1417//1417 1418//1418
f 1397//1397 1418//1418 1398//1398
f 1398//1398 1418//1418 1419//1419
f 1398//1398 1419//1419 1399//1399
f 1399//1399 1419//1419 1420//1420
f 1399//1399 1420//1420 1400//1400
f 1400//1400 1420//1420 1401//1401
f 1400//1400 1401//1401 1381//1381
f 1401//1401 1421//1421 1422//1422
f 1401//1401 1422//1422 1402//1402
f 1402//1402 1422//1422 1423//1423
f 1402//1402 1423//1423 1403//1403
f 1403//1403 1423//1423 1424//1424
f 1403//1403 1424//1424 1404//1404
f 1404//1404 1424//1424 1425//1425
f 1404//1404 1425//1425 1405//1405
f 1405//1405 1425//1425 1426//1426
f 1405//1405 1426//1426 1406//1406
f 1406//1406 1426//1426 1427//1427
f 1406//1406 1427//1427 1407//1407
f 1407//1407 1427//1427 1428//1428
f 1407//1407 1428//1428 1408//1408
f 1408//1408 1428//1428 1429//1429
f 1408//1408 1429//1429 1409//1409
f 1409//1409 1429//1429 1430//1430
f 1409//1409 1430//1430 1410//1410
f 1410//1410 1430//1430 1431//1431
f 1410//1410 1431//1431 1411//1411
f 1411//1411 1431//1431 1432//1432
f 1411//1411 1432//1432 1412//1412
f 1412//1412 1432//1432 1433//1433
f 1412//1412 1433//1433 1413//1413
f 1413//1413 1433//1433 1434//1434
f 1413//1413 1434//1434 1414//1414
f 1414//1414 1434//1434 1435//1435
f 1414//1414 1435//1435 1415//1415
f 1415//1415 1435//1435 1436//1436
f 1415//1415 1436//1436 1416//1416
f 1416//1416 1436//1436 1437//1437
f 1416//1416 1437//1437 1417//1417
f 1417//1417 1437//1437 1438//1438
f 1417//1417 1438//1438 1418//1418
f 1418//1418 1438//1438 1439//1439
f 1418//1418 1439//1439 1419//1419
f 1419//1419 1439//1439 1440//1440
f 1419//1419 1440//1440 1420//1420
f 1420//1420 1440//1440 1421//1421
f 1420//1420 1421//1421 1401//1401
f 1421//1421 1441//1441 1442//1442
f 1421//1421 1442//1442 1422//1422
f 1422//1422 1442//1442 1443//1443
f 1422//1422 1443//1443 1423//1423
f 1423//1423 1443//1443 1444//1444
f 1423//1423 1444//1444 1424//1424
f 1424//1424 1444//1444 1445//1445
f 1424//1424 1445//1445 1425//1425
f 1425//1425 1445//1445 1446//1446
f 1425//1425 1446//1446 1426//1426
f 1426//1426 1446//1446 1447//1447
f 1426//1426 1447//1447 1427//1427
f 1427//1427 1447//1447 1448//1448
f 1427//1427 1448//1448 1428//1428
f 1428//1428 1448//1448 1449//1449
f 1428//1428 1449//1449 1429//1429
f 1429//1429 1449//1449 1450//1450
f 1429//1429 1450//1450 1430//1430
f 1430//1430 1450//1450 1451//1451
f 1430//1430 1451//1451 1431//1431
f 1431//1431 1451//1451 1452//1452
f 1431//1431 1452//1452 1432//1432
f 1432//1432 1452//1452 1453//1453
f 1432//1432 1453//1453 1433//1433
f 1433//1433 1453//1453 1454//1454
f 1433//1433 1454//1454 1434//1434
f 1434//1434 1454//1454 1455//1455
f 1434//1434 1455//1455 1435//1435
f 1435//1435 1455//1455 1456//1456
f 1435//1435 1456//1456 1436//1436
f 1436//1436 1456//1456 1457//1457
f 1436//1436 1457//1457 1437//1437
f 1437//1437 1457//1457 1458//1458
f 1437//1437 1458//1458 1438//1438
f 1438//1438 1458//1458 1459//1459
f 1438//1438 1459//1459 1439//1439
f 1439//1439 1459//1459 1460//1460
f 1439//1439 1460//1460 1440//1440
f 1440//1440 1460//1460 1441//1441
f 1440//1440 1441//1441 1421//1421
f 1441//1441 1461//1461 1462//1462
f 1441//1441 1462//1462 1442//1442
f 1442//1442 1462//1462 1463//1463
f 1442//1442 1463//1463 1443//1443
f 1443//1443 1463//1463 1464//1464
f 1443//1443 1464//1464 1444//1444
f 1444//1444 1464//1464 1465//1465
f 1444//1444 1465//1465 1445//1445
f 1445//1445 1465//1465 1466//1466
f 1445//1445 1466//1466 1446//1446
f 1446//1446 1466//1466 1467//1467
f 1446//1446 1467//1467 1447//1447
f 1447//1447 1467//1467 1468//1468
f 1447//1447 1468//1468 1448//1448
f 1448//1448 1468//1468 1469//1469
f 1448//1448 1469//1469 1449//1449
f 1449//1449 1469//1469 1470//1470
f 1449//1449 1470//1470 1450//1450
f 1450//1450 1470//1470 1471//1471
f 1450//1450 1471//1471 1451//1451
f 1451//1451 1471//1471 1472//1472
f 1451//1451 1472//1472 1452//1452
f 1452//1452 1472//1472 1473//1473
f 1452//1452 1473//1473 1453//1453
f 1453//1453 1473//1473 1474//1474
f 1453//1453 1474//1474 1454//1454
f 1454//1454 1474//1474 1475//1475
f 1454//1454 1475//1475 1455//1455
f 1455//1455 1475//1475 1476//1476
f 1455//1455 1476//1476 1456//1456
f 1456//1456 1476//1476 1477//1477
f 1456//1456 1477//1477 1457//1457
f 1457//1457 1477//1477 1478//1478
f 1457//1457 1478//1478 1458//1458
f 1458//1458 1478//1478 1479//1479
f 1458//1458 1479//1479 1459//1459
f 1459//1459 1479//1479 1480//1480
f 1459//1459 1480//1480 1460//1460
f 1460//1460 1480//1480 1461//1461
f 1460//1460 1461//1461 1441//1441
f 1461//1461 1481//1481 1482//1482
f 1461//1461 1482//1482 1462//1462
f 1462//1462 1482//1482 1483//1483
f 1462//1462 1483//1483 1463//1463
f 1463//1463 1483//1483 1484//1484
f 1463//1463 1484//1484 1464//1464
f 1464//1464 1484//1484 1485//1485
f 1464//1464 1485//1485 1465//1465
f 1465//1465 1485//1485 1486//1486
f 1465//1465 1486//1486 1466//1466
f 1466//1466 1486//1486 1487//1487
f 1466//1466 1487//1487 1467//1467
f 1467//1467 1487//1487 1488//1488
f 1467//1467 1488//1488 1468//1468
f 1468//1468 1488//1488 1489//1489
f 1468//1468 1489//1489 1469//1469
f 1469//1469 1489//1489 1490//1490
f 1469//1469 1490//1490 1470//1470
f 1470//1470 1490//1490 1491//1491
f 1470//1470 1491//1491 1471//1471
f 1471//1471 1491//1491 1492//1492
f 1471//1471 1492//1492 1472//1472
f 1472//1472 1492//1492 1493//1493
f 1472//1472 1493//1493 1473//1473
f 1473//1473 1493//1493 1494//1494
f 1473//1473 1494//1494 1474//1474
f 1474//1474 1494//1494 1495//1495
f 1474//1474 1495//1495 1475//1475
f 1475//1475 1495//1495 1496//1496
f 1475//1475 1496//1496 1476//1476
f 1476//1476 1496//1496 1497//1497
f 1476//1476 1497//1497 1477//1477
f 1477//1477 1497//1497 1498//1498
f 1477//1477 1498//1498 1478//1478
f 1478//1478 1498//1498 1499//1499
f 1478//1478 1499//1499 1479//1479
f 1479//1479 1499//1499 1500//1500
f 1479//1479 1500//1500 1480//1480
f 1480//1480 1500//1500 1481//1481
f 1480//1480 1481//1481 1461//1461
f 1481//1481 1501//1501 1502//1502
f 1481//1481 1502//1502 1482//1482
f 1482//1482 1502//1502 1503//1503
f 1482//1482 1503//1503 1483//1483
f 1483//1483 1503//1503 1504//1504
f 1483//1483 1504//1504 1484//1484
f 1484//1484 1504//1504 1505//1505
f 1484//1484 1505//1505 1485//1485
f 1485//1485 1505//1505 1506//1506
f 1485//1485 1506//1506 1486//1486
f 1486//1486 1506//1506 1507//1507
f 1486//1486 1507//1507 1487//1487
f 1487//1487 1507//1507 1508//1508
f 1487//1487 1508//1508 1488//1488
f 1488//1488 1508//1508 1509//1509
f 1488//1488 1509//1509 1489//1489
f 1489//1489 1509//1509 1510//1510
f 1489//1489 1510//1510 1490//1490
f 1490//1490 1510//1510 1511//1511
f 1490//1490 1511//1511 1491//1491
f 1491//1491 1511//1511 1512//1512
f 1491//1491 1512//1512 1492//1492
f 1492//1492 1512//1512 1513//1513
f 1492//1492 1513//1513 1493//1493
f 1493//1493 1513//1513 1514//1514
f 1493//1493 1514//1514 1494//1494
f 1494//1494 1514//1514 1515//1515
f 1494//1494 1515//1515 1495//1495
f 1495//1495 1515//1515 1516//1516
f 1495//1495 1516//1516 1496//1496
f 1496//1496 1516//1516 1517//1517
f 1496//1496 1517//1517 1497//1497
f 1497//1497 1517//1517 1518//1518
f 1497//1497 1518//1518 1498//1498
f 1498//1498 1518//1518 1519//1519
f 1498//1498 1519//1519 1499//1499
f 1499//1499 1519//1519 1520//1520
f 1499//1499 1520//1520 1500//1500
f 1500//1500 1520//1520 1501//1501
f 1500//1500 1501//1501 1481//1481
f 1501//1501 1521//1521 1522//1522
f 1501//1501 1522//1522 1502//1502
f 1502//1502 1522//1522 1523//1523
f 1502//1502 1523//1523 1503//1503
f 1503//1503 1523//1523 1524//1524
f 1503//1503 1524//1524 1504//1504
f 1504//1504 1524//1524 1525//1525
f 1504//1504 1525//1525 1505//1505
f 1505//1505 1525//1525 1526//1526
f 1505//1505 1526//1526 1506//1506
f 1506//1506 1526//1526 1527//1527
f 1506//1506 1527//1527 1507//1507
f 1507//1507 1527//1527 1528//1528
f 1507//1507 1528//1528 1508//1508
f 1508//1508 1528//1528 1529//1529
f 1508//1508 1529//1529 1509//1509
f 1509//1509 1529//1529 1530//1530
f 1509//1509 1530//1530 1510//1510
f 1510//1510 1530//1530 1531//1531
f 1510//1510 1531//1531 1511//1511
f 1511//1511 1531//1531 1532//1532
f 1511//1511 1532//1532 1512//1512
f 1512//1512 1532//1532 1533//1533
f 1512//1512 1533//1533 1513//1513
f 1513//1513 1533//1533 1534//1534
f 1513//1513 1534//1534 1514//1514
f 1514//1514 1534//1534 1535//1535
f 1514//1514 1535//1535 1515//1515
f 1515//1515 1535//1535 1536//1536
f 1515//1515 1536//1536 1516//1516
f 1516//1516 1536//1536 1537//1537
f 1516//1516 1537//1537 1517//1517
f 1517//1517 1537//1537 1538//1538
f 1517//1517 1538//1538 1518//1518
f 1518//1518 1538//1538 1539//1539
f 1518//1518 1539//1539 1519//1519
f 1519//1519 1539//1539 1540//1540
f 1519//1519 1540//1540 1520//1520
f 1520//1520 1540//1540 1521//1521
f 1520//1520 1521//1521 1501//1501
f 1521//1521 1541//1541 1542//1542
f 1521//1521 1542//1542 1522//1522
f 1522//1522 1542//1542 1543//1543
f 1522//1522 1543//1543 1523//1523
f 1523//1523 1543//1543 1544//1544
f 1523//1523 1544//1544 1524//1524
f 1524//1524 1544//1544 1545//1545
f 1524//1524 1545//1545 1525//1525
f 1525//1525 1545//1545 1546//1546
f 1525//1525 1546//1546 1526//1526
f 1526//1526 1546//1546 1547//1547
f 1526//1526 1547//1547 1527//1527
f 1527//1527 1547//1547 1548//1548
f 1527//1527 1548//1548 1528//1528
f 1528//1528 1548//1548 1549//1549
f 1528//1528 1549//1549 1529//1529
f 1529//1529 1549//1549 1550//1550
f 1529//1529 1550//1550 1530//1530
f 1530//1530 1550//1550 1551//1551
f 1530//1530 1551//1551 1531//1531
f 1531//1531 1551//1551 1552//1552
f 1531//1531 1552//1552 1532//1532
f 1532//1532 1552//1552 1553//1553
f 1532//1532 1553//1553 1533//1533
f 1533//1533 1553//1553 1554//1554
f 1533//1533 1554//1554 1534//1534
f 1534//1534 1554//1554 1555//1555
f 1534//1534 1555//1555 1535//1535
f 1535//1535 1555//1555 1556//1556
f 1535//1535 1556//1556 1536//1536
f 1536//1536 1556//1556 1557//1557
f 1536//1536 1557//1557 1537//1537
f 1537//1537 1557//1557 1558//1558
f 1537//1537 1558//1558 1538//1538
f 1538//1538 1558//1558 1559//1559
f 1538//1538 1559//1559 1539//1539
f 1539//1539 1559//1559 1560//1560
f 1539//1539 1560//1560 1540//1540
f 1540//1540 1560//1560 1541//1541
f 1540//1540 1541//1541 1521//1521
f 1541//1541 1561//1561 1562//1562
f 1541//1541 1562//1562 1542//1542
f 1542//1542 1562//1562 1563//1563
f 1542//1542 1563//1563 1543//1543
f 1543//1543 1563//1563 1564//1564
f 1543//1543 1564//1564 1544//1544
f 1544//1544 1564//1564 1565//1565
f 1544//1544 1565//1565 1545//1545
f 1545//1545 1565//1565 1566//1566
f 1545//1545 1566//1566 1546//1546
f 1546//1546 1566//1566 1567//1567
f 1546//1546 1567//1567 1547//1547
f 1547//1547 1567//1567 1568//1568
f 1547//1547 1568//1568 1548//1548
f 1548//1548 1568//1568 1569//1569
f 1548//1548 1569//1569 1549//1549
f 1549//1549 1569//1569 1570//1570
f 1549//1549 1570//1570 1550//1550
f 1550//1550 1570//1570 1571//1571
f 1550//1550 1571//1571 1551//1551
f 1551//1551 1571//1571 1572//1572
f 1551//1551 1572//1572 1552//1552
f 1552//1552 1572//1572 1573//1573
f 1552//1552 1573//1573 1553//1553
f 1553//1553 1573//1573 1574//1574
f 1553//1553 1574//1574 1554//1554
f 1554//1554 1574//1574 1575//1575
f 1554//1554 1575//1575 1555//1555
f 1555//1555 1575//1575 1576//1576
f 1555//1555 1576//1576 1556//1556
f 1556//1556 1576//1576 1577//1577
f 1556//1556 1577//1577 1557//1557
f 1557//1557 1577//1577 1578//1578
f 1557//1557 1578//1578 1558//1558
f 1558//1558 1578//1578 1579//1579
f 1558//1558 1579//1579 1559//1559
f 1559//1559 1579//1579 1580//1580
f 1559//1559 1580//1580 1560//1560
f 1560//1560 1580//1580 1561//1561
f 1560//1560 1561//1561 1541//1541
f 1561//1561 1581//1581 1582//1582
f 1561//1561 1582//1582 1562//1562
f 1562//1562 1582//1582 1583//1583
f 1562//1562 1583//1583 1563//1563
f 1563//1563 1583//1583 1584//1584
f 1563//1563 1584//1584 1564//1564
f 1564//1564 1584//1584 1585//1585
f 1564//1564 1585//1585 1565//1565
f 1565//1565 1585//1585 1586//1586
f 1565//1565 1586//1586 1566//1566
f 1566//1566 1586//1586 1587//1587
f 1566//1566 1587//1587 1567//1567
f 1567//1567 1587//1587 1588//1588
f 1567//1567 1588//1588 1568//1568
f 1568//1568 1588//1588 1589//1589
f 1568//1568 1589//1589 1569//1569
f 1569//1569 1589//1589 1590//1590
f 1569//1569 1590//1590 1570//1570
f 1570//1570 1590//1590 1591//1591
f 1570//1570 1591//1591 1571//1571
f 1571//1571 1591//1591 1592//1592
f 1571//1571 1592//1592 1572//1572
f 1572//1572 1592//1592 1593//1593
f 1572//1572 1593//1593 1573//1573
f 1573//1573 1593//1593 1594//1594
f 1573//1573 1594//1594 1574//1574
f 1574//1574 1594//1594 1595//1595
f 1574//1574 1595//1595 1575//1575
f 1575//1575 1595//1595 1596//1596
f 1575//1575 1596//1596 1576//1576
f 1576//1576 1596//1596 1597//1597
f 1576//1576 1597//1597 1577//1577
f 1577//1577 1597//1597 1598//1598
f 1577//1577 1598//1598 1578//1578
f 1578//1578 1598//1598 1599//1599
f 1578//1578 1599//1599 1579//1579
f 1579//1579 1599//1599 1600//1600
f 1579//1579 1600//1600 1580//1580
f 1580//1580 1600//1600 1581//1581
f 1580//1580 1581//1581 1561//1561
f 1581//1581 1601//1601 1602//1602
f 1581//1581 1602//1602 1582//1582
f 1582//1582 1602//1602 1603//1603
f 1582//1582 1603//1603 1583//1583
f 1583//1583 1603//1603 1604//1604
f 1583//1583 1604//1604 1584//1584
f 1584//1584 1604//1604 1605//1605
f 1584//1584 1605//1605 1585//1585
f 1585//1585 1605//1605 1606//1606
f 1585//1585 1606//1606 1586//1586
f 1586//1586 1606//1606 1607//1607
f 1586//1586 1607//1607 1587//1587
f 1587//1587 1607//1607 1608//1608
f 1587//1587 1608//1608 1588//1588
f 1588//1588 1608//1608 1609//1609
f 1588//1588 1609//1609 1589//1589
f 1589//1589 1609//1609 1610//1610
f 1589//1589 1610//1610 1590//1590
f 1590//1590 1610//1610 1611//1611
f 1590//1590 1611//1611 1591//1591
f 1591//1591 1611//1611 1612//1612
f 1591//1591 1612//1612 1592//1592
f 1592//1592 1612//1612 1613//1613
f 1592//1592 1613//1613 1593//1593
f 1593//1593 1613//1613 1614//1614
f 1593//1593 1614//1614 1594//1594
f 1594//1594 1614//1614 1615//1615
f 1594//1594 1615//1615 1595//1595
f 1595//1595 1615//1615 1616//1616
f 1595//1595 1616//1616 1596//1596
f 1596//1596 1616//1616 1617//1617
f 1596//1596 1617//1617 1597//1597
f 1597//1597 1617//1617 1618//1618
f 1597//1597 1618//1618 1598//1598
f 1598//1598 1618//1618 1619//1619
f 1598//1598 1619//1619 1599//1599
f 1599//1599 1619//1619 1620//1620
f 1599//1599 1620//1620 1600//1600
f 1600//1600 1620//1620 1601//1601
f 1600//1600 1601//1601 1581//1581
f 1601//1601 1621//1621 1622//1622
f 1601//1601 1622//1622 1602//1602
f 1602//1602 1622//1622 1623//1623
f 1602//1602 1623//1623 1603//1603
f 1603//1603 1623//1623 1624//1624
f 1603//1603 1624//1624 1604//1604
f 1604//1604 1624//1624 1625//1625
f 1604//1604 1625//1625 1605//1605
f 1605//1605 1625//1625 1626//1626
f 1605//1605 1626//1626 1606//1606
f 1606//1606 1626//1626 1627//1627
f 1606//1606 1627//1627 1607//1607
f 1607//1607 1627//1627 1628//1628
f 1607//1607 1628//1628 1608//1608
f 1608//1608 1628//1628 1629//1629
f 1608//1608 1629//1629 1609//1609
f 1609//1609 1629//1629 1630//1630
f 1609//1609 1630//1630 1610//1610
f 1610//1610 1630//1630 1631//1631
f 1610//1610 1631//1631 1611//1611
f 1611//1611 1631//1631 1632//1632
f 1611//1611 1632//1632 1612//1612
f 1612//1612 1632//1632 1633//1633
f 1612//1612 1633//1633 1613//1613
f 1613//1613 1633//1633 1634//1634
f 1613//1613 1634//1634 1614//1614
f 1614//1614 1634//1634 1635//1635
f 1614//1614 1635//1635 1615//1615
f 1615//1615 1635//1635 1636//1636
f 1615//1615 1636//1636 1616//1616
f 1616//1616 1636//1636 1637//1637
f 1616//1616 1637//1637 1617//1617
f 1617//1617 1637//1637 1638//1638
f 1617//1617 1638//1638 1618//1618
f 1618//1618 1638//1638 1639//1639
f 1618//1618 1639//1639 1619//1619
f 1619//1619 1639//1639 1640//1640
f 1619//1619 1640//1640 1620//1620
f 1620//1620 1640//1640 1621//1621
f 1620//1620 1621//1621 1601//1601
f 1621//1621 1641//1641 1642//1642
f 1621//1621 1642//1642 1622//1622
f 1622//1622 1642//1642 1643//1643
f 1622//1622 1643//1643 1623//1623
f 1623//1623 1643//1643 1644//1644
f 1623//1623 1644//1644 1624//1624
f 1624//1624 1644//1644 1645//1645
f 1624//1624 1645//1645 1625//1625
f 1625//1625 1645//1645 1646//1646
f 1625//1625 1646//1646 1626//1626
f 1626//1626 1646//1646 1647//1647
f 1626//1626 1647//1647 1627//1627
f 1627//1627 1647//1647 1648//1648
f 1627//1627 1648//1648 1628//1628
f 1628//1628 1648//1648 1649//1649
f 1628//1628 1649//1649 1629//1629
f 1629//1629 1649//1649 1650//1650
f 1629//1629 1650//1650 1630//1630
f 1630//1630 1650//1650 1651//1651
f 1630//1630 1651//1651 1631//1631
f 1631//1631 1651//1651 1652//1652
f 1631//1631 1652//1652 1632//1632
f 1632//1632 1652//1652 1653//1653
f 1632//1632 1653//1653 1633//1633
f 1633//1633 1653//1653 1654//1654
f 1633//1633 1654//1654 1634//1634
f 1634//1634 1654//1654 1655//1655
f 1634//1634 1655//1655 1635//1635
f 1635//1635 1655//1655 1656//1656
f 1635//1635 1656//1656 1636//1636
f 1636//1636 1656//1656 1657//1657
f 1636//1636 1657//1657 1637//1637
f 1637//1637 1657//1657 1658//1658
f 1637//1637 1658//1658 1638//1638
f 1638//1638 1658//1658 1659//1659
f 1638//1638 1659//1659 1639//1639
f 1639//1639 1659//1659 1660//1660
f 1639//1639 1660//1660 1640//1640
f 1640//1640 1660//1660 1641//1641
f 1640//1640 1641//1641 1621//1621
f 1641//1641 1661//1661 1662//1662
f 1641//1641 1662//1662 1642//1642
f 1642//1642 1662//1662 1663//1663
f 1642//1642 1663//1663 1643//1643
f 1643//1643 1663//1663 1664//1664
f 1643//1643 1664//1664 1644//1644
f 1644//1644 1664//1664 1665//1665
f 1644//1644 1665//1665 1645//1645
f 1645//1645 1665//1665 1666//1666
f 1645//1645 1666//1666 1646//1646
f 1646//1646 1666//1666 1667//1667
f 1646//1646 1667//1667 1647//1647
f 1647//1647 1667//1667 1668//1668
f 1647//1647 1668//1668 1648//1648
f 1648//1648 1668//1668 1669//1669
f 1648//1648 1669//1669 1649//1649
f 1649//1649 1669//1669 1670//1670
f 1649//1649 1670//1670 1650//1650
f 1650//1650 1670//1670 1671//1671
f 1650//1650 1671//1671 1651//1651
f 1651//1651 1671//1671 1672//1672
f 1651//1651 1672//1672 1652//1652
f 1652//1652 1672//1672 1673//1673
f 1652//1652 1673//1673 1653//1653
f 1653//1653 1673//1673 1674//1674
f 1653//1653 1674//1674 1654//1654
f 1654//1654 1674//1674 1675//1675
f 1654//1654 1675//1675 1655//1655
f 1655//1655 1675//1675 1676//1676
f 1655//1655 1676//1676 1656//1656
f 1656//1656 1676//1676 1677//1677
f 1656//1656 1677//1677 1657//1657
f 1657//1657 1677//1677 1678//1678
f 1657//1657 1678//1678 1658//1658
f 1658//1658 1678//1678 1679//1679
f 1658//1658 1679//1679 1659//1659
f 1659//1659 1679//1679 1680//1680
f 1659//1659 1680//1680 1660//1660
f 1660//1660 1680//1680 1661//1661
f 1660//1660 1661//1661 1641//1641
f 1661//1661 1681//1681 1682//1682
f 1661//1661 1682//1682 1662//1662
f 1662//1662 1682//1682 1683//1683
f 1662//1662 1683//1683 1663//1663
f 1663//1663 1683//1683 1684//1684
f 1663//1663 1684//1684 1664//1664
f 1664//1664 1684//1684 1685//1685
f 1664//1664 1685//1685 1665//1665
f 1665//1665 1685//1685 1686//1686
f 1665//1665 1686//1686 1666//1666
f 1666//1666 1686//1686 1687//1687
f 1666//1666 1687//1687 1667//1667
f 1667//1667 1687//1687 1688//1688
f 1667//1667 1688//1688 1668//1668
f 1668//1668 1688//1688 1689//1689
f 1668//1668 1689//1689 1669//1669
f 1669//1669 1689//1689 1690//1690
f 1669//1669 1690//1690 1670//1670
f 1670//1670 1690//1690 1691//1691
f 1670//1670 1691//1691 1671//1671
f 1671//1671 1691//1691 1692//1692
f 1671//1671 1692//1692 1672//1672
f 1672//1672 1692//1692 1693//1693
f 1672//1672 1693//1693 1673//1673
f 1673//1673 1693//1693 1694//1694
f 1673//1673 1694//1694 1674//1674
f 1674//1674 1694//1694 1695//1695
f 1674//1674 1695//1695 1675//1675
f 1675//1675 1695//1695 1696//1696
f 1675//1675 1696//1696 1676//1676
f 1676//1676 1696//1696 1697//1697
f 1676//1676 1697//1697 1677//1677
f 1677//1677 1697//1697 1698//1698
f 1677//1677 1698//1698 1678//1678
f 1678//1678 1698//1698 1699//1699
f 1678//1678 1699//1699 1679//1679
f 1679//1679 1699//1699 1700//1700
f 1679//1679 1700//1700 1680//1680
f 1680//1680 1700//1700 1681//1681
f 1680//1680 1681//1681 1661//1661
f 1681//1681 1701//1701 1702//1702
f 1681//1681 1702//1702 1682//1682
f 1682//1682 1702//1702 1703//1703
f 1682//1682 1703//1703 1683//1683
f 1683//1683 1703//1703 1704//1704
f 1683//1683 1704//1704 1684//1684
f 1684//1684 1704//1704 1705//1705
f 1684//1684 1705//1705 1685//1685
f 1685//1685 1705//1705 1706//1706
f 1685//1685 1706//1706 1686//1686
f 1686//1686 1706//1706 1707//1707
f 1686//1686 1707//1707 1687//1687
f 1687//1687 1707//1707 1708//1708
f 1687//1687 1708//1708 1688//1688
f 1688//1688 1708//1708 1709//1709
f 1688//1688 1709//1709 1689//1689
f 1689//1689 1709//1709 1710//1710
f 1689//1689 1710//1710 1690//1690
f 1690//1690 1710//1710 1711//1711
f 1690//1690 1711//1711 1691//1691
f 1691//1691 1711//1711 1712//1712
f 1691//1691 1712//1712 1692//1692
f 1692//1692 1712//1712 1713//1713
f 1692//1692 1713//1713 1693//1693
f 1693//1693 1713//1713 1714//1714
f 1693//1693 1714//1714 1694//1694
f 1694//1694 1714//1714 1715//1715
f 1694//1694 1715//1715 1695//1695
f 1695//1695 1715//1715 1716//1716
f 1695//1695 1716//1716 1696//1696
f 1696//1696 1716//1716 1717//1717
f 1696//1696 1717//1717 1697//1697
f 1697//1697 1717//1717 1718//1718
f 1697//1697 1718//1718 1698//1698
f 1698//1698 1718//1718 1719//1719
f 1698//1698 1719//1719 1699//1699
f 1699//1699 1719//1719 1720//1720
f 1699//1699 1720//1720 1700//1700
f 1700//1700 1720//1720 1701//1701
f 1700//1700 1701//1701 1681//1681
f 1701//1701 1721//1721 1722//1722
f 1701//1701 1722//1722 1702//1702
f 1702//1702 1722//1722 1723//1723
f 1702//1702 1723//1723 1703//1703
f 1703//1703 1723//1723 1724//1724
f 1703//1703 1724//1724 1704//1704
f 1704//1704 1724//1724 1725//1725
f 1704//1704 1725//1725 1705//1705
f 1705//1705 1725//1725 1726//1726
f 1705//1705 1726//1726 1706//1706
f 1706//1706 1726//1726 1727//1727
f 1706//1706 1727//1727 1707//1707
f 1707//1707 1727//1727 1728//1728
f 1707//1707 1728//1728 1708//1708
f 1708//1708 1728//1728 1729//1729
f 1708//1708 1729//1729 1709//1709
f 1709//1709 1729//1729 1730//1730
f 1709//1709 1730//1730 1710//1710
f 1710//1710 1730//1730 1731//1731
f 1710//1710 1731//1731 1711//1711
f 1711//1711 1731//1731 1732//1732
f 1711//1711 1732//1732 1712//1712
f 1712//1712 1732//1732 1733//1733
f 1712//1712 1733//1733 1713//1713
f 1713//1713 1733//1733 1734//1734
f 1713//1713 1734//1734 1714//1714
f 1714//1714 1734//1734 1735//1735
f 1714//1714 1735//1735 1715//1715
f 1715//1715 1735//1735 1736//1736
f 1715//1715 1736//1736 1716//1716
f 1716//1716 1736//1736 1737//1737
f 1716//1716 1737//1737 1717//1717
f 1717//1717 1737//1737 1738//1738
f 1717//1717 1738//1738 1718//1718
f 1718//1718 1738//1738 1739//1739
f 1718//1718 1739//1739 1719//1719
f 1719//1719 1739//1739 1740//1740
f 1719//1719 1740//1740 1720//1720
f 1720//1720 1740//1740 1721//1721
f 1720//1720 1721//1721 1701//1701
f 1721//1721 1741//1741 1742//1742
f 1721//1721 1742//1742 1722//1722
f 1722//1722 1742//1742 1743//1743
f 1722//1722 1743//1743 1723//1723
f 1723//1723 1743//1743 1744//1744
f 1723//1723 1744//1744 1724//1724
f 1724//1724 1744//1744 1745//1745
f 1724//1724 1745//1745 1725//1725
f 1725//1725 1745//1745 1746//1746
f 1725//1725 1746//1746 1726//1726
f 1726//1726 1746//1746 1747//1747
f 1726//1726 1747//1747 1727//1727
f 1727//1727 1747//1747 1748//1748
f 1727//1727 1748//1748 1728//1728
f 1728//1728 1748//1748 1749//1749
f 1728//1728 1749//1749 1729//1729
f 1729//1729 1749//1749 1750//1750
f 1729//1729 1750//1750 1730//1730
f 1730//1730 1750//1750 1751//1751
f 1730//1730 1751//1751 1731//1731
f 1731//1731 1751//1751 1752//1752
f 1731//1731 1752//1752 1732//1732
f 1732//1732 1752//1752 1753//1753
f 1732//1732 1753//1753 1733//1733
f 1733//1733 1753//1753 1754//1754
f 1733//1733 1754//1754 1734//1734
f 1734//1734 1754//1754 1755//1755
f 1734//1734 1755//1755 1735//1735
f 1735//1735 1755//1755 1756//1756
f 1735//1735 1756//1756 1736//1736
f 1736//1736 1756//1756 1757//1757
f 1736//1736 1757//1757 1737//1737
f 1737//1737 1757//1757 1758//1758
f 1737//1737 1758//1758 1738//1738
f 1738//1738 1758//1758 1759//1759
f 1738//1738 1759//1759 1739//1739
f 1739//1739 1759//1759 1760//1760
f 1739//1739 1760//1760 1740//1740
f 1740//1740 1760//1760 1741//1741
f 1740//1740 1741//1741 1721//1721
f 1741//1741 1761//1761 1762//1762
f 1741//1741 1762//1762 1742//1742
f 1742//1742 1762//1762 1763//1763
f 1742//1742 1763//1763 1743//1743
f 1743//1743 1763//1763 1764//1764
f 1743//1743 1764//1764 1744//1744
f 1744//1744 1764//1764 1765//1765
f 1744//1744 1765//1765 1745//1745
f 1745//1745 1765//1765 1766//1766
f 1745//1745 1766//1766 1746//1746
f 1746//1746 1766//1766 1767//1767
f 1746//1746 1767//1767 1747//1747
f 1747//1747 1767//1767 1768//1768
f 1747//1747 1768//1768 1748//1748
f 1748//1748 1768//1768 1769//1769
f 1748//1748 1769//1769 1749//1749
f 1749//1749 1769//1769 1770//1770
f 1749//1749 1770//1770 1750//1750
f 1750//1750 1770//1770 1771//1771
f 1750//1750 1771//1771 1751//1751
f 1751//1751 1771//1771 1772//1772
f 1751//1751 1772//1772 1752//1752
f 1752//1752 1772//1772 1773//1773
f 1752//1752 1773//1773 1753//1753
f 1753//1753 1773//1773 1774//1774
f 1753//1753 1774//1774 1754//1754
f 1754//1754 1774//1774 1775//1775
f 1754//1754 1775//1775 1755//1755
f 1755//1755 1775//1775 1776//1776
f 1755//1755 1776//1776 1756//1756
f 1756//1756 1776//1776 1777//1777
f 1756//1756 1777//1777 1757//1757
f 1757//1757 1777//1777 1778//1778
f 1757//1757 1778//1778 1758//1758
f 1758//1758 1778//1778 1779//1779
f 1758//1758 1779//1779 1759//1759
f 1759//1759 1779//1779 1780//1780
f 1759//1759 1780//1780 1760//1760
f 1760//1760 1780//1780 1761//1761
f 1760//1760 1761//1761 1741//1741
f 1761//1761 1781//1781 1782//1782
f 1761//1761 1782//1782 1762//1762
f 1762//1762 1782//1782 1783//1783
f 1762//1762 1783//1783 1763//1763
f 1763//1763 1783//1783 1784//1784
f 1763//1763 1784//1784 1764//1764
f 1764//1764 1784//1784 1785//1785
f 1764//1764 1785//1785 1765//1765
f 1765//1765 1785//1785 1786//1786
f 1765//1765 1786//1786 1766//1766
f 1766//1766 1786//1786 1787//1787
f 1766//1766 1787//1787 1767//1767
f 1767//1767 1787//1787 1788//1788
f 1767//1767 1788//1788 1768//1768
f 1768//1768 1788//1788 1789//1789
f 1768//1768 1789//1789 1769//1769
f 1769//1769 1789//1789 1790//1790
f 1769//1769 1790//1790 1770//1770
f 1770//1770 1790//1790 1791//1791
f 1770//1770 1791//1791 1771//1771
f 1771//1771 1791//1791 1792//1792
f 1771//1771 1792//1792 1772//1772
f 1772//1772 1792//1792 1793//1793
f 1772//1772 1793//1793 1773//1773
f 1773//1773 1793//1793 1794//1794
f 1773//1773 1794//1794 1774//1774
f 1774//1774 1794//1794 1795//1795
f 1774//1774 1795//1795 1775//1775
f 1775//1775 1795//1795 1796//1796
f 1775//1775 1796//1796 1776//1776
f 1776//1776 1796//1796 1797//1797
f 1776//1776 1797//1797 1777//1777
f 1777//1777 1797//1797 1798//1798
f 1777//1777 1798//1798 1778//1778
f 1778//1778 1798//1798 1799//1799
f 1778//1778 1799//1799 1779//1779
f 1779//1779 1799//1799 1800//1800
f 1779//1779 1800//1800 1780//1780
f 1780//1780 1800//1800 1781//1781
f 1780//1780 1781//1781 1761//1761
f 1781//1781 1801//1801 1802//1802
f 1781//1781 1802//1802 1782//1782
f 1782//1782 1802//1802 1803//1803
f 1782//1782 1803//1803 1783//1783
f 1783//1783 1803//1803 1804//1804
f 1783//1783 1804//1804 1784//1784
f 1784//1784 1804//1804 1805//1805
f 1784//1784 1805//1805 1785//1785
f 1785//1785 1805//1805 1806//1806
f 1785//1785 1806//1806 1786//1786
f 1786//1786 1806//1806 1807//1807
f 1786//1786 1807//1807 1787//1787
f 1787//1787 1807//1807 1808//1808
f 1787//1787 1808//1808 1788//1788
f 1788//1788 1808//1808 1809//1809
f 1788//1788 1809//1809 1789//1789
f 1789//1789 1809//1809 1810//1810
f 1789//1789 1810//1810 1790//1790
f 1790//1790 1810//1810 1811//1811
f 1790//1790 1811//1811 1791//1791
f 1791//1791 1811//1811 1812//1812
f 1791//1791 1812//1812 1792//1792
f 1792//1792 1812//1812 1813//1813
f 1792//1792 1813//1813 1793//1793
f 1793//1793 1813//1813 1814//1814
f 1793//1793 1814//1814 1794//1794
f 1794//1794 1814//1814 1815//1815
f 1794//1794 1815//1815 1795//1795
f 1795//1795 1815//1815 1816//1816
f 1795//1795 1816//1816 1796//1796
f 1796//1796 1816//1816 1817//1817
f 1796//1796 1817//1817 1797//1797
f 1797//1797 1817//1817 1818//1818
f 1797//1797 1818//1818 1798//1798
f 1798//1798 1818//1818 1819//1819
f 1798//1798 1819//1819 1799//1799
f 1799//1799 1819//1819 1820//1820
f 1799//1799 1820//1820 1800//1800
f 1800//1800 1820//1820 1801//1801
f 1800//1800 1801//1801 1781//1781
f 1801//1801 1821//1821 1822//1822
f 1801//1801 1822//1822 1802//1802
f 1802//1802 1822//1822 1823//1823
f 1802//1802 1823//1823 1803//1803
f 1803//1803 1823//1823 1824//1824
f 1803//1803 1824//1824 1804//1804
f 1804//1804 1824//1824 1825//1825
f 1804//1804 1825//1825 1805//1805
f 1805//1805 1825//1825 1826//1826
f 1805//1805 1826//1826 1806//1806
f 1806//1806 1826//1826 1827//1827
f 1806//1806 1827//1827 1807//1807
f 1807//1807 1827//1827 1828//1828
f 1807//1807 1828//1828 1808//1808
f 1808//1808 1828//1828 1829//1829
f 1808//1808 1829//1829 1809//1809
f 1809//1809 1829//1829 1830//1830
f 1809//1809 1830//1830 1810//1810
f 1810//1810 1830//1830 1831//1831
f 1810//1810 1831//1831 1811//1811
f 1811//1811 1831//1831 1832//1832
f 1811//1811 1832//1832 1812//1812
f 1812//1812 1832//1832 1833//1833
f 1812//1812 1833//1833 1813//1813
f 1813//1813 1833//1833 1834//1834
f 1813//1813 1834//1834 1814//1814
f 1814//1814 1834//1834 1835//1835
f 1814//1814 1835//1835 1815//1815
f 1815//1815 1835//1835 1836//1836
f 1815//1815 1836//1836 1816//1816
f 1816//1816 1836//1836 1837//1837
f 1816//1816 1837//1837 1817//1817
f 1817//1817 1837//1837 1838//1838
f 1817//1817 1838//1838 1818//1818
f 1818//1818 1838//1838 1839//1839
f 1818//1818 1839//1839 1819//1819
f 1819//1819 1839//1839 1840//1840
f 1819//1819 1840//1840 1820//1820
f 1820//1820 1840//1840 1821//1821
f 1820//1820 1821//1821 1801//1801
f 1821//1821 1841//1841 1842//1842
f 1821//1821 1842//1842 1822//1822
f 1822//1822 1842//1842 1843//1843
f 1822//1822 1843//1843 1823//1823
f 1823//1823 1843//1843 1844//1844
f 1823//1823 1844//1844 1824//1824
f 1824//1824 1844//1844 1845//1845
f 1824//1824 1845//1845 1825//1825
f 1825//1825 1845//1845 1846//1846
f 1825//1825 1846//1846 1826//1826
f 1826//1826 1846//1846 1847//1847
f 1826//1826 1847//1847 1827//1827
f 1827//1827 1847//1847 1848//1848
f 1827//1827 1848//1848 1828//1828
f 1828//1828 1848//1848 1849//1849
f 1828//1828 1849//1849 1829//1829
f 1829//1829 1849//1849 1850//1850
f 1829//1829 1850//1850 1830//1830
f 1830//1830 1850//1850 1851//1851
f 1830//1830 1851//1851 1831//1831
f 1831//1831 1851//1851 1852//1852
f 1831//1831 1852//1852 1832//1832
f 1832//1832 1852//1852 1853//1853
f 1832//1832 1853//1853 1833//1833
f 1833//1833 1853//1853 1854//1854
f 1833//1833 1854//1854 1834//1834
f 1834//1834 1854//1854 1855//1855
f 1834//1834 1855//1855 1835//1835
f 1835//1835 1855//1855 1856//1856
f 1835//1835 1856//1856 1836//1836
f 1836//1836 1856//1856 1857//1857
f 1836//1836 1857//1857 1837//1837
f 1837//1837 1857//1857 1858//1858
f 1837//1837 1858//1858 1838//1838
f 1838//1838 1858//1858 1859//1859
f 1838//1838 1859//1859 1839//1839
f 1839//1839 1859//1859 1860//1860
f 1839//1839 1860//1860 1840//1840
f 1840//1840 1860//1860 1841//1841
f 1840//1840 1841//1841 1821//1821
f 1841//1841 1861//1861 1862//1862
f 1841//1841 1862//1862 1842//1842
f 1842//1842 1862//1862 1863//1863
f 1842//1842 1863//1863 1843//1843
f 1843//1843 1863//1863 1864//1864
f 1843//1843 1864//1864 1844//1844
f 1844//1844 1864//1864 1865//1865
f 1844//1844 1865//1865 1845//1845
f 1845//1845 1865//1865 1866//1866
f 1845//1845 1866//1866 1846//1846
f 1846//1846 1866//1866 1867//1867
f 1846//1846 1867//1867 1847//1847
f 1847//1847 1867//1867 1868//1868
f 1847//1847 1868//1868 1848//1848
f 1848//1848 1868//1868 1869//1869
f 1848//1848 1869//1869 1849//1849
f 1849//1849 1869//1869 1870//1870
f 1849//1849 1870//1870 1850//1850
f 1850//1850 1870//1870 1871//1871
f 1850//1850 1871//1871 1851//1851
f 1851//1851 1871//1871 1872//1872
f 1851//1851 1872//1872 1852//1852
f 1852//1852 1872//1872 1873//1873
f 1852//1852 1873//1873 1853//1853
f 1853//1853 1873//1873 1874//1874
f 1853//1853 1874//1874 1854//1854
f 1854//1854 1874//1874 1875//1875
f 1854//1854 1875//1875 1855//1855
f 1855//1855 1875//1875 1876//1876
f 1855//1855 1876//1876 1856//1856
f 1856//1856 1876//1876 1877//1877
f 1856//1856 1877//1877 1857//1857
f 1857//1857 1877//1877 1878//1878
f 1857//1857 1878//1878 1858//1858
f 1858//1858 1878//1878 1879//1879
f 1858//1858 1879//1879 1859//1859
f 1859//1859 1879//1879 1880//1880
f 1859//1859 1880//1880 1860//1860
f 1860//1860 1880//1880 1861//1861
f 1860//1860 1861//1861 1841//1841
f 1861//1861 1881//1881 1882//1882
f 1861//1861 1882//1882 1862//1862
f 1862//1862 1882//1882 1883//1883
f 1862//1862 1883//1883 1863//1863
f 1863//1863 1883//1883 1884//1884
f 1863//1863 1884//1884 1864//1864
f 1864//1864 1884//1884 1885//1885
f 1864//1864 1885//1885 1865//1865
f 1865//1865 1885//1885 1886//1886
f 1865//1865 1886//1886 1866//1866
f 1866//1866 1886//1886 1887//1887
f 1866//1866 1887//1887 1867//1867
f 1867//1867 1887//1887 1888//1888
f 1867//1867 1888//1888 1868//1868
f 1868//1868 1888//1888 1889//1889
f 1868//1868 1889//1889 1869//1869
f 1869//1869 1889//1889 1890//1890
f 1869//1869 1890//1890 1870//1870
f 1870//1870 1890//1890 1891//1891
f 1870//1870 1891//1891 1871//1871
f 1871//1871 1891//1891 1892//1892
f 1871//1871 1892//1892 1872//1872
f 1872//1872 1892//1892 1893//1893
f 1872//1872 1893//1893 1873//1873
f 1873//1873 1893//1893 1894//1894
f 1873//1873 1894//1894 1874//1874
f 1874//1874 1894//1894 1895//1895
f 1874//1874 1895//1895 1875//1875
f 1875//1875 1895//1895 1896//1896
f 1875//1875 1896//1896 1876//1876
f 1876//1876 1896//1896 1897//1897
f 1876//1876 1897//1897 1877//1877
f 1877//1877 1897//1897 1898//1898
f 1877//1877 1898//1898 1878//1878
f 1878//1878 1898//1898 1899//1899
f 1878//1878 1899//1899 1879//1879
f 1879//1879 1899//1899 1900//1900
f 1879//1879 1900//1900 1880//1880
f 1880//1880 1900//1900 1881//1881
f 1880//1880 1881//1881 1861//1861
f 1881//1881 1901//1901 1902//1902
f 1881//1881 1902//1902 1882//1882
f 1882//1882 1902//1902 1903//1903
f 1882//1882 1903//1903 1883//1883
f 1883//1883 1903//1903 1904//1904
f 1883//1883 1904//1904 1884//1884
f 1884//1884 1904//1904 1905//1905
f 1884//1884 1905//1905 1885//1885
f 1885//1885 1905//1905 1906//1906
f 1885//1885 1906//1906 1886//1886
f 1886//1886 1906//1906 1907//1907
f 1886//1886 1907//1907 1887//1887
f 1887//1887 1907//1907 1908//1908
f 1887//1887 1908//1908 1888//1888
f 1888//1888 1908//1908 1909//1909
f 1888//1888 1909//1909 1889//1889
f 1889//1889 1909//1909 1910//1910
f 1889//1889 1910//1910 1890//1890
f 1890//1890 1910//1910 1911//1911
f 1890//1890 1911//1911 1891//1891
f 1891//1891 1911//1911 1912//1912
f 1891//1891 1912//1912 1892//1892
f 1892//1892 1912//1912 1913//1913
f 1892//1892 1913//1913 1893//1893
f 1893//1893 1913//1913 1914//1914
f 1893//1893 1914//1914 1894//1894
f 1894//1894 1914//1914 1915//1915
f 1894//1894 1915//1915 1895//1895
f 1895//1895 1915//1915 1916//1916
f 1895//1895 1916//1916 1896//1896
f 1896//1896 1916//1916 1917//1917
f 1896//1896 1917//1917 1897//1897
f 1897//1897 1917//1917 1918//1918
f 1897//1897 1918//1918 1898//1898
f 1898//1898 1918//1918 1919//1919
f 1898//1898 1919//1919 1899//1899
f 1899//1899 1919//1919 1920//1920
f 1899//1899 1920//1920 1900//1900
f 1900//1900 1920//1920 1901//1901
f 1900//1900 1901//1901 1881//1881
f 1901//1901 1921//1921 1922//1922
f 1901//1901 1922//1922 1902//1902
f 1902//1902 1922//1922 1923//1923
f 1902//1902 1923//1923 1903//1903
f 1903//1903 1923//1923 1924//1924
f 1903//1903 1924//1924 1904//1904
f 1904//1904 1924//1924 1925//1925
f 1904//1904 1925//1925 1905//1905
f 1905//1905 1925//1925 1926//1926
f 1905//1905 1926//1926 1906//1906
f 1906//1906 1926//1926 1927//1927
f 1906//1906 1927//1927 1907//1907
f 1907//1907 1927//1927 1928//1928
f 1907//1907 1928//1928 1908//1908
f 1908//1908 1928//1928 1929//1929
f 1908//1908 1929//1929 1909//1909
f 1909//1909 1929//1929 1930//1930
f 1909//1909 1930//1930 1910//1910
f 1910//1910 1930//1930 1931//1931
f 1910//1910 1931//1931 1911//1911
f 1911//1911 1931//1931 1932//1932
f 1911//1911 1932//1932 1912//1912
f 1912//1912 1932//1932 1933//1933
f 1912//1912 1933//1933 1913//1913
f 1913//1913 1933//1933 1934//1934
f 1913//1913 1934//1934 1914//1914
f 1914//1914 1934//1934 1935//1935
f 1914//1914 1935//1935 1915//1915
f 1915//1915 1935//1935 1936//1936
f 1915//1915 1936//1936 1916//1916
f 1916//1916 1936//1936 1937//1937
f 1916//1916 1937//1937 1917//1917
f 1917//1917 1937//1937 1938//1938
f 1917//1917 1938//1938 1918//1918
f 1918//1918 1938//1938 1939//1939
f 1918//1918 1939//1939 1919//1919
f 1919//1919 1939//1939 1940//1940
f 1919//1919 1940//1940 1920//1920
f 1920//1920 1940//1940 1921//1921
f 1920//1920 1921//1921 1901//1901
f 1921//1921 1941//1941 1942//1942
f 1921//1921 1942//1942 1922//1922
f 1922//1922 1942//1942 1943//1943
f 1922//1922 1943//1943 1923//1923
f 1923//1923 1943//1943 1944//1944
f 1923//1923 1944//1944 1924//1924
f 1924//1924 1944//1944 1945//1945
f 1924//1924 1945//1945 1925//1925
f 1925//1925 1945//1945 1946//1946
f 1925//1925 1946//1946 1926//1926
f 1926//1926 1946//1946 1947//1947
f 1926//1926 1947//1947 1927//1927
f 1927//1927 1947//1947 1948//1948
f 1927//1927 1948//1948 1928//1928
f 1928//1928 1948//1948 1949//1949
f 1928//1928 1949//1949 1929//1929
f 1929//1929 1949//1949 1950//1950
f 1929//1929 1950//1950 1930//1930
f 1930//1930 1950//1950 1951//1951
f 1930//1930 1951//1951 1931//1931
f 1931//1931 1951//1951 1952//1952
f 1931//1931 1952//1952 1932//1932
f 1932//1932 1952//1952 1953//1953
f 1932//1932 1953//1953 1933//1933
f 1933//1933 1953//1953 1954//1954
f 1933//1933 1954//1954 1934//1934
f 1934//1934 1954//1954 1955//1955
f 1934//1934 1955//1955 1935//1935
f 1935//1935 1955//1955 1956//1956
f 1935//1935 1956//1956 1936//1936
f 1936//1936 1956//1956 1957//1957
f 1936//1936 1957//1957 1937//1937
f 1937//1937 1957//1957 1958//1958
f 1937//1937 1958//1958 1938//1938
f 1938//1938 1958//1958 1959//1959
f 1938//1938 1959//1959 1939//1939
f 1939//1939 1959//1959 1960//1960
f 1939//1939 1960//1960 1940//1940
f 1940//1940 1960//1960 1941//1941
f 1940//1940 1941//1941 1921//1921
f 1941//1941 1961//1961 1962//1962
f 1941//1941 1962//1962 1942//1942
f 1942//1942 1962//1962 1963//1963
f 1942//1942 1963//1963 1943//1943
f 1943//1943 1963//1963 1964//1964
f 1943//1943 1964//1964 1944//1944
f 1944//1944 1964//1964 1965//1965
f 1944//1944 1965//1965 1945//1945
f 1945//1945 1965//1965 1966//1966
f 1945//1945 1966//1966 1946//1946
f 1946//1946 1966//1966 1967//1967
f 1946//1946 1967//1967 1947//1947
f 1947//1947 1967//1967 1968//1968
f 1947//1947 1968//1968 1948//1948
f 1948//1948 1968//1968 1969//1969
f 1948//1948 1969//1969 1949//1949
f 1949//1949 1969//1969 1970//1970
f 1949//1949 1970//1970 1950//1950
f 1950//1950 1970//1970 1971//1971
f 1950//1950 1971//1971 1951//1951
f 1951//1951 1971//1971 1972//1972
f 1951//1951 1972//1972 1952//1952
f 1952//1952 1972//1972 1973//1973
f 1952//1952 1973//1973 1953//1953
f 1953//1953 1973//1973 1974//1974
f 1953//1953 1974//1974 1954//1954
f 1954//1954 1974//1974 1975//1975
f 1954//1954 1975//1975 1955//1955
f 1955//1955 1975//1975 1976//1976
f 1955//1955 1976//1976 1956//1956
f 1956//1956 1976//1976 1977//1977
f 1956//1956 1977//1977 1957//1957
f 1957//1957 1977//1977 1978//1978
f 1957//1957 1978//1978 1958//1958
f 1958//1958 1978//1978 1979//1979
f 1958//1958 1979//1979 1959//1959
f 1959//1959 1979//1979 1980//1980
f 1959//1959 1980//1980 1960//1960
f 1960//1960 1980//1980 1961//1961
f 1960//1960 1961//1961 1941//1941
f 1961//1961 1981//1981 1982//1982
f 1961//1961 1982//1982 1962//1962
f 1962//1962 1982//1982 1983//1983
f 1962//1962 1983//1983 1963//1963
f 1963//1963 1983//1983 1984//1984
f 1963//1963 1984//1984 1964//1964
f 1964//1964 1984//1984 1985//1985
f 1964//1964 1985//1985 1965//1965
f 1965//1965 1985//1985 1986//1986
f 1965//1965 1986//1986 1966//1966
f 1966//1966 1986//1986 1987//1987
f 1966//1966 1987//1987 1967//1967
f 1967//1967 1987//1987 1988//1988
f 1967//1967 1988//1988 1968//1968
f 1968//1968 1988//1988 1989//1989
f 1968//1968 1989//1989 1969//1969
f 1969//1969 1989//1989 1990//1990
f 1969//1969 1990//1990 1970//1970
f 1970//1970 1990//1990 1991//1991
f 1970//1970 1991//1991 1971//1971
f 1971//1971 1991//1991 1992//1992
f 1971//1971 1992//1992 1972//1972
f 1972//1972 1992//1992 1993//1993
f 1972//1972 1993//1993 1973//1973
f 1973//1973 1993//1993 1994//1994
f 1973//1973 1994//1994 1974//1974
f 1974//1974 1994//1994 1995//1995
f 1974//1974 1995//1995 1975//1975
f 1975//1975 1995//1995 1996//1996
f 1975//1975 1996//1996 1976//1976
f 1976//1976 1996//1996 1997//1997
f 1976//1976 1997//1997 1977//1977
f 1977//1977 1997//1997 1998//1998
f 1977//1977 1998//1998 1978//1978
f 1978//1978 1998//1998 1999//1999
f 1978//1978 1999//1999 1979//1979
f 1979//1979 1999//1999 2000//2000
f 1979//1979 2000//2000 1980//1980
f 1980//1980 2000//2000 1981//1981
f 1980//1980 1981//1981 1961//1961
f 1981//1981 2001//2001 2002//2002
f 1981//1981 2002//2002 1982//1982
f 1982//1982 2002//2002 2003//2003
f 1982//1982 2003//2003 1983//1983
f 1983//1983 2003//2003 2004//2004
f 1983//1983 2004//2004 1984//1984
f 1984//1984 2004//2004 2005//2005
f 1984//1984 2005//2005 1985//1985
f 1985//1985 2005//2005 2006//2006
f 1985//1985 2006//2006 1986//1986
f 1986//1986 2006//2006 2007//2007
f 1986//1986 2007//2007 1987//1987
f 1987//1987 2007//2007 2008//2008
f 1987//1987 2008//2008 1988//1988
f 1988//1988 2008//2008 2009//2009
f 1988//1988 2009//2009 1989//1989
f 1989//1989 2009//2009 2010//2010
f 1989//1989 2010//2010 1990//1990
f 1990//1990 2010//2010 2011//2011
f 1990//1990 2011//2011 1991//1991
f 1991//1991 2011//2011 2012//2012
f 1991//1991 2012//2012 1992//1992
f 1992//1992 2012//2012 2013//2013
f 1992//1992 2013//2013 1993//1993
f 1993//1993 2013//2013 2014//2014
f 1993//1993 2014//2014 1994//1994
f 1994//1994 2014//2014 2015//2015
f 1994//1994 2015//2015 1995//1995
f 1995//1995 2015//2015 2016//2016
f 1995//1995 2016//2016 1996//1996
f 1996//1996 2016//2016 2017//2017
f 1996//1996 2017//2017 1997//1997
f 1997//1997 2017//2017 2018//2018
f 1997//1997 2018//2018 1998//1998
f 1998//1998 2018//2018 2019//2019
f 1998//1998 2019//2019 1999//1999
f 1999//1999 2019//2019 2020//2020
f 1999//1999 2020//2020 2000//2000
f 2000//2000 2020//2020 2001//2001
f 2000//2000 2001//2001 1981//1981
f 2001//2001 2021//2021 2022//2022
f 2001//2001 2022//2022 2002//2002
f 2002//2002 2022//2022 2023//2023
f 2002//2002 2023//2023 2003//2003
f 2003//2003 2023//2023 2024//2024
f 2003//2003 2024//2024 2004//2004
f 2004//2004 2024//2024 2025//2025
f 2004//2004 2025//2025 2005//2005
f 2005//2005 2025//2025 2026//2026
f 2005//2005 2026//2026 2006//2006
f 2006//2006 2026//2026 2027//2027
f 2006//2006 2027//2027 2007//2007
f 2007//2007 2027//2027 2028//2028
f 2007//2007 2028//2028 2008//2008
f 2008//2008 2028//2028 2029//2029
f 2008//2008 2029//2029 2009//2009
f 2009//2009 2029//2029 2030//2030
f 2009//2009 2030//2030 2010//2010
f 2010//2010 2030//2030 2031//2031
f 2010//2010 2031//2031 2011//2011
f 2011//2011 2031//2031 2032//2032
f 2011//2011 2032//2032 2012//2012
f 2012//2012 2032//2032 2033//2033
f 2012//2012 2033//2033 2013//2013
f 2013//2013 2033//2033 2034//2034
f 2013//2013 2034//2034 2014//2014
f 2014//2014 2034//2034 2035//2035
f 2014//2014 2035//2035 2015//2015
f 2015//2015 2035//2035 2036//2036
f 2015//2015 2036//2036 2016//2016
f 2016//2016 2036//2036 2037//2037
f 2016//2016 2037//2037 2017//2017
f 2017//2017 2037//2037 2038//2038
f 2017//2017 2038//2038 2018//2018
f 2018//2018 2038//2038 2039//2039
f 2018//2018 2039//2039 2019//2019
f 2019//2019 2039//2039 2040//2040
f 2019//2019 2040//2040 2020//2020
f 2020//2020 2040//2040 2021//2021
f 2020//2020 2021//2021 2001//2001
f 2021//2021 2041//2041 2042//2042
f 2021//2021 2042//2042 2022//2022
f 2022//2022 2042//2042 2043//2043
f 2022//2022 2043//2043 2023//2023
f 2023//2023 2043//2043 2044//2044
f 2023//2023 2044//2044 2024//2024
f 2024//2024 2044//2044 2045//2045
f 2024//2024 2045//2045 2025//2025
f 2025//2025 2045//2045 2046//2046
f 2025//2025 2046//2046 2026//2026
f 2026//2026 2046//2046 2047//2047
f 2026//2026 2047//2047 2027//2027
f 2027//2027 2047//2047 2048//2048
f 2027//2027 2048//2048 2028//2028
f 2028//2028 2048//2048 2049//2049
f 2028//2028 2049//2049 2029//2029
f 2029//2029 2049//2049 2050//2050
f 2029//2029 2050//2050 2030//2030
f 2030//2030 2050//2050 2051//2051
f 2030//2030 2051//2051 2031//2031
f 2031//2031 2051//2051 2052//2052
f 2031//2031 2052//2052 2032//2032
f 2032//2032 2052//2052 2053//2053
f 2032//2032 2053//2053 2033//2033
f 2033//2033 2053//2053 2054//2054
f 2033//2033 2054//2054 2034//2034
f 2034//2034 2054//2054 2055//2055
f 2034//2034 2055//2055 2035//2035
f 2035//2035 2055//2055 2056//2056
f 2035//2035 2056//2056 2036//2036
f 2036//2036 2056//2056 2057//2057
f 2036//2036 2057//2057 2037//2037
f 2037//2037 2057//2057 2058//2058
f 2037//2037 2058//2058 2038//2038
f 2038//2038 2058//2058 2059//2059
f 2038//2038 2059//2059 2039//2039
f 2039//2039 2059//2059 2060//2060
f 2039//2039 2060//2060 2040//2040
f 2040//2040 2060//2060 2041//2041
f 2040//2040 2041//2041 2021//2021
f 2041//2041 2061//2061 2062//2062
f 2041//2041 2062//2062 2042//2042
f 2042//2042 2062//2062 2063//2063
f 2042//2042 2063//2063 2043//2043
f 2043//2043 2063//2063 2064//2064
f 2043//2043 2064//2064 2044//2044
f 2044//2044 2064//2064 2065//2065
f 2044//2044 2065//2065 2045//2045
f 2045//2045 2065//2065 2066//2066
f 2045//2045 2066//2066 2046//2046
f 2046//2046 2066//2066 2067//2067
f 2046//2046 2067//2067 2047//2047
f 2047//2047 2067//2067 2068//2068
f 2047//2047 2068//2068 2048//2048
f 2048//2048 2068//2068 2069//2069
f 2048//2048 2069//2069 2049//2049
f 2049//2049 2069//2069 2070//2070
f 2049//2049 2070//2070 2050//2050
f 2050//2050 2070//2070 2071//2071
f 2050//2050 2071//2071 2051//2051
f 2051//2051 2071//2071 2072//2072
f 2051//2051 2072//2072 2052//2052
f 2052//2052 2072//2072 2073//2073
f 2052//2052 2073//2073 2053//2053
f 2053//2053 2073//2073 2074//2074
f 2053//2053 2074//2074 2054//2054
f 2054//2054 2074//2074 2075//2075
f 2054//2054 2075//2075 2055//2055
f 2055//2055 2075//2075 2076//2076
f 2055//2055 2076//2076 2056//2056
f 2056//2056 2076//2076 2077//2077
f 2056//2056 2077//2077 2057//2057
f 2057//2057 2077//2077 2078//2078
f 2057//2057 2078//2078 2058//2058
f 2058//2058 2078//2078 2079//2079
f 2058//2058 2079//2079 2059//2059
f 2059//2059 2079//2079 2080//2080
f 2059//2059 2080//2080 2060//2060
f 2060//2060 2080//2080 2061//2061
f 2060//2060 2061//2061 2041//2041
f 2061//2061 2081//2081 2082//2082
f 2061//2061 2082//2082 2062//2062
f 2062//2062 2082//2082 2083//2083
f 2062//2062 2083//2083 2063//2063
f 2063//2063 2083//2083 2084//2084
f 2063//2063 2084//2084 2064//2064
f 2064//2064 2084//2084 2085//2085
f 2064//2064 2085//2085 2065//2065
f 2065//2065 2085//2085 2086//2086
f 2065//2065 2086//2086 2066//2066
f 2066//2066 2086//2086 2087//2087
f 2066//2066 2087//2087 2067//2067
f 2067//2067 2087//2087 2088//2088
f 2067//2067 2088//2088 2068//2068
f 2068//2068 2088//2088 2089//2089
f 2068//2068 2089//2089 2069//2069
f 2069//2069 2089//2089 2090//2090
f 2069//2069 2090//2090 2070//2070
f 2070//2070 2090//2090 2091//2091
f 2070//2070 2091//2091 2071//2071
f 2071//2071 2091//2091 2092//2092
f 2071//2071 2092//2092 2072//2072
f 2072//2072 2092//2092 2093//2093
f 2072//2072 2093//2093 2073//2073
f 2073//2073 2093//2093 2094//2094
f 2073//2073 2094//2094 2074//2074
f 2074//2074 2094//2094 2095//2095
f 2074//2074 2095//2095 2075//2075
f 2075//2075 2095//2095 2096//2096
f 2075//2075 2096//2096 2076//2076
f 2076//2076 2096//2096 2097//2097
f 2076//2076 2097//2097 2077//2077
f 2077//2077 2097//2097 2098//2098
f 2077//2077 2098//2098 2078//2078
f 2078//2078 2098//2098 2099//2099
f 2078//2078 2099//2099 2079//2079
f 2079//2079 2099//2099 2100//2100
f 2079//2079 2100//2100 2080//2080
f 2080//2080 2100//2100 2081//2081
f 2080//2080 2081//2081 2061//2061
f 2081//2081 2101//2101 2102//2102
f 2081//2081 2102//2102 2082//2082
f 2082//2082 2102//2102 2103//2103
f 2082//2082 2103//2103 2083//2083
f 2083//2083 2103//2103 2104//2104
f 2083//2083 2104//2104 2084//2084
f 2084//2084 2104//2104 2105//2105
f 2084//2084 2105//2105 2085//2085
f 2085//2085 2105//2105 2106//2106
f 2085//2085 2106//2106 2086//2086
f 2086//2086 2106//2106 2107//2107
f 2086//2086 2107//2107 2087//2087
f 2087//2087 2107//2107 2108//2108
f 2087//2087 2108//2108 2088//2088
f 2088//2088 2108//2108 2109//2109
f 2088//2088 2109//2109 2089//2089
f 2089//2089 2109//2109 2110//2110
f 2089//2089 2110//2110 2090//2090
f 2090//2090 2110//2110 2111//2111
f 2090//2090 2111//2111 2091//2091
f 2091//2091 2111//2111 2112//2112
f 2091//2091 2112//2112 2092//2092
f 2092//2092 2112//2112 2113//2113
f 2092//2092 2113//2113 2093//2093
f 2093//2093 2113//2113 2114//2114
f 2093//2093 2114//2114 2094//2094
f 2094//2094 2114//2114 2115//2115
f 2094//2094 2115//2115 2095//2095
f 2095//2095 2115//2115 2116//2116
f 2095//2095 2116//2116 2096//2096
f 2096//2096 2116//2116 2117//2117
f 2096//2096 2117//2117 2097//2097
f 2097//2097 2117//2117 2118//2118
f 2097//2097 2118//2118 2098//2098
f 2098//2098 2118//2118 2119//2119
f 2098//2098 2119//2119 2099//2099
f 2099//2099 2119//2119 2120//2120
f 2099//2099 2120//2120 2100//2100
f 2100//2100 2120//2120 2101//2101
f 2100//2100 2101//2101 2081//2081
f 2101//2101 2121//2121 2122//2122
f 2101//2101 2122//2122 2102//2102
f 2102//2102 2122//2122 2123//2123
f 2102//2102 2123//2123 2103//2103
f 2103//2103 2123//2123 2124//2124
f 2103//2103 2124//2124 2104//2104
f 2104//2104 2124//2124 2125//2125
f 2104//2104 2125//2125 2105//2105
f 2105//2105 2125//2125 2126//2126
f 2105//2105 2126//2126 2106//2106
f 2106//2106 2126//2126 2127//2127
f 2106//2106 2127//2127 2107//2107
f 2107//2107 2127//2127 2128//2128
f 2107//2107 2128//2128 2108//2108
f 2108//2108 2128//2128 2129//2129
f 2108//2108 2129//2129 2109//2109
f 2109//2109 2129//2129 2130//2130
f 2109//2109 2130//2130 2110//2110
f 2110//2110 2130//2130 2131//2131
f 2110//2110 2131//2131 2111//2111
f 2111//2111 2131//2131 2132//2132
f 2111//2111 2132//2132 2112//2112
f 2112//2112 2132//2132 2133//2133
f 2112//2112 2133//2133 2113//2113
f 2113//2113 2133//2133 2134//2134
f 2113//2113 2134//2134 2114//2114
f 2114//2114 2134//2134 2135//2135
f 2114//2114 2135//2135 2115//2115
f 2115//2115 2135//2135 2136//2136
f 2115//2115 2136//2136 2116//2116
f 2116//2116 2136//2136 2137//2137
f 2116//2116 2137//2137 2117//2117
f 2117//2117 2137//2137 2138//2138
f 2117//2117 2138//2138 2118//2118
f 2118//2118 2138//2138 2139//2139
f 2118//2118 2139//2139 2119//2119
f 2119//2119 2139//2139 2140//2140
f 2119//2119 2140//2140 2120//2120
f 2120//2120 2140//2140 2121//2121
f 2120//2120 2121//2121 2101//2101
f 2121//2121 2141//2141 2142//2142
f 2121//2121 2142//2142 2122//2122
f 2122//2122 2142//2142 2143//2143
f 2122//2122 2143//2143 2123//2123
f 2123//2123 2143//2143 2144//2144
f 2123//2123 2144//2144 2124//2124
f 2124//2124 2144//2144 2145//2145
f 2124//2124 2145//2145 2125//2125
f 2125//2125 2145//2145 2146//2146
f 2125//2125 2146//2146 2126//2126
f 2126//2126 2146//2146 2147//2147
f 2126//2126 2147//2147 2127//2127
f 2127//2127 2147//2147 2148//2148
f 2127//2127 2148//2148 2128//2128
f 2128//2128 2148//2148 2149//2149
f 2128//2128 2149//2149 2129//2129
f 2129//2129 2149//2149 2150//2150
f 2129//2129 2150//2150 2130//2130
f 2130//2130 2150//2150 2151//2151
f 2130//2130 2151//2151 2131//2131
f 2131//2131 2151//2151 2152//2152
f 2131//2131 2152//2152 2132//2132
f 2132//2132 2152//2152 2153//2153
f 2132//2132 2153//2153 2133//2133
f 2133//2133 2153//2153 2154//2154
f 2133//2133 2154//2154 2134//2134
f 2134//2134 2154//2154 2155//2155
f 2134//2134 2155//2155 2135//2135
f 2135//2135 2155//2155 2156//2156
f 2135//2135 2156//2156 2136//2136
f 2136//2136 2156//2156 2157//2157
f 2136//2136 2157//2157 2137//2137
f 2137//2137 2157//2157 2158//2158
f 2137//2137 2158//2158 2138//2138
f 2138//2138 2158//2158 2159//2159
f 2138//2138 2159//2159 2139//2139
f 2139//2139 2159//2159 2160//2160
f 2139//2139 2160//2160 2140//2140
f 2140//2140 2160//2160 2141//2141
f 2140//2140 2141//2141 2121//2121
f 2141//2141 2161//2161 2162//2162
f 2141//2141 2162//2162 2142//2142
f 2142//2142 2162//2162 2163//2163
f 2142//2142 2163//2163 2143//2143
f 2143//2143 2163//2163 2164//2164
f 2143//2143 2164//2164 2144//2144
f 2144//2144 2164//2164 2165//2165
f 2144//2144 2165//2165 2145//2145
f 2145//2145 2165//2165 2166//2166
f 2145//2145 2166//2166 2146//2146
f 2146//2146 2166//2166 2167//2167
f 2146//2146 2167//2167 2147//2147
f 2147//2147 2167//2167 2168//2168
f 2147//2147 2168//2168 2148//2148
f 2148//2148 2168//2168 2169//2169
f 2148//2148 2169//2169 2149//2149
f 2149//2149 2169//2169 2170//2170
f 2149//2149 2170//2170 2150//2150
f 2150//2150 2170//2170 2171//2171
f 2150//2150 2171//2171 2151//2151
f 2151//2151 2171//2171 2172//2172
f 2151//2151 2172//2172 2152//2152
f 2152//2152 2172//2172 2173//2173
f 2152//2152 2173//2173 2153//2153
f 2153//2153 2173//2173 2174//2174
f 2153//2153 2174//2174 2154//2154
f 2154//2154 2174//2174 2175//2175
f 2154//2154 2175//2175 2155//2155
f 2155//2155 2175//2175 2176//2176
f 2155//2155 2176//2176 2156//2156
f 2156//2156 2176//2176 2177//2177
f 2156//2156 2177//2177 2157//2157
f 2157//2157 2177//2177 2178//2178
f 2157//2157 2178//2178 2158//2158
f 2158//2158 2178//2178 2179//2179
f 2158//2158 2179//2179 2159//2159
f 2159//2159 2179//2179 2180//2180
f 2159//2159 2180//2180 2160//2160
f 2160//2160 2180//2180 2161//2161
f 2160//2160 2161//2161 2141//2141
f 2161//2161 2181//2181 2182//2182
f 2161//2161 2182//2182 2162//2162
f 2162//2162 2182//2182 2183//2183
f 2162//2162 2183//2183 2163//2163
f 2163//2163 2183//2183 2184//2184
f 2163//2163 2184//2184 2164//2164
f 2164//2164 2184//2184 2185//2185
f 2164//2164 2185//2185 2165//2165
f 2165//2165 2185//2185 2186//2186
f 2165//2165 2186//2186 2166//2166
f 2166//2166 2186//2186 2187//2187
f 2166//2166 2187//2187 2167//2167
f 2167//2167 2187//2187 2188//2188
f 2167//2167 2188//2188 2168//2168
f 2168//2168 2188//2188 2189//2189
f 2168//2168 2189//2189 2169//2169
f 2169//2169 2189//2189 2190//2190
f 2169//2169 2190//2190 2170//2170
f 2170//2170 2190//2190 2191//2191
f 2170//2170 2191//2191 2171//2171
f 2171//2171 2191//2191 2192//2192
f 2171//2171 2192//2192 2172//2172
f 2172//2172 2192//2192 2193//2193
f 2172//2172 2193//2193 2173//2173
f 2173//2173 2193//2193 2194//2194
f 2173//2173 2194//2194 2174//2174
f 2174//2174 2194//2194 2195//2195
f 2174//2174 2195//2195 2175//2175
f 2175//2175 2195//2195 2196//2196
f 2175//2175 2196//2196 2176//2176
f 2176//2176 2196//2196 2197//2197
f 2176//2176 2197//2197 2177//2177
f 2177//2177 2197//2197 2198//2198
f 2177//2177 2198//2198 2178//2178
f 2178//2178 2198//2198 2199//2199
f 2178//2178 2199//2199 2179//2179
f 2179//2179 2199//2199 2200//2200
f 2179//2179 2200//2200 2180//2180
f 2180//2180 2200//2200 2181//2181
f 2180//2180 2181//2181 2161//2161
f 2181//2181 2201//2201 2202//2202
f 2181//2181 2202//2202 2182//2182
f 2182//2182 2202//2202 2203//2203
f 2182//2182 2203//2203 2183//2183
f 2183//2183 2203//2203 2204//2204
f 2183//2183 2204//2204 2184//2184
f 2184//2184 2204//2204 2205//2205
f 2184//2184 2205//2205 2185//2185
f 2185//2185 2205//2205 2206//2206
f 2185//2185 2206//2206 2186//2186
f 2186//2186 2206//2206 2207//2207
f 2186//2186 2207//2207 2187//2187
f 2187//2187 2207//2207 2208//2208
f 2187//2187 2208//2208 2188//2188
f 2188//2188 2208//2208 2209//2209
f 2188//2188 2209//2209 2189//2189
f 2189//2189 2209//2209 2210//2210
f 2189//2189 2210//2210 2190//2190
f 2190//2190 2210//2210 2211//2211
f 2190//2190 2211//2211 2191//2191
f 2191//2191 2211//2211 2212//2212
f 2191//2191 2212//2212 2192//2192
f 2192//2192 2212//2212 2213//2213
f 2192//2192 2213//2213 2193//2193
f 2193//2193 2213//2213 2214//2214
f 2193//2193 2214//2214 2194//2194
f 2194//2194 2214//2214 2215//2215
f 2194//2194 2215//2215 2195//2195
f 2195//2195 2215//2215 2216//2216
f 2195//2195 2216//2216 2196//2196
f 2196//2196 2216//2216 2217//2217
f 2196//2196 2217//2217 2197//2197
f 2197//2197 2217//2217 2218//2218
f 2197//2197 2218//2218 2198//2198
f 2198//2198 2218//2218 2219//2219
f 2198//2198 2219//2219 2199//2199
f 2199//2199 2219//2219 2220//2220
f 2199//2199 2220//2220 2200//2200
f 2200//2200 2220//2220 2201//2201
f 2200//2200 2201//2201 2181//2181
f 2201//2201 2221//2221 2222//2222
f 2201//2201 2222//2222 2202//2202
f 2202//2202 2222//2222 2223//2223
f 2202//2202 2223//2223 2203//2203
f 2203//2203 2223//2223 2224//2224
f 2203//2203 2224//2224 2204//2204
f 2204//2204 2224//2224 2225//2225
f 2204//2204 2225//2225 2205//2205
f 2205//2205 2225//2225 2226//2226
f 2205//2205 2226//2226 2206//2206
f 2206//2206 2226//2226 2227//2227
f 2206//2206 2227//2227 2207//2207
f 2207//2207 2227//2227 2228//2228
f 2207//2207 2228//2228 2208//2208
f 2208//2208 2228//2228 2229//2229
f 2208//2208 2229//2229 2209//2209
f 2209//2209 2229//2229 2230//2230
f 2209//2209 2230//2230 2210//2210
f 2210//2210 2230//2230 2231//2231
f 2210//2210 2231//2231 2211//2211
f 2211//2211 2231//2231 2232//2232
f 2211//2211 2232//2232 2212//2212
f 2212//2212 2232//2232 2233//2233
f 2212//2212 2233//2233 2213//2213
f 2213//2213 2233//2233 2234//2234
f 2213//2213 2234//2234 2214//2214
f 2214//2214 2234//2234 2235//2235
f 2214//2214 2235//2235 2215//2215
f 2215//2215 2235//2235 2236//2236
f 2215//2215 2236//2236 2216//2216
f 2216//2216 2236//2236 2237//2237
f 2216//2216 2237//2237 2217//2217
f 2217//2217 2237//2237 2238//2238
f 2217//2217 2238//2238 2218//2218
f 2218//2218 2238//2238 2239//2239
f 2218//2218 2239//2239 2219//2219
f 2219//2219 2239//2239 2240//2240
f 2219//2219 2240//2240 2220//2220
f 2220//2220 2240//2240 2221//2221
f 2220//2220 2221//2221 2201//2201
f 2221//2221 2241//2241 2242//2242
f 2221//2221 2242//2242 2222//2222
f 2222//2222 2242//2242 2243//2243
f 2222//2222 2243//2243 2223//2223
f 2223//2223 2243//2243 2244//2244
f 2223//2223 2244//2244 2224//2224
f 2224//2224 2244//2244 2245//2245
f 2224//2224 2245//2245 2225//2225
f 2225//2225 2245//2245 2246//2246
f 2225//2225 2246//2246 2226//2226
f 2226//2226 2246//2246 2247//2247
f 2226//2226 2247//2247 2227//2227
f 2227//2227 2247//2247 2248//2248
f 2227//2227 2248//2248 2228//2228
f 2228//2228 2248//2248 2249//2249
f 2228//2228 2249//2249 2229//2229
f 2229//2229 2249//2249 2250//2250
f 2229//2229 2250//2250 2230//2230
f 2230//2230 2250//2250 2251//2251
f 2230//2230 2251//2251 2231//2231
f 2231//2231 2251//2251 2252//2252
f 2231//2231 2252//2252 2232//2232
f 2232//2232 2252//2252 2253//2253
f 2232//2232 2253//2253 2233//2233
f 2233//2233 2253//2253 2254//2254
f 2233//2233 2254//2254 2234//2234
f 2234//2234 2254//2254 2255//2255
f 2234//2234 2255//2255 2235//2235
f 2235//2235 2255//2255 2256//2256
f 2235//2235 2256//2256 2236//2236
f 2236//2236 2256//2256 2257//2257
f 2236//2236 2257//2257 2237//2237
f 2237//2237 2257//2257 2258//2258
f 2237//2237 2258//2258 2238//2238
f 2238//2238 2258//2258 2259//2259
f 2238//2238 2259//2259 2239//2239
f 2239//2239 2259//2259 2260//2260
f 2239//2239 2260//2260 2240//2240
f 2240//2240 2260//2260 2241//2241
f 2240//2240 2241//2241 2221//2221
f 2241//2241 2261//2261 2262//2262
f 2241//2241 2262//2262 2242//2242
f 2242//2242 2262//2262 2263//2263
f 2242//2242 2263//2263 2243//2243
f 2243//2243 2263//2263 2264//2264
f 2243//2243 2264//2264 2244//2244
f 2244//2244 2264//2264 2265//2265
f 2244//2244 2265//2265 2245//2245
f 2245//2245 2265//2265 2266//2266
f 2245//2245 2266//2266 2246//2246
f 2246//2246 2266//2266 2267//2267
f 2246//2246 2267//2267 2247//2247
f 2247//2247 2267//2267 2268//2268
f 2247//2247 2268//2268 2248//2248
f 2248//2248 2268//2268 2269//2269
f 2248//2248 2269//2269 2249//2249
f 2249//2249 2269//2269 2270//2270
f 2249//2249 2270//2270 2250//2250
f 2250//2250 2270//2270 2271//2271
f 2250//2250 2271//2271 2251//2251
f 2251//2251 2271//2271 2272//2272
f 2251//2251 2272//2272 2252//2252
f 2252//2252 2272//2272 2273//2273
f 2252//2252 2273//2273 2253//2253
f 2253//2253 2273//2273 2274//2274
f 2253//2253 2274//2274 2254//2254
f 2254//2254 2274//2274 2275//2275
f 2254//2254 2275//2275 2255//2255
f 2255//2255 2275//2275 2276//2276
f 2255//2255 2276//2276 2256//2256
f 2256//2256 2276//2276 2277//2277
f 2256//2256 2277//2277 2257//2257
f 2257//2257 2277//2277 2278//2278
f 2257//2257 2278//2278 2258//2258
f 2258//2258 2278//2278 2279//2279
f 2258//2258 2279//2279 2259//2259
f 2259//2259 2279//2279 2280//2280
f 2259//2259 2280//2280 2260//2260
f 2260//2260 2280//2280 2261//2261
f 2260//2260 2261//2261 2241//2241
f 2261//2261 2281//2281 2282//2282
f 2261//2261 2282//2282 2262//2262
f 2262//2262 2282//2282 2283//2283
f 2262//2262 2283//2283 2263//2263
f 2263//2263 2283//2283 2284//2284
f 2263//2263 2284//2284 2264//2264
f 2264//2264 2284//2284 2285//2285
f 2264//2264 2285//2285 2265//2265
f 2265//2265 2285//2285 2286//2286
f 2265//2265 2286//2286 2266//2266
f 2266//2266 2286//2286 2287//2287
f 2266//2266 2287//2287 2267//2267
f 2267//2267 2287//2287 2288//2288
f 2267//2267 2288//2288 2268//2268
f 2268//2268 2288//2288 2289//2289
f 2268//2268 2289//2289 2269//2269
f 2269//2269 2289//2289 2290//2290
f 2269//2269 2290//2290 2270//2270
f 2270//2270 2290//2290 2291//2291
f 2270//2270 2291//2291 2271//2271
f 2271//2271 2291//2291 2292//2292
f 2271//2271 2292//2292 2272//2272
f 2272//2272 2292//2292 2293//2293
f 2272//2272 2293//2293 2273//2273
f 2273//2273 2293//2293 2294//2294
f 2273//2273 2294//2294 2274//2274
f 2274//2274 2294//2294 2295//2295
f 2274//2274 2295//2295 2275//2275
f 2275//2275 2295//2295 2296//2296
f 2275//2275 2296//2296 2276//2276
f 2276//2276 2296//2296 2297//2297
f 2276//2276 2297//2297 2277//2277
f 2277//2277 2297//2297 2298//2298
f 2277//2277 2298//2298 2278//2278
f 2278//2278 2298//2298 2299//2299
f 2278//2278 2299//2299 2279//2279
f 2279//2279 2299//2299 2300//2300
f 2279//2279 2300//2300 2280//2280
f 2280//2280 2300//2300 2281//2281
f 2280//2280 2281//2281 2261//2261
f 2281//2281 2301//2301 2302//2302
f 2281//2281 2302//2302 2282//2282
f 2282//2282 2302//2302 2303//2303
f 2282//2282 2303//2303 2283//2283
f 2283//2283 2303//2303 2304//2304
f 2283//2283 2304//2304 2284//2284
f 2284//2284 2304//2304 2305//2305
f 2284//2284 2305//2305 2285//2285
f 2285//2285 2305//2305 2306//2306
f 2285//2285 2306//2306 2286//2286
f 2286//2286 2306//2306 2307//2307
f 2286//2286 2307//2307 2287//2287
f 2287//2287 2307//2307 2308//2308
f 2287//2287 2308//2308 2288//2288
f 2288//2288 2308//2308 2309//2309
f 2288//2288 2309//2309 2289//2289
f 2289//2289 2309//2309 2310//2310
f 2289//2289 2310//2310 2290//2290
f 2290//2290 2310//2310 2311//2311
f 2290//2290 2311//2311 2291//2291
f 2291//2291 2311//2311 2312//2312
f 2291//2291 2312//2312 2292//2292
f 2292//2292 2312//2312 2313//2313
f 2292//2292 2313//2313 2293//2293
f 2293//2293 2313//2313 2314//2314
f 2293//2293 2314//2314 2294//2294
f 2294//2294 2314//2314 2315//2315
f 2294//2294 2315//2315 2295//2295
f 2295//2295 2315//2315 2316//2316
f 2295//2295 2316//2316 2296//2296
f 2296//2296 2316//2316 2317//2317
f 2296//2296 2317//2317 2297//2297
f 2297//2297 2317//2317 2318//2318
f 2297//2297 2318//2318 2298//2298
f 2298//2298 2318//2318 2319//2319
f 2298//2298 2319//2319 2299//2299
f 2299//2299 2319//2319 2320//2320
f 2299//2299 2320//2320 2300//2300
f 2300//2300 2320//2320 2301//2301
f 2300//2300 2301//2301 2281//2281
f 2301//2301 2321//2321 2322//2322
f 2301//2301 2322//2322 2302//2302
f 2302//2302 2322//2322 2323//2323
f 2302//2302 2323//2323 2303//2303
f 2303//2303 2323//2323 2324//2324
f 2303//2303 2324//2324 2304//2304
f 2304//2304 2324//2324 2325//2325
f 2304//2304 2325//2325 2305//2305
f 2305//2305 2325//2325 2326//2326
f 2305//2305 2326//2326 2306//2306
f 2306//2306 2326//2326 2327//2327
f 2306//2306 2327//2327 2307//2307
f 2307//2307 2327//2327 2328//2328
f 2307//2307 2328//2328 2308//2308
f 2308//2308 2328//2328 2329//2329
f 2308//2308 2329//2329 2309//2309
f 2309//2309 2329//2329 2330//2330
f 2309//2309 2330//2330 2310//2310
f 2310//2310 2330//2330 2331//2331
f 2310//2310 2331//2331 2311//2311
f 2311//2311 2331//2331 2332//2332
f 2311//2311 2332//2332 2312//2312
f 2312//2312 2332//2332 2333//2333
f 2312//2312 2333//2333 2313//2313
f 2313//2313 2333//2333 2334//2334
f 2313//2313 2334//2334 2314//2314
f 2314//2314 2334//2334 2335//2335
f 2314//2314 2335//2335 2315//2315
f 2315//2315 2335//2335 2336//2336
f 2315//2315 2336//2336 2316//2316
f 2316//2316 2336//2336 2337//2337
f 2316//2316 2337//2337 2317//2317
f 2317//2317 2337//2337 2338//2338
f 2317//2317 2338//2338 2318//2318
f 2318//2318 2338//2338 2339//2339
f 2318//2318 2339//2339 2319//2319
f 2319//2319 2339//2339 2340//2340
f 2319//2319 2340//2340 2320//2320
f 2320//2320 2340//2340 2321//2321
f 2320//2320 2321//2321 2301//2301
f 2321//2321 2341//2341 2342//2342
f 2321//2321 2342//2342 2322//2322
f 2322//2322 2342//2342 2343//2343
f 2322//2322 2343//2343 2323//2323
f 2323//2323 2343//2343 2344//2344
f 2323//2323 2344//2344 2324//2324
f 2324//2324 2344//2344 2345//2345
f 2324//2324 2345//2345 2325//2325
f 2325//2325 2345//2345 2346//2346
f 2325//2325 2346//2346 2326//2326
f 2326//2326 2346//2346 2347//2347
f 2326//2326 2347//2347 2327//2327
f 2327//2327 2347//2347 2348//2348
f 2327//2327 2348//2348 2328//2328
f 2328//2328 2348//2348 2349//2349
f 2328//2328 2349//2349 2329//2329
f 2329//2329 2349//2349 2350//2350
f 2329//2329 2350//2350 2330//2330
f 2330//2330 2350//2350 2351//2351
f 2330//2330 2351//2351 2331//2331
f 2331//2331 2351//2351 2352//2352
f 2331//2331 2352//2352 2332//2332
f 2332//2332 2352//2352 2353//2353
f 2332//2332 2353//2353 2333//2333
f 2333//2333 2353//2353 2354//2354
f 2333//2333 2354//2354 2334//2334
f 2334//2334 2354//2354 2355//2355
f 2334//2334 2355//2355 2335//2335
f 2335//2335 2355//2355 2356//2356
f 2335//2335 2356//2356 2336//2336
f 2336//2336 2356//2356 2357//2357
f 2336//2336 2357//2357 2337//2337
f 2337//2337 2357//2357 2358//2358
f 2337//2337 2358//2358 2338//2338
f 2338//2338 2358//2358 2359//2359
f 2338//2338 2359//2359 2339//2339
f 2339//2339 2359//2359 2360//2360
f 2339//2339 2360//2360 2340//2340
f 2340//2340 2360//2360 2341//2341
f 2340//2340 2341//2341 2321//2321
f 2341//2341 2361//2361 2362//2362
f 2341//2341 2362//2362 2342//2342
f 2342//2342 2362//2362 2363//2363
f 2342//2342 2363//2363 2343//2343
f 2343//2343 2363//2363 2364//2364
f 2343//2343 2364//2364 2344//2344
f 2344//2344 2364//2364 2365//2365
f 2344//2344 2365//2365 2345//2345
f 2345//2345 2365//2365 2366//2366
f 2345//2345 2366//2366 2346//2346
f 2346//2346 2366//2366 2367//2367
f 2346//2346 2367//2367 2347//2347
f 2347//2347 2367//2367 2368//2368
f 2347//2347 2368//2368 2348//2348
f 2348//2348 2368//2368 2369//2369
f 2348//2348 2369//2369 2349//2349
f 2349//2349 2369//2369 2370//2370
f 2349//2349 2370//2370 2350//2350
f 2350//2350 2370//2370 2371//2371
f 2350//2350 2371//2371 2351//2351
f 2351//2351 2371//2371 2372//2372
f 2351//2351 2372//2372 2352//2352
f 2352//2352 2372//2372 2373//2373
f 2352//2352 2373//2373 2353//2353
f 2353//2353 2373//2373 2374//2374
f 2353//2353 2374//2374 2354//2354
f 2354//2354 2374//2374 2375//2375
f 2354//2354 2375//2375 2355//2355
f 2355//2355 2375//2375 2376//2376
f 2355//2355 2376//2376 2356//2356
f 2356//2356 2376//2376 2377//2377
f 2356//2356 2377//2377 2357//2357
f 2357//2357 2377//2377 2378//2378
f 2357//2357 2378//2378 2358//2358
f 2358//2358 2378//2378 2379//2379
f 2358//2358 2379//2379 2359//2359
f 2359//2359 2379//2379 2380//2380
f 2359//2359 2380//2380 2360//2360
f 2360//2360 2380//2380 2361//2361
f 2360//2360 2361//2361 2341//2341
f 2361//2361 2381//2381 2382//2382
f 2361//2361 2382//2382 2362//2362
f 2362//2362 2382//2382 2383//2383
f 2362//2362 2383//2383 2363//2363
f 2363//2363 2383//2383 2384//2384
f 2363//2363 2384//2384 2364//2364
f 2364//2364 2384//2384 2385//2385
f 2364//2364 2385//2385 2365//2365
f 2365//2365 2385//2385 2386//2386
f 2365//2365 2386//2386 2366//2366
f 2366//2366 2386//2386 2387//2387
f 2366//2366 2387//2387 2367//2367
f 2367//2367 2387//2387 2388//2388
f 2367//2367 2388//2388 2368//2368
f 2368//2368 2388//2388 2389//2389
f 2368//2368 2389//2389 2369//2369
f 2369//2369 2389//2389 2390//2390
f 2369//2369 2390//2390 2370//2370
f 2370//2370 2390//2390 2391//2391
f 2370//2370 2391//2391 2371//2371
f 2371//2371 2391//2391 2392//2392
f 2371//2371 2392//2392 2372//2372
f 2372//2372 2392//2392 2393//2393
f 2372//2372 2393//2393 2373//2373
f 2373//2373 2393//2393 2394//2394
f 2373//2373 2394//2394 2374//2374
f 2374//2374 2394//2394 2395//2395
f 2374//2374 2395//2395 2375//2375
f 2375//2375 2395//2395 2396//2396
f 2375//2375 2396//2396 2376//2376
f 2376//2376 2396//2396 2397//2397
f 2376//2376 2397//2397 2377//2377
f 2377//2377 2397//2397 2398//2398
f 2377//2377 2398//2398 2378//2378
f 2378//2378 2398//2398 2399//2399
f 2378//2378 2399//2399 2379//2379
f 2379//2379 2399//2399 2400//2400
f 2379//2379 2400//2400 2380//2380
f 2380//2380 2400//2400 2381//2381
f 2380//2380 2381//2381 2361//2361
f 2381//2381 2401//2401 2402//2402
f 2381//2381 2402//2402 2382//2382
f 2382//2382 2402//2402 2403//2403
f 2382//2382 2403//2403 2383//2383
f 2383//2383 2403//2403 2404//2404
f 2383//2383 2404//2404 2384//2384
f 2384//2384 2404//2404 2405//2405
f 2384//2384 2405//2405 2385//2385
f 2385//2385 2405//2405 2406//2406
f 2385//2385 2406//2406 2386//2386
f 2386//2386 2406//2406 2407//2407
f 2386//2386 2407//2407 2387//2387
f 2387//2387 2407//2407 2408//2408
f 2387//2387 2408//2408 2388//2388
f 2388//2388 2408//2408 2409//2409
f 2388//2388 2409//2409 2389//2389
f 2389//2389 2409//2409 2410//2410
f 2389//2389 2410//2410 2390//2390
f 2390//2390 2410//2410 2411//2411
f 2390//2390 2411//2411 2391//2391
f 2391//2391 2411//2411 2412//2412
f 2391//2391 2412//2412 2392//2392
f 2392//2392 2412//2412 2413//2413
f 2392//2392 2413//2413 2393//2393
f 2393//2393 2413//2413 2414//2414
f 2393//2393 2414//2414 2394//2394
f 2394//2394 2414//2414 2415//2415
f 2394//2394 2415//2415 2395//2395
f 2395//2395 2415//2415 2416//2416
f 2395//2395 2416//2416 2396//2396
f 2396//2396 2416//2416 2417//2417
f 2396//2396 2417//2417 2397//2397
f 2397//2397 2417//2417 2418//2418
f 2397//2397 2418//2418 2398//2398
f 2398//2398 2418//2418 2419//2419
f 2398//2398 2419//2419 2399//2399
f 2399//2399 2419//2419 2420//2420
f 2399//2399 2420//2420 2400//2400
f 2400//2400 2420//2420 2401//2401
f 2400//2400 2401//2401 2381//2381
f 2401//2401 2421//2421 2422//2422
f 2401//2401 2422//2422 2402//2402
f 2402//2402 2422//2422 2423//2423
f 2402//2402 2423//2423 2403//2403
f 2403//2403 2423//2423 2424//2424
f 2403//2403 2424//2424 2404//2404
f 2404//2404 2424//2424 2425//2425
f 2404//2404 2425//2425 2405//2405
f 2405//2405 2425//2425 2426//2426
f 2405//2405 2426//2426 2406//2406
f 2406//2406 2426//2426 2427//2427
f 2406//2406 2427//2427 2407//2407
f 2407//2407 2427//2427 2428//2428
f 2407//2407 2428//2428 2408//2408
f 2408//2408 2428//2428 2429//2429
f 2408//2408 2429//2429 2409//2409
f 2409//2409 2429//2429 2430//2430
f 2409//2409 2430//2430 2410//2410
f 2410//2410 2430//2430 2431//2431
f 2410//2410 2431//2431 2411//2411
f 2411//2411 2431//2431 2432//2432
f 2411//2411 2432//2432 2412//2412
f 2412//2412 2432//2432 2433//2433
f 2412//2412 2433//2433 2413//2413
f 2413//2413 2433//2433 2434//2434
f 2413//2413 2434//2434 2414//2414
f 2414//2414 2434//2434 2435//2435
f 2414//2414 2435//2435 2415//2415
f 2415//2415 2435//2435 2436//2436
f 2415//2415 2436//2436 2416//2416
f 2416//2416 2436//2436 2437//2437
f 2416//2416 2437//2437 2417//2417
f 2417//2417 2437//2437 2438//2438
f 2417//2417 2438//2438 2418//2418
f 2418//2418 2438//2438 2439//2439
f 2418//2418 2439//2439 2419//2419
f 2419//2419 2439//2439 2440//2440
f 2419//2419 2440//2440 2420//2420
f 2420//2420 2440//2440 2421//2421
f 2420//2420 2421//2421 2401//2401
f 2421//2421 2441//2441 2442//2442
f 2421//2421 2442//2442 2422//2422
f 2422//2422 2442//2442 2443//2443
f 2422//2422 2443//2443 2423//2423
f 2423//2423 2443//2443 2444//2444
f 2423//2423 2444//2444 2424//2424
f 2424//2424 2444//2444 2445//2445
f 2424//2424 2445//2445 2425//2425
f 2425//2425 2445//2445 2446//2446
f 2425//2425 2446//2446 2426//2426
f 2426//2426 2446//2446 2447//2447
f 2426//2426 2447//2447 2427//2427
f 2427//2427 2447//2447 2448//2448
f 2427//2427 2448//2448 2428//2428
f 2428//2428 2448//2448 2449//2449
f 2428//2428 2449//2449 2429//2429
f 2429//2429 2449//2449 2450//2450
f 2429//2429 2450//2450 2430//2430
f 2430//2430 2450//2450 2451//2451
f 2430//2430 2451//2451 2431//2431
f 2431//2431 2451//2451 2452//2452
f 2431//2431 2452//2452 2432//2432
f 2432//2432 2452//2452 2453//2453
f 2432//2432 2453//2453 2433//2433
f 2433//2433 2453//2453 2454//2454
f 2433//2433 2454//2454 2434//2434
f 2434//2434 2454//2454 2455//2455
f 2434//2434 2455//2455 2435//2435
f 2435//2435 2455//2455 2456//2456
f 2435//2435 2456//2456 2436//2436
f 2436//2436 2456//2456 2457//2457
f 2436//2436 2457//2457 2437//2437
f 2437//2437 2457//2457 2458//2458
f 2437//2437 2458//2458 2438//2438
f 2438//2438 2458//2458 2459//2459
f 2438//2438 2459//2459 2439//2439
f 2439//2439 2459//2459 2460//2460
f 2439//2439 2460//2460 2440//2440
f 2440//2440 2460//2460 2441//2441
f 2440//2440 2441//2441 2421//2421
f 2441//2441 2461//2461 2462//2462
f 2441//2441 2462//2462 2442//2442
f 2442//2442 2462//2462 2463//2463
f 2442//2442 2463//2463 2443//2443
f 2443//2443 2463//2463 2464//2464
f 2443//2443 2464//2464 2444//2444
f 2444//2444 2464//2464 2465//2465
f 2444//2444 2465//2465 2445//2445
f 2445//2445 2465//2465 2466//2466
f 2445//2445 2466//2466 2446//2446
f 2446//2446 2466//2466 2467//2467
f 2446//2446 2467//2467 2447//2447
f 2447//2447 2467//2467 2468//2468
f 2447//2447 2468//2468 2448//2448
f 2448//2448 2468//2468 2469//2469
f 2448//2448 2469//2469 2449//2449
f 2449//2449 2469//2469 2470//2470
f 2449//2449 2470//2470 2450//2450
f 2450//2450 2470//2470 2471//2471
f 2450//2450 2471//2471 2451//2451
f 2451//2451 2471//2471 2472//2472
f 2451//2451 2472//2472 2452//2452
f 2452//2452 2472//2472 2473//2473
f 2452//2452 2473//2473 2453//2453
f 2453//2453 2473//2473 2474//2474
f 2453//2453 2474//2474 2454//2454
f 2454//2454 2474//2474 2475//2475
f 2454//2454 2475//2475 2455//2455
f 2455//2455 2475//2475 2476//2476
f 2455//2455 2476//2476 2456//2456
f 2456//2456 2476//2476 2477//2477
f 2456//2456 2477//2477 2457//2457
f 2457//2457 2477//2477 2478//2478
f 2457//2457 2478//2478 2458//2458
f 2458//2458 2478//2478 2479//2479
f 2458//2458 2479//2479 2459//2459
f 2459//2459 2479//2479 2480//2480
f 2459//2459 2480//2480 2460//2460
f 2460//2460 2480//2480 2461//2461
f 2460//2460 2461//2461 2441//2441
f 2461//2461 2481//2481 2482//2482
f 2461//2461 2482//2482 2462//2462
f 2462//2462 2482//2482 2483//2483
f 2462//2462 2483//2483 2463//2463
f 2463//2463 2483//2483 2484//2484
f 2463//2463 2484//2484 2464//2464
f 2464//2464 2484//2484 2485//2485
f 2464//2464 2485//2485 2465//2465
f 2465//2465 2485//2485 2486//2486
f 2465//2465 2486//2486 2466//2466
f 2466//2466 2486//2486 2487//2487
f 2466//2466 2487//2487 2467//2467
f 2467//2467 2487//2487 2488//2488
f 2467//2467 2488//2488 2468//2468
f 2468//2468 2488//2488 2489//2489
f 2468//2468 2489//2489 2469//2469
f 2469//2469 2489//2489 2490//2490
f 2469//2469 2490//2490 2470//2470
f 2470//2470 2490//2490 2491//2491
f 2470//2470 2491//2491 2471//2471
f 2471//2471 2491//2491 2492//2492
f 2471//2471 2492//2492 2472//2472
f 2472//2472 2492//2492 2493//2493
f 2472//2472 2493//2493 2473//2473
f 2473//2473 2493//2493 2494//2494
f 2473//2473 2494//2494 2474//2474
f 2474//2474 2494//2494 2495//2495
f 2474//2474 2495//2495 2475//2475
f 2475//2475 2495//2495 2496//2496
f 2475//2475 2496//2496 2476//2476
f 2476//2476 2496//2496 2497//2497
f 2476//2476 2497//2497 2477//2477
f 2477//2477 2497//2497 2498//2498
f 2477//2477 2498//2498 2478//2478
f 2478//2478 2498//2498 2499//2499
f 2478//2478 2499//2499 2479//2479
f 2479//2479 2499//2499 2500//2500
f 2479//2479 2500//2500 2480//2480
f 2480//2480 2500//2500 2481//2481
f 2480//2480 2481//2481 2461//2461
f 2481//2481 2501//2501 2502//2502
f 2481//2481 2502//2502 2482//2482
f 2482//2482 2502//2502 2503//2503
f 2482//2482 2503//2503 2483//2483
f 2483//2483 2503//2503 2504//2504
f 2483//2483 2504//2504 2484//2484
f 2484//2484 2504//2504 2505//2505
f 2484//2484 2505//2505 2485//2485
f 2485//2485 2505//2505 2506//2506
f 2485//2485 2506//2506 2486//2486
f 2486//2486 2506//2506 2507//2507
f 2486//2486 2507//2507 2487//2487
f 2487//2487 2507//2507 2508//2508
f 2487//2487 2508//2508 2488//2488
f 2488//2488 2508//2508 2509//2509
f 2488//2488 2509//2509 2489//2489
f 2489//2489 2509//2509 2510//2510
f 2489//2489 2510//2510 2490//2490
f 2490//2490 2510//2510 2511//2511
f 2490//2490 2511//2511 2491//2491
f 2491//2491 2511//2511 2512//2512
f 2491//2491 2512//2512 2492//2492
f 2492//2492 2512//2512 2513//2513
f 2492//2492 2513//2513 2493//2493
f 2493//2493 2513//2513 2514//2514
f 2493//2493 2514//2514 2494//2494
f 2494//2494 2514//2514 2515//2515
f 2494//2494 2515//2515 2495//2495
f 2495//2495 2515//2515 2516//2516
f 2495//2495 2516//2516 2496//2496
f 2496//2496 2516//2516 2517//2517
f 2496//2496 2517//2517 2497//2497
f 2497//2497 2517//2517 2518//2518
f 2497//2497 2518//2518 2498//2498
f 2498//2498 2518//2518 2519//2519
f 2498//2498 2519//2519 2499//2499
f 2499//2499 2519//2519 2520//2520
f 2499//2499 2520//2520 2500//2500
f 2500//2500 2520//2520 2501//2501
f 2500//2500 2501//2501 2481//2481
f 2501//2501 2521//2521 2522//2522
f 2501//2501 2522//2522 2502//2502
f 2502//2502 2522//2522 2523//2523
f 2502//2502 2523//2523 2503//2503
f 2503//2503 2523//2523 2524//2524
f 2503//2503 2524//2524 2504//2504
f 2504//2504 2524//2524 2525//2525
f 2504//2504 2525//2525 2505//2505
f 2505//2505 2525//2525 2526//2526
f 2505//2505 2526//2526 2506//2506
f 2506//2506 2526//2526 2527//2527
f 2506//2506 2527//2527 2507//2507
f 2507//2507 2527//2527 2528//2528
f 2507//2507 2528//2528 2508//2508
f 2508//2508 2528//2528 2529//2529
f 2508//2508 2529//2529 2509//2509
f 2509//2509 2529//2529 2530//2530
f 2509//2509 2530//2530 2510//2510
f 2510//2510 2530//2530 2531//2531
f 2510//2510 2531//2531 2511//2511
f 2511//2511 2531//2531 2532//2532
f 2511//2511 2532//2532 2512//2512
f 2512//2512 2532//2532 2533//2533
f 2512//2512 2533//2533 2513//2513
f 2513//2513 2533//2533 2534//2534
f 2513//2513 2534//2534 2514//2514
f 2514//2514 2534//2534 2535//2535
f 2514//2514 2535//2535 2515//2515
f 2515//2515 2535//2535 2536//2536
f 2515//2515 2536//2536 2516//2516
f 2516//2516 2536//2536 2537//2537
f 2516//2516 2537//2537 2517//2517
f 2517//2517 2537//2537 2538//2538
f 2517//2517 2538//2538 2518//2518
f 2518//2518 2538//2538 2539//2539
f 2518//2518 2539//2539 2519//2519
f 2519//2519 2539//2539 2540//2540
f 2519//2519 2540//2540 2520//2520
f 2520//2520 2540//2540 2521//2521
f 2520//2520 2521//2521 2501//2501
f 2521//2521 2541//2541 2542//2542
f 2521//2521 2542//2542 2522//2522
f 2522//2522 2542//2542 2543//2543
f 2522//2522 2543//2543 2523//2523
f 2523//2523 2543//2543 2544//2544
f 2523//2523 2544//2544 2524//2524
f 2524//2524 2544//2544 2545//2545
f 2524//2524 2545//2545 2525//2525
f 2525//2525 2545//2545 2546//2546
f 2525//2525 2546//2546 2526//2526
f 2526//2526 2546//2546 2547//2547
f 2526//2526 2547//2547 2527//2527
f 2527//2527 2547//2547 2548//2548
f 2527//2527 2548//2548 2528//2528
f 2528//2528 2548//2548 2549//2549
f 2528//2528 2549//2549 2529//2529
f 2529//2529 2549//2549 2550//2550
f 2529//2529 2550//2550 2530//2530
f 2530//2530 2550//2550 2551//2551
f 2530//2530 2551//2551 2531//2531
f 2531//2531 2551//2551 2552//2552
f 2531//2531 2552//2552 2532//2532
f 2532//2532 2552//2552 2553//2553
f 2532//2532 2553//2553 2533//2533
f 2533//2533 2553//2553 2554//2554
f 2533//2533 2554//2554 2534//2534
f 2534//2534 2554//2554 2555//2555
f 2534//2534 2555//2555 2535//2535
f 2535//2535 2555//2555 2556//2556
f 2535//2535 2556//2556 2536//2536
f 2536//2536 2556//2556 2557//2557
f 2536//2536 2557//2557 2537//2537
f 2537//2537 2557//2557 2558//2558
f 2537//2537 2558//2558 2538//2538
f 2538//2538 2558//2558 2559//2559
f 2538//2538 2559//2559 2539//2539
f 2539//2539 2559//2559 2560//2560
f 2539//2539 2560//2560 2540//2540
f 2540//2540 2560//2560 2541//2541
f 2540//2540 2541//2541 2521//2521
f 2541//2541 2561//2561 2562//2562
f 2541//2541 2562//2562 2542//2542
f 2542//2542 2562//2562 2563//2563
f 2542//2542 2563//2563 2543//2543
f 2543//2543 2563//2563 2564//2564
f 2543//2543 2564//2564 2544//2544
f 2544//2544 2564//2564 2565//2565
f 2544//2544 2565//2565 2545//2545
f 2545//2545 2565//2565 2566//2566
f 2545//2545 2566//2566 2546//2546
f 2546//2546 2566//2566 2567//2567
f 2546//2546 2567//2567 2547//2547
f 2547//2547 2567//2567 2568//2568
f 2547//2547 2568//2568 2548//2548
f 2548//2548 2568//2568 2569//2569
f 2548//2548 2569//2569 2549//2549
f 2549//2549 2569//2569 2570//2570
f 2549//2549 2570//2570 2550//2550
f 2550//2550 2570//2570 2571//2571
f 2550//2550 2571//2571 2551//2551
f 2551//2551 2571//2571 2572//2572
f 2551//2551 2572//2572 2552//2552
f 2552//2552 2572//2572 2573//2573
f 2552//2552 2573//2573 2553//2553
f 2553//2553 2573//2573 2574//2574
f 2553//2553 2574//2574 2554//2554
f 2554//2554 2574//2574 2575//2575
f 2554//2554 2575//2575 2555//2555
f 2555//2555 2575//2575 2576//2576
f 2555//2555 2576//2576 2556//2556
f 2556//2556 2576//2576 2577//2577
f 2556//2556 2577//2577 2557//2557
f 2557//2557 2577//2577 2578//2578
f 2557//2557 2578//2578 2558//2558
f 2558//2558 2578//2578 2579//2579
f 2558//2558 2579//2579 2559//2559
f 2559//2559 2579//2579 2580//2580
f 2559//2559 2580//2580 2560//2560
f 2560//2560 2580//2580 2561//2561
f 2560//2560 2561//2561 2541//2541
f 2561//2561 2581//2581 2582//2582
f 2561//2561 2582//2582 2562//2562
f 2562//2562 2582//2582 2583//2583
f 2562//2562 2583//2583 2563//2563
f 2563//2563 2583//2583 2584//2584
f 2563//2563 2584//2584 2564//2564
f 2564//2564 2584//2584 2585//2585
f 2564//2564 2585//2585 2565//2565
f 2565//2565 2585//2585 2586//2586
f 2565//2565 2586//2586 2566//2566
f 2566//2566 2586//2586 2587//2587
f 2566//2566 2587//2587 2567//2567
f 2567//2567 2587//2587 2588//2588
f 2567//2567 2588//2588 2568//2568
f 2568//2568 2588//2588 2589//2589
f 2568//2568 2589//2589 2569//2569
f 2569//2569 2589//2589 2590//2590
f 2569//2569 2590//2590 2570//2570
f 2570//2570 2590//2590 2591//2591
f 2570//2570 2591//2591 2571//2571
f 2571//2571 2591//2591 2592//2592
f 2571//2571 2592//2592 2572//2572
f 2572//2572 2592//2592 2593//2593
f 2572//2572 2593//2593 2573//2573
f 2573//2573 2593//2593 2594//2594
f 2573//2573 2594//2594 2574//2574
f 2574//2574 2594//2594 2595//2595
f 2574//2574 2595//2595 2575//2575
f 2575//2575 2595//2595 2596//2596
f 2575//2575 2596//2596 2576//2576
f 2576//2576 2596//2596 2597//2597
f 2576//2576 2597//2597 2577//2577
f 2577//2577 2597//2597 2598//2598
f 2577//2577 2598//2598 2578//2578
f 2578//2578 2598//2598 2599//2599
f 2578//2578 2599//2599 2579//2579
f 2579//2579 2599//2599 2600//2600
f 2579//2579 2600//2600 2580//2580
f 2580//2580 2600//2600 2581//2581
f 2580//2580 2581//2581 2561//2561
f 2581//2581 2601//2601 2602//2602
f 2581//2581 2602//2602 2582//2582
f 2582//2582 2602//2602 2603//2603
f 2582//2582 2603//2603 2583//2583
f 2583//2583 2603//2603 2604//2604
f 2583//2583 2604//2604 2584//2584
f 2584//2584 2604//2604 2605//2605
f 2584//2584 2605//2605 2585//2585
f 2585//2585 2605//2605 2606//2606
f 2585//2585 2606//2606 2586//2586
f 2586//2586 2606//2606 2607//2607
f 2586//2586 2607//2607 2587//2587
f 2587//2587 2607//2607 2608//2608
f 2587//2587 2608//2608 2588//2588
f 2588//2588 2608//2608 2609//2609
f 2588//2588 2609//2609 2589//2589
f 2589//2589 2609//2609 2610//2610
f 2589//2589 2610//2610 2590//2590
f 2590//2590 2610//2610 2611//2611
f 2590//2590 2611//2611 2591//2591
f 2591//2591 2611//2611 2612//2612
f 2591//2591 2612//2612 2592//2592
f 2592//2592 2612//2612 2613//2613
f 2592//2592 2613//2613 2593//2593
f 2593//2593 2613//2613 2614//2614
f 2593//2593 2614//2614 2594//2594
f 2594//2594 2614//2614 2615//2615
f 2594//2594 2615//2615 2595//2595
f 2595//2595 2615//2615 2616//2616
f 2595//2595 2616//2616 2596//2596
f 2596//2596 2616//2616 2617//2617
f 2596//2596 2617//2617 2597//2597
f 2597//2597 2617//2617 2618//2618
f 2597//2597 2618//2618 2598//2598
f 2598//2598 2618//2618 2619//2619
f 2598//2598 2619//2619 2599//2599
f 2599//2599 2619//2619 2620//2620
f 2599//2599 2620//2620 2600//2600
f 2600//2600 2620//2620 2601//2601
f 2600//2600 2601//2601 2581//2581
f 2601//2601 2621//2621 2622//2622
f 2601//2601 2622//2622 2602//2602
f 2602//2602 2622//2622 2623//2623
f 2602//2602 2623//2623 2603//2603
f 2603//2603 2623//2623 2624//2624
f 2603//2603 2624//2624 2604//2604
f 2604//2604 2624//2624 2625//2625
f 2604//2604 2625//2625 2605//2605
f 2605//2605 2625//2625 2626//2626
f 2605//2605 2626//2626 2606//2606
f 2606//2606 2626//2626 2627//2627
f 2606//2606 2627//2627 2607//2607
f 2607//2607 2627//2627 2628//2628
f 2607//2607 2628//2628 2608//2608
f 2608//2608 2628//2628 2629//2629
f 2608//2608 2629//2629 2609//2609
f 2609//2609 2629//2629 2630//2630
f 2609//2609 2630//2630 2610//2610
f 2610//2610 2630//2630 2631//2631
f 2610//2610 2631//2631 2611//2611
f 2611//2611 2631//2631 2632//2632
f 2611//2611 2632//2632 2612//2612
f 2612//2612 2632//2632 2633//2633
f 2612//2612 2633//2633 2613//2613
f 2613//2613 2633//2633 2634//2634
f 2613//2613 2634//2634 2614//2614
f 2614//2614 2634//2634 2635//2635
f 2614//2614 2635//2635 2615//2615
f 2615//2615 2635//2635 2636//2636
f 2615//2615 2636//2636 2616//2616
f 2616//2616 2636//2636 2637//2637
f 2616//2616 2637//2637 2617//2617
f 2617//2617 2637//2637 2638//2638
f 2617//2617 2638//2638 2618//2618
f 2618//2618 2638//2638 2639//2639
f 2618//2618 2639//2639 2619//2619
f 2619//2619 2639//2639 2640//2640
f 2619//2619 2640//2640 2620//2620
f 2620//2620 2640//2640 2621//2621
f 2620//2620 2621//2621 2601//2601
f 2621//2621 2641//2641 2642//2642
f 2621//2621 2642//2642 2622//2622
f 2622//2622 2642//2642 2643//2643
f 2622//2622 2643//2643 2623//2623
f 2623//2623 2643//2643 2644//2644
f 2623//2623 2644//2644 2624//2624
f 2624//2624 2644//2644 2645//2645
f 2624//2624 2645//2645 2625//2625
f 2625//2625 2645//2645 2646//2646
f 2625//2625 2646//2646 2626//2626
f 2626//2626 2646//2646 2647//2647
f 2626//2626 2647//2647 2627//2627
f 2627//2627 2647//2647 2648//2648
f 2627//2627 2648//2648 2628//2628
f 2628//2628 2648//2648 2649//2649
f 2628//2628 2649//2649 2629//2629
f 2629//2629 2649//2649 2650//2650
f 2629//2629 2650//2650 2630//2630
f 2630//2630 2650//2650 2651//2651
f 2630//2630 2651//2651 2631//2631
f 2631//2631 2651//2651 2652//2652
f 2631//2631 2652//2652 2632//2632
f 2632//2632 2652//2652 2653//2653
f 2632//2632 2653//2653 2633//2633
f 2633//2633 2653//2653 2654//2654
f 2633//2633 2654//2654 2634//2634
f 2634//2634 2654//2654 2655//2655
f 2634//2634 2655//2655 2635//2635
f 2635//2635 2655//2655 2656//2656
f 2635//2635 2656//2656 2636//2636
f 2636//2636 2656//2656 2657//2657
f 2636//2636 2657//2657 2637//2637
f 2637//2637 2657//2657 2658//2658
f 2637//2637 2658//2658 2638//2638
f 2638//2638 2658//2658 2659//2659
f 2638//2638 2659//2659 2639//2639
f 2639//2639 2659//2659 2660//2660
f 2639//2639 2660//2660 2640//2640
f 2640//2640 2660//2660 2641//2641
f 2640//2640 2641//2641 2621//2621
f 2641//2641 2661//2661 2662//2662
f 2641//2641 2662//2662 2642//2642
f 2642//2642 2662//2662 2663//2663
f 2642//2642 2663//2663 2643//2643
f 2643//2643 2663//2663 2664//2664
f 2643//2643 2664//2664 2644//2644
f 2644//2644 2664//2664 2665//2665
f 2644//2644 2665//2665 2645//2645
f 2645//2645 2665//2665 2666//2666
f 2645//2645 2666//2666 2646//2646
f 2646//2646 2666//2666 2667//2667
f 2646//2646 2667//2667 2647//2647
f 2647//2647 2667//2667 2668//2668
f 2647//2647 2668//2668 2648//2648
f 2648//2648 2668//2668 2669//2669
f 2648//2648 2669//2669 2649//2649
f 2649//2649 2669//2669 2670//2670
f 2649//2649 2670//2670 2650//2650
f 2650//2650 2670//2670 2671//2671
f 2650//2650 2671//2671 2651//2651
f 2651//2651 2671//2671 2672//2672
f 2651//2651 2672//2672 2652//2652
f 2652//2652 2672//2672 2673//2673
f 2652//2652 2673//2673 2653//2653
f 2653//2653 2673//2673 2674//2674
f 2653//2653 2674//2674 2654//2654
f 2654//2654 2674//2674 2675//2675
f 2654//2654 2675//2675 2655//2655
f 2655//2655 2675//2675 2676//2676
f 2655//2655 2676//2676 2656//2656
f 2656//2656 2676//2676 2677//2677
f 2656//2656 2677//2677 2657//2657
f 2657//2657 2677//2677 2678//2678
f 2657//2657 2678//2678 2658//2658
f 2658//2658 2678//2678 2679//2679
f 2658//2658 2679//2679 2659//2659
f 2659//2659 2679//2679 2680//2680
f 2659//2659 2680//2680 2660//2660
f 2660//2660 2680//2680 2661//2661
f 2660//2660 2661//2661 2641//2641
f 2661//2661 2681//2681 2682//2682
f 2661//2661 2682//2682 2662//2662
f 2662//2662 2682//2682 2683//2683
f 2662//2662 2683//2683 2663//2663
f 2663//2663 2683//2683 2684//2684
f 2663//2663 2684//2684 2664//2664
f 2664//2664 2684//2684 2685//2685
f 2664//2664 2685//2685 2665//2665
f 2665//2665 2685//2685 2686//2686
f 2665//2665 2686//2686 2666//2666
f 2666//2666 2686//2686 2687//2687
f 2666//2666 2687//2687 2667//2667
f 2667//2667 2687//2687 2688//2688
f 2667//2667 2688//2688 2668//2668
f 2668//2668 2688//2688 2689//2689
f 2668//2668 2689//2689 2669//2669
f 2669//2669 2689//2689 2690//2690
f 2669//2669 2690//2690 2670//2670
f 2670//2670 2690//2690 2691//2691
f 2670//2670 2691//2691 2671//2671
f 2671//2671 2691//2691 2692//2692
f 2671//2671 2692//2692 2672//2672
f 2672//2672 2692//2692 2693//2693
f 2672//2672 2693//2693 2673//2673
f 2673//2673 2693//2693 2694//2694
f 2673//2673 2694//2694 2674//2674
f 2674//2674 2694//2694 2695//2695
f 2674//2674 2695//2695 2675//2675
f 2675//2675 2695//2695 2696//2696
f 2675//2675 2696//2696 2676//2676
f 2676//2676 2696//2696 2697//2697
f 2676//2676 2697//2697 2677//2677
f 2677//2677 2697//2697 2698//2698
f 2677//2677 2698//2698 2678//2678
f 2678//2678 2698//2698 2699//2699
f 2678//2678 2699//2699 2679//2679
f 2679//2679 2699//2699 2700//2700
f 2679//2679 2700//2700 2680//2680
f 2680//2680 2700//2700 2681//2681
f 2680//2680 2681//2681 2661//2661
f 2681//2681 2701//2701 2702//2702
f 2681//2681 2702//2702 2682//2682
f 2682//2682 2702//2702 2703//2703
f 2682//2682 2703//2703 2683//2683
f 2683//2683 2703//2703 2704//2704
f 2683//2683 2704//2704 2684//2684
f 2684//2684 2704//2704 2705//2705
f 2684//2684 2705//2705 2685//2685
f 2685//2685 2705//2705 2706//2706
f 2685//2685 2706//2706 2686//2686
f 2686//2686 2706//2706 2707//2707
f 2686//2686 2707//2707 2687//2687
f 2687//2687 2707//2707 2708//2708
f 2687//2687 2708//2708 2688//2688
f 2688//2688 2708//2708 2709//2709
f 2688//2688 2709//2709 2689//2689
f 2689//2689 2709//2709 2710//2710
f 2689//2689 2710//2710 2690//2690
f 2690//2690 2710//2710 2711//2711
f 2690//2690 2711//2711 2691//2691
f 2691//2691 2711//2711 2712//2712
f 2691//2691 2712//2712 2692//2692
f 2692//2692 2712//2712 2713//2713
f 2692//2692 2713//2713 2693//2693
f 2693//2693 2713//2713 2714//2714
f 2693//2693 2714//2714 2694//2694
f 2694//2694 2714//2714 2715//2715
f 2694//2694 2715//2715 2695//2695
f 2695//2695 2715//2715 2716//2716
f 2695//2695 2716//2716 2696//2696
f 2696//2696 2716//2716 2717//2717
f 2696//2696 2717//2717 2697//2697
f 2697//2697 2717//2717 2718//2718
f 2697//2697 2718//2718 2698//2698
f 2698//2698 2718//2718 2719//2719
f 2698//2698 2719//2719 2699//2699
f 2699//2699 2719//2719 2720//2720
f 2699//2699 2720//2720 2700//2700
f 2700//2700 2720//2720 2701//2701
f 2700//2700 2701//2701 2681//2681
f 2701//2701 2721//2721 2722//2722
f 2701//2701 2722//2722 2702//2702
f 2702//2702 2722//2722 2723//2723
f 2702//2702 2723//2723 2703//2703
f 2703//2703 2723//2723 2724//2724
f 2703//2703 2724//2724 2704//2704
f 2704//2704 2724//2724 2725//2725
f 2704//2704 2725//2725 2705//2705
f 2705//2705 2725//2725 2726//2726
f 2705//2705 2726//2726 2706//2706
f 2706//2706 2726//2726 2727//2727
f 2706//2706 2727//2727 2707//2707
f 2707//2707 2727//2727 2728//2728
f 2707//2707 2728//2728 2708//2708
f 2708//2708 2728//2728 2729//2729
f 2708//2708 2729//2729 2709//2709
f 2709//2709 2729//2729 2730//2730
f 2709//2709 2730//2730 2710//2710
f 2710//2710 2730//2730 2731//2731
f 2710//2710 2731//2731 2711//2711
f 2711//2711 2731//2731 2732//2732
f 2711//2711 2732//2732 2712//2712
f 2712//2712 2732//2732 2733//2733
f 2712//2712 2733//2733 2713//2713
f 2713//2713 2733//2733 2734//2734
f 2713//2713 2734//2734 2714//2714
f 2714//2714 2734//2734 2735//2735
f 2714//2714 2735//2735 2715//2715
f 2715//2715 2735//2735 2736//2736
f 2715//2715 2736//2736 2716//2716
f 2716//2716 2736//2736 2737//2737
f 2716//2716 2737//2737 2717//2717
f 2717//2717 2737//2737 2738//2738
f 2717//2717 2738//2738 2718//2718
f 2718//2718 2738//2738 2739//2739
f 2718//2718 2739//2739 2719//2719
f 2719//2719 2739//2739 2740//2740
f 2719//2719 2740//2740 2720//2720
f 2720//2720 2740//2740 2721//2721
f 2720//2720 2721//2721 2701//2701
f 2721//2721 2741//2741 2742//2742
f 2721//2721 2742//2742 2722//2722
f 2722//2722 2742//2742 2743//2743
f 2722//2722 2743//2743 2723//2723
f 2723//2723 2743//2743 2744//2744
f 2723//2723 2744//2744 2724//2724
f 2724//2724 2744//2744 2745//2745
f 2724//2724 2745//2745 2725//2725
f 2725//2725 2745//2745 2746//2746
f 2725//2725 2746//2746 2726//2726
f 2726//2726 2746//2746 2747//2747
f 2726//2726 2747//2747 2727//2727
f 2727//2727 2747//2747 2748//2748
f 2727//2727 2748//2748 2728//2728
f 2728//2728 2748//2748 2749//2749
f 2728//2728 2749//2749 2729//2729
f 2729//2729 2749//2749 2750//2750
f 2729//2729 2750//2750 2730//2730
f 2730//2730 2750//2750 2751//2751
f 2730//2730 2751//2751 2731//2731
f 2731//2731 2751//2751 2752//2752
f 2731//2731 2752//2752 2732//2732
f 2732//2732 2752//2752 2753//2753
f 2732//2732 2753//2753 2733//2733
f 2733//2733 2753//2753 2754//2754
f 2733//2733 2754//2754 2734//2734
f 2734//2734 2754//2754 2755//2755
f 2734//2734 2755//2755 2735//2735
f 2735//2735 2755//2755 2756//2756
f 2735//2735 2756//2756 2736//2736
f 2736//2736 2756//2756 2757//2757
f 2736//2736 2757//2757 2737//2737
f 2737//2737 2757//2757 2758//2758
f 2737//2737 2758//2758 2738//2738
f 2738//2738 2758//2758 2759//2759
f 2738//2738 2759//2759 2739//2739
f 2739//2739 2759//2759 2760//2760
f 2739//2739 2760//2760 2740//2740
f 2740//2740 2760//2760 2741//2741
f 2740//2740 2741//2741 2721//2721
f 2741//2741 2761//2761 2762//2762
f 2741//2741 2762//2762 2742//2742
f 2742//2742 2762//2762 2763//2763
f 2742//2742 2763//2763 2743//2743
f 2743//2743 2763//2763 2764//2764
f 2743//2743 2764//2764 2744//2744
f 2744//2744 2764//2764 2765//2765
f 2744//2744 2765//2765 2745//2745
f 2745//2745 2765//2765 2766//2766
f 2745//2745 2766//2766 2746//2746
f 2746//2746 2766//2766 2767//2767
f 2746//2746 2767//2767 2747//2747
f 2747//2747 2767//2767 2768//2768
f 2747//2747 2768//2768 2748//2748
f 2748//2748 2768//2768 2769//2769
f 2748//2748 2769//2769 2749//2749
f 2749//2749 2769//2769 2770//2770
f 2749//2749 2770//2770 2750//2750
f 2750//2750 2770//2770 2771//2771
f 2750//2750 2771//2771 2751//2751
f 2751//2751 2771//2771 2772//2772
f 2751//2751 2772//2772 2752//2752
f 2752//2752 2772//2772 2773//2773
f 2752//2752 2773//2773 2753//2753
f 2753//2753 2773//2773 2774//2774
f 2753//2753 2774//2774 2754//2754
f 2754//2754 2774//2774 2775//2775
f 2754//2754 2775//2775 2755//2755
f 2755//2755 2775//2775 2776//2776
f 2755//2755 2776//2776 2756//2756
f 2756//2756 2776//2776 2777//2777
f 2756//2756 2777//2777 2757//2757
f 2757//2757 2777//2777 2778//2778
f 2757//2757 2778//2778 2758//2758
f 2758//2758 2778//2778 2779//2779
f 2758//2758 2779//2779 2759//2759
f 2759//2759 2779//2779 2780//2780
f 2759//2759 2780//2780 2760//2760
f 2760//2760 2780//2780 2761//2761
f 2760//2760 2761//2761 2741//2741
f 2761//2761 2781//2781 2782//2782
f 2761//2761 2782//2782 2762//2762
f 2762//2762 2782//2782 2783//2783
f 2762//2762 2783//2783 2763//2763
f 2763//2763 2783//2783 2784//2784
f 2763//2763 2784//2784 2764//2764
f 2764//2764 2784//2784 2785//2785
f 2764//2764 2785//2785 2765//2765
f 2765//2765 2785//2785 2786//2786
f 2765//2765 2786//2786 2766//2766
f 2766//2766 2786//2786 2787//2787
f 2766//2766 2787//2787 2767//2767
f 2767//2767 2787//2787 2788//2788
f 2767//2767 2788//2788 2768//2768
f 2768//2768 2788//2788 2789//2789
f 2768//2768 2789//2789 2769//2769
f 2769//2769 2789//2789 2790//2790
f 2769//2769 2790//2790 2770//2770
f 2770//2770 2790//2790 2791//2791
f 2770//2770 2791//2791 2771//2771
f 2771//2771 2791//2791 2792//2792
f 2771//2771 2792//2792 2772//2772
f 2772//2772 2792//2792 2793//2793
f 2772//2772 2793//2793 2773//2773
f 2773//2773 2793//2793 2794//2794
f 2773//2773 2794//2794 2774//2774
f 2774//2774 2794//2794 2795//2795
f 2774//2774 2795//2795 2775//2775
f 2775//2775 2795//2795 2796//2796
f 2775//2775 2796//2796 2776//2776
f 2776//2776 2796//2796 2797//2797
f 2776//2776 2797//2797 2777//2777
f 2777//2777 2797//2797 2798//2798
f 2777//2777 2798//2798 2778//2778
f 2778//2778 2798//2798 2799//2799
f 2778//2778 2799//2799 2779//2779
f 2779//2779 2799//2799 2800//2800
f 2779//2779 2800//2800 2780//2780
f 2780//2780 2800//2800 2781//2781
f 2780//2780 2781//2781 2761//2761
f 2781//2781 2801//2801 2802//2802
f 2781//2781 2802//2802 2782//2782
f 2782//2782 2802//2802 2803//2803
f 2782//2782 2803//2803 2783//2783
f 2783//2783 2803//2803 2804//2804
f 2783//2783 2804//2804 2784//2784
f 2784//2784 2804//2804 2805//2805
f 2784//2784 2805//2805 2785//2785
f 2785//2785 2805//2805 2806//2806
f 2785//2785 2806//2806 2786//2786
f 2786//2786 2806//2806 2807//2807
f 2786//2786 2807//2807 2787//2787
f 2787//2787 2807//2807 2808//2808
f 2787//2787 2808//2808 2788//2788
f 2788//2788 2808//2808 2809//2809
f 2788//2788 2809//2809 2789//2789
f 2789//2789 2809//2809 2810//2810
f 2789//2789 2810//2810 2790//2790
f 2790//2790 2810//2810 2811//2811
f 2790//2790 2811//2811 2791//2791
f 2791//2791 2811//2811 2812//2812
f 2791//2791 2812//2812 2792//2792
f 2792//2792 2812//2812 2813//2813
f 2792//2792 2813//2813 2793//2793
f 2793//2793 2813//2813 2814//2814
f 2793//2793 2814//2814 2794//2794
f 2794//2794 2814//2814 2815//2815
f 2794//2794 2815//2815 2795//2795
f 2795//2795 2815//2815 2816//2816
f 2795//2795 2816//2816 2796//2796
f 2796//2796 2816//2816 2817//2817
f 2796//2796 2817//2817 2797//2797
f 2797//2797 2817//2817 2818//2818
f 2797//2797 2818//2818 2798//2798
f 2798//2798 2818//2818 2819//2819
f 2798//2798 2819//2819 2799//2799
f 2799//2799 2819//2819 2820//2820
f 2799//2799 2820//2820 2800//2800
f 2800//2800 2820//2820 2801//2801
f 2800//2800 2801//2801 2781//2781
f 2801//2801 2821//2821 2822//2822
f 2801//2801 2822//2822 2802//2802
f 2802//2802 2822//2822 2823//2823
f 2802//2802 2823//2823 2803//2803
f 2803//2803 2823//2823 2824//2824
f 2803//2803 2824//2824 2804//2804
f 2804//2804 2824//2824 2825//2825
f 2804//2804 2825//2825 2805//2805
f 2805//2805 2825//2825 2826//2826
f 2805//2805 2826//2826 2806//2806
f 2806//2806 2826//2826 2827//2827
f 2806//2806 2827//2827 2807//2807
f 2807//2807 2827//2827 2828//2828
f 2807//2807 2828//2828 2808//2808
f 2808//2808 2828//2828 2829//2829
f 2808//2808 2829//2829 2809//2809
f 2809//2809 2829//2829 2830//2830
f 2809//2809 2830//2830 2810//2810
f 2810//2810 2830//2830 2831//2831
f 2810//2810 2831//2831 2811//2811
f 2811//2811 2831//2831 2832//2832
f 2811//2811 2832//2832 2812//2812
f 2812//2812 2832//2832 2833//2833
f 2812//2812 2833//2833 2813//2813
f 2813//2813 2833//2833 2834//2834
f 2813//2813 2834//2834 2814//2814
f 2814//2814 2834//2834 2835//2835
f 2814//2814 2835//2835 2815//2815
f 2815//2815 2835//2835 2836//2836
f 2815//2815 2836//2836 2816//2816
f 2816//2816 2836//2836 2837//2837
f 2816//2816 2837//2837 2817//2817
f 2817//2817 2837//2837 2838//2838
f 2817//2817 2838//2838 2818//2818
f 2818//2818 2838//2838 2839//2839
f 2818//2818 2839//2839 2819//2819
f 2819//2819 2839//2839 2840//2840
f 2819//2819 2840//2840 2820//2820
f 2820//2820 2840//2840 2821//2821
f 2820//2820 2821//2821 2801//2801
f 2821//2821 2841//2841 2842//2842
f 2821//2821 2842//2842 2822//2822
f 2822//2822 2842//2842 2843//2843
f 2822//2822 2843//2843 2823//2823
f 2823//2823 2843//2843 2844//2844
f 2823//2823 2844//2844 2824//2824
f 2824//2824 2844//2844 2845//2845
f 2824//2824 2845//2845 2825//2825
f 2825//2825 2845//2845 2846//2846
f 2825//2825 2846//2846 2826//2826
f 2826//2826 2846//2846 2847//2847
f 2826//2826 2847//2847 2827//2827
f 2827//2827 2847//2847 2848//2848
f 2827//2827 2848//2848 2828//2828
f 2828//2828 2848//2848 2849//2849
f 2828//2828 2849//2849 2829//2829
f 2829//2829 2849//2849 2850//2850
f 2829//2829 2850//2850 2830//2830
f 2830//2830 2850//2850 2851//2851
f 2830//2830 2851//2851 2831//2831
f 2831//2831 2851//2851 2852//2852
f 2831//2831 2852//2852 2832//2832
f 2832//2832 2852//2852 2853//2853
f 2832//2832 2853//2853 2833//2833
f 2833//2833 2853//2853 2854//2854
f 2833//2833 2854//2854 2834//2834
f 2834//2834 2854//2854 2855//2855
f 2834//2834 2855//2855 2835//2835
f 2835//2835 2855//2855 2856//2856
f 2835//2835 2856//2856 2836//2836
f 2836//2836 2856//2856 2857//2857
f 2836//2836 2857//2857 2837//2837
f 2837//2837 2857//2857 2858//2858
f 2837//2837 2858//2858 2838//2838
f 2838//2838 2858//2858 2859//2859
f 2838//2838 2859//2859 2839//2839
f 2839//2839 2859//2859 2860//2860
f 2839//2839 2860//2860 2840//2840
f 2840//2840 2860//2860 2841//2841
f 2840//2840 2841//2841 2821//2821
f 2841//2841 2861//2861 2862//2862
f 2841//2841 2862//2862 2842//2842
f 2842//2842 2862//2862 2863//2863
f 2842//2842 2863//2863 2843//2843
f 2843//2843 2863//2863 2864//2864
f 2843//2843 2864//2864 2844//2844
f 2844//2844 2864//2864 2865//2865
f 2844//2844 2865//2865 2845//2845
f 2845//2845 2865//2865 2866//2866
f 2845//2845 2866//2866 2846//2846
f 2846//2846 2866//2866 2867//2867
f 2846//2846 2867//2867 2847//2847
f 2847//2847 2867//2867 2868//2868
f 2847//2847 2868//2868 2848//2848
f 2848//2848 2868//2868 2869//2869
f 2848//2848 2869//2869 2849//2849
f 2849//2849 2869//2869 2870//2870
f 2849//2849 2870//2870 2850//2850
f 2850//2850 2870//2870 2871//2871
f 2850//2850 2871//2871 2851//2851
f 2851//2851 2871//2871 2872//2872
f 2851//2851 2872//2872 2852//2852
f 2852//2852 2872//2872 2873//2873
f 2852//2852 2873//2873 2853//2853
f 2853//2853 2873//2873 2874//2874
f 2853//2853 2874//2874 2854//2854
f 2854//2854 2874//2874 2875//2875
f 2854//2854 2875//2875 2855//2855
f 2855//2855 2875//2875 2876//2876
f 2855//2855 2876//2876 2856//2856
f 2856//2856 2876//2876 2877//2877
f 2856//2856 2877//2877 2857//2857
f 2857//2857 2877//2877 2878//2878
f 2857//2857 2878//2878 2858//2858
f 2858//2858 2878//2878 2879//2879
f 2858//2858 2879//2879 2859//2859
f 2859//2859 2879//2879 2880//2880
f 2859//2859 2880//2880 2860//2860
f 2860//2860 2880//2880 2861//2861
f 2860//2860 2861//2861 2841//2841
f 2861//2861 2881//2881 2882//2882
f 2861//2861 2882//2882 2862//2862
f 2862//2862 2882//2882 2883//2883
f 2862//2862 2883//2883 2863//2863
f 2863//2863 2883//2883 2884//2884
f 2863//2863 2884//2884 2864//2864
f 2864//2864 2884//2884 2885//2885
f 2864//2864 2885//2885 2865//2865
f 2865//2865 2885//2885 2886//2886
f 2865//2865 2886//2886 2866//2866
f 2866//2866 2886//2886 2887//2887
f 2866//2866 2887//2887 2867//2867
f 2867//2867 2887//2887 2888//2888
f 2867//2867 2888//2888 2868//2868
f 2868//2868 2888//2888 2889//2889
f 2868//2868 2889//2889 2869//2869
f 2869//2869 2889//2889 2890//2890
f 2869//2869 2890//2890 2870//2870
f 2870//2870 2890//2890 2891//2891
f 2870//2870 2891//2891 2871//2871
f 2871//2871 2891//2891 2892//2892
f 2871//2871 2892//2892 2872//2872
f 2872//2872 2892//2892 2893//2893
f 2872//2872 2893//2893 2873//2873
f 2873//2873 2893//2893 2894//2894
f 2873//2873 2894//2894 2874//2874
f 2874//2874 2894//2894 2895//2895
f 2874//2874 2895//2895 2875//2875
f 2875//2875 2895//2895 2896//2896
f 2875//2875 2896//2896 2876//2876
f 2876//2876 2896//2896 2897//2897
f 2876//2876 2897//2897 2877//2877
f 2877//2877 2897//2897 2898//2898
f 2877//2877 2898//2898 2878//2878
f 2878//2878 2898//2898 2899//2899
f 2878//2878 2899//2899 2879//2879
f 2879//2879 2899//2899 2900//2900
f 2879//2879 2900//2900 2880//2880
f 2880//2880 2900//2900 2881//2881
f 2880//2880 2881//2881 2861//2861
f 2881//2881 2901//2901 2902//2902
f 2881//2881 2902//2902 2882//2882
f 2882//2882 2902//2902 2903//2903
f 2882//2882 2903//2903 2883//2883
f 2883//2883 2903//2903 2904//2904
f 2883//2883 2904//2904 2884//2884
f 2884//2884 2904//2904 2905//2905
f 2884//2884 2905//2905 2885//2885
f 2885//2885 2905//2905 2906//2906
f 2885//2885 2906//2906 2886//2886
f 2886//2886 2906//2906 2907//2907
f 2886//2886 2907//2907 2887//2887
f 2887//2887 2907//2907 2908//2908
f 2887//2887 2908//2908 2888//2888
f 2888//2888 2908//2908 2909//2909
f 2888//2888 2909//2909 2889//2889
f 2889//2889 2909//2909 2910//2910
f 2889//2889 2910//2910 2890//2890
f 2890//2890 2910//2910 2911//2911
f 2890//2890 2911//2911 2891//2891
f 2891//2891 2911//2911 2912//2912
f 2891//2891 2912//2912 2892//2892
f 2892//2892 2912//2912 2913//2913
f 2892//2892 2913//2913 2893//2893
f 2893//2893 2913//2913 2914//2914
f 2893//2893 2914//2914 2894//2894
f 2894//2894 2914//2914 2915//2915
f 2894//2894 2915//2915 2895//2895
f 2895//2895 2915//2915 2916//2916
f 2895//2895 2916//2916 2896//2896
f 2896//2896 2916//2916 2917//2917
f 2896//2896 2917//2917 2897//2897
f 2897//2897 2917//2917 2918//2918
f 2897//2897 2918//2918 2898//2898
f 2898//2898 2918//2918 2919//2919
f 2898//2898 2919//2919 2899//2899
f 2899//2899 2919//2919 2920//2920
f 2899//2899 2920//2920 2900//2900
f 2900//2900 2920//2920 2901//2901
f 2900//2900 2901//2901 2881//2881
f 2901//2901 2921//2921 2922//2922
f 2901//2901 2922//2922 2902//2902
f 2902//2902 2922//2922 2923//2923
f 2902//2902 2923//2923 2903//2903
f 2903//2903 2923//2923 2924//2924
f 2903//2903 2924//2924 2904//2904
f 2904//2904 2924//2924 2925//2925
f 2904//2904 2925//2925 2905//2905
f 2905//2905 2925//2925 2926//2926
f 2905//2905 2926//2926 2906//2906
f 2906//2906 2926//2926 2927//2927
f 2906//2906 2927//2927 2907//2907
f 2907//2907 2927//2927 2928//2928
f 2907//2907 2928//2928 2908//2908
f 2908//2908 2928//2928 2929//2929
f 2908//2908 2929//2929 2909//2909
f 2909//2909 2929//2929 2930//2930
f 2909//2909 2930//2930 2910//2910
f 2910//2910 2930//2930 2931//2931
f 2910//2910 2931//2931 2911//2911
f 2911//2911 2931//2931 2932//2932
f 2911//2911 2932//2932 2912//2912
f 2912//2912 2932//2932 2933//2933
f 2912//2912 2933//2933 2913//2913
f 2913//2913 2933//2933 2934//2934
f 2913//2913 2934//2934 2914//2914
f 2914//2914 2934//2934 2935//2935
f 2914//2914 2935//2935 2915//2915
f 2915//2915 2935//2935 2936//2936
f 2915//2915 2936//2936 2916//2916
f 2916//2916 2936//2936 2937//2937
f 2916//2916 2937//2937 2917//2917
f 2917//2917 2937//2937 2938//2938
f 2917//2917 2938//2938 2918//2918
f 2918//2918 2938//2938 2939//2939
f 2918//2918 2939//2939 2919//2919
f 2919//2919 2939//2939 2940//2940
f 2919//2919 2940//2940 2920//2920
f 2920//2920 2940//2940 2921//2921
f 2920//2920 2921//2921 2901//2901
f 2921//2921 2941//2941 2942//2942
f 2921//2921 2942//2942 2922//2922
f 2922//2922 2942//2942 2943//2943
f 2922//2922 2943//2943 2923//2923
f 2923//2923 2943//2943 2944//2944
f 2923//2923 2944//2944 2924//2924
f 2924//2924 2944//2944 2945//2945
f 2924//2924 2945//2945 2925//2925
f 2925//2925 2945//2945 2946//2946
f 2925//2925 2946//2946 2926//2926
f 2926//2926 2946//2946 2947//2947
f 2926//2926 2947//2947 2927//2927
f 2927//2927 2947//2947 2948//2948
f 2927//2927 2948//2948 2928//2928
f 2928//2928 2948//2948 2949//2949
f 2928//2928 2949//2949 2929//2929
f 2929//2929 2949//2949 2950//2950
f 2929//2929 2950//2950 2930//2930
f 2930//2930 2950//2950 2951//2951
f 2930//2930 2951//2951 2931//2931
f 2931//2931 2951//2951 2952//2952
f 2931//2931 2952//2952 2932//2932
f 2932//2932 2952//2952 2953//2953
f 2932//2932 2953//2953 2933//2933
f 2933//2933 2953//2953 2954//2954
f 2933//2933 2954//2954 2934//2934
f 2934//2934 2954//2954 2955//2955
f 2934//2934 2955//2955 2935//2935
f 2935//2935 2955//2955 2956//2956
f 2935//2935 2956//2956 2936//2936
f 2936//2936 2956//2956 2957//2957
f 2936//2936 2957//2957 2937//2937
f 2937//2937 2957//2957 2958//2958
f 2937//2937 2958//2958 2938//2938
f 2938//2938 2958//2958 2959//2959
f 2938//2938 2959//2959 2939//2939
f 2939//2939 2959//2959 2960//2960
f 2939//2939 2960//2960 2940//2940
f 2940//2940 2960//2960 2941//2941
f 2940//2940 2941//2941 2921//2921
f 2941//2941 2961//2961 2962//2962
f 2941//2941 2962//2962 2942//2942
f 2942//2942 2962//2962 2963//2963
f 2942//2942 2963//2963 2943//2943
f 2943//2943 2963//2963 2964//2964
f 2943//2943 2964//2964 2944//2944
f 2944//2944 2964//2964 2965//2965
f 2944//2944 2965//2965 2945//2945
f 2945//2945 2965//2965 2966//2966
f 2945//2945 2966//2966 2946//2946
f 2946//2946 2966//2966 2967//2967
f 2946//2946 2967//2967 2947//2947
f 2947//2947 2967//2967 2968//2968
f 2947//2947 2968//2968 2948//2948
f 2948//2948 2968//2968 2969//2969
f 2948//2948 2969//2969 2949//2949
f 2949//2949 2969//2969 2970//2970
f 2949//2949 2970//2970 2950//2950
f 2950//2950 2970//2970 2971//2971
f 2950//2950 2971//2971 2951//2951
f 2951//2951 2971//2971 2972//2972
f 2951//2951 2972//2972 2952//2952
f 2952//2952 2972//2972 2973//2973
f 2952//2952 2973//2973 2953//2953
f 2953//2953 2973//2973 2974//2974
f 2953//2953 2974//2974 2954//2954
f 2954//2954 2974//2974 2975//2975
f 2954//2954 2975//2975 2955//2955
f 2955//2955 2975//2975 2976//2976
f 2955//2955 2976//2976 2956//2956
f 2956//2956 2976//2976 2977//2977
f 2956//2956 2977//2977 2957//2957
f 2957//2957 2977//2977 2978//2978
f 2957//2957 2978//2978 2958//2958
f 2958//2958 2978//2978 2979//2979
f 2958//2958 2979//2979 2959//2959
f 2959//2959 2979//2979 2980//2980
f 2959//2959 2980//2980 2960//2960
f 2960//2960 2980//2980 2961//2961
f 2960//2960 2961//2961 2941//2941
f 2961//2961 2981//2981 2982//2982
f 2961//2961 2982//2982 2962//2962
f 2962//2962 2982//2982 2983//2983
f 2962//2962 2983//2983 2963//2963
f 2963//2963 2983//2983 2984//2984
f 2963//2963 2984//2984 2964//2964
f 2964//2964 2984//2984 2985//2985
f 2964//2964 2985//2985 2965//2965
f 2965//2965 2985//2985 2986//2986
f 2965//2965 2986//2986 2966//2966
f 2966//2966 2986//2986 2987//2987
f 2966//2966 2987//2987 2967//2967
f 2967//2967 2987//2987 2988//2988
f 2967//2967 2988//2988 2968//2968
f 2968//2968 2988//2988 2989//2989
f 2968//2968 2989//2989 2969//2969
f 2969//2969 2989//2989 2990//2990
f 2969//2969 2990//2990 2970//2970
f 2970//2970 2990//2990 2991//2991
f 2970//2970 2991//2991 2971//2971
f 2971//2971 2991//2991 2992//2992
f 2971//2971 2992//2992 2972//2972
f 2972//2972 2992//2992 2993//2993
f 2972//2972 2993//2993 2973//2973
f 2973//2973 2993//2993 2994//2994
f 2973//2973 2994//2994 2974//2974
f 2974//2974 2994//2994 2995//2995
f 2974//2974 2995//2995 2975//2975
f 2975//2975 2995//2995 2996//2996
f 2975//2975 2996//2996 2976//2976
f 2976//2976 2996//2996 2997//2997
f 2976//2976 2997//2997 2977//2977
f 2977//2977 2997//2997 2998//2998
f 2977//2977 2998//2998 2978//2978
f 2978//2978 2998//2998 2999//2999
f 2978//2978 2999//2999 2979//2979
f 2979//2979 2999//2999 3000//3000
f 2979//2979 3000//3000 2980//2980
f 2980//2980 3000//3000 2981//2981
f 2980//2980 2981//2981 2961//2961
f 2981//2981 3001//3001 3002//3002
f 2981//2981 3002//3002 2982//2982
f 2982//2982 3002//3002 3003//3003
f 2982//2982 3003//3003 2983//2983
f 2983//2983 3003//3003 3004//3004
f 2983//2983 3004//3004 2984//2984
f 2984//2984 3004//3004 3005//3005
f 2984//2984 3005//3005 2985//2985
f 2985//2985 3005//3005 3006//3006
f 2985//2985 3006//3006 2986//2986
f 2986//2986 3006//3006 3007//3007
f 2986//2986 3007//3007 2987//2987
f 2987//2987 3007//3007 3008//3008
f 2987//2987 3008//3008 2988//2988
f 2988//2988 3008//3008 3009//3009
f 2988//2988 3009//3009 2989//2989
f 2989//2989 3009//3009 3010//3010
f 2989//2989 3010//3010 2990//2990
f 2990//2990 3010//3010 3011//3011
f 2990//2990 3011//3011 2991//2991
f 2991//2991 3011//3011 3012//3012
f 2991//2991 3012//3012 2992//2992
f 2992//2992 3012//3012 3013//3013
f 2992//2992 3013//3013 2993//2993
f 2993//2993 3013//3013 3014//3014
f 2993//2993 3014//3014 2994//2994
f 2994//2994 3014//3014 3015//3015
f 2994//2994 3015//3015 2995//2995
f 2995//2995 3015//3015 3016//3016
f 2995//2995 3016//3016 2996//2996
f 2996//2996 3016//3016 3017//3017
f 2996//2996 3017//3017 2997//2997
f 2997//2997 3017//3017 3018//3018
f 2997//2997 3018//3018 2998//2998
f 2998//2998 3018//3018 3019//3019
f 2998//2998 3019//3019 2999//2999
f 2999//2999 3019//3019 3020//3020
f 2999//2999 3020//3020 3000//3000
f 3000//3000 3020//3020 3001//3001
f 3000//3000 3001//3001 2981//2981
f 3001//3001 3021//3021 3022//3022
f 3001//3001 3022//3022 3002//3002
f 3002//3002 3022//3022 3023//3023
f 3002//3002 3023//3023 3003//3003
f 3003//3003 3023//3023 3024//3024
f 3003//3003 3024//3024 3004//3004
f 3004//3004 3024//3024 3025//3025
f 3004//3004 3025//3025 3005//3005
f 3005//3005 3025//3025 3026//3026
f 3005//3005 3026//3026 3006//3006
f 3006//3006 3026//3026 3027//3027
f 3006//3006 3027//3027 3007//3007
f 3007//3007 3027//3027 3028//3028
f 3007//3007 3028//3028 3008//3008
f 3008//3008 3028//3028 3029//3029
f 3008//3008 3029//3029 3009//3009
f 3009//3009 3029//3029 3030//3030
f 3009//3009 3030//3030 3010//3010
f 3010//3010 3030//3030 3031//3031
f 3010//3010 3031//3031 3011//3011
f 3011//3011 3031//3031 3032//3032
f 3011//3011 3032//3032 3012//3012
f 3012//3012 3032//3032 3033//3033
f 3012//3012 3033//3033 3013//3013
f 3013//3013 3033//3033 3034//3034
f 3013//3013 3034//3034 3014//3014
f 3014//3014 3034//3034 3035//3035
f 3014//3014 3035//3035 3015//3015
f 3015//3015 3035//3035 3036//3036
f 3015//3015 3036//3036 3016//3016
f 3016//3016 3036//3036 3037//3037
f 3016//3016 3037//3037 3017//3017
f 3017//3017 3037//3037 3038//3038
f 3017//3017 3038//3038 3018//3018
f 3018//3018 3038//3038 3039//3039
f 3018//3018 3039//3039 3019//3019
f 3019//3019 3039//3039 3040//3040
f 3019//3019 3040//3040 3020//3020
f 3020//3020 3040//3040 3021//3021
f 3020//3020 3021//3021 3001//3001
f 3021//3021 3041//3041 3042//3042
f 3021//3021 3042//3042 3022//3022
f 3022//3022 3042//3042 3043//3043
f 3022//3022 3043//3043 3023//3023
f 3023//3023 3043//3043 3044//3044
f 3023//3023 3044//3044 3024//3024
f 3024//3024 3044//3044 3045//3045
f 3024//3024 3045//3045 3025//3025
f 3025//3025 3045//3045 3046//3046
f 3025//3025 3046//3046 3026//3026
f 3026//3026 3046//3046 3047//3047
f 3026//3026 3047//3047 3027//3027
f 3027//3027 3047//3047 3048//3048
f 3027//3027 3048//3048 3028//3028
f 3028//3028 3048//3048 3049//3049
f 3028//3028 3049//3049 3029//3029
f 3029//3029 3049//3049 3050//3050
f 3029//3029 3050//3050 3030//3030
f 3030//3030 3050//3050 3051//3051
f 3030//3030 3051//3051 3031//3031
f 3031//3031 3051//3051 3052//3052
f 3031//3031 3052//3052 3032//3032
f 3032//3032 3052//3052 3053//3053
f 3032//3032 3053//3053 3033//3033
f 3033//3033 3053//3053 3054//3054
f 3033//3033 3054//3054 3034//3034
f 3034//3034 3054//3054 3055//3055
f 3034//3034 3055//3055 3035//3035
f 3035//3035 3055//3055 3056//3056
f 3035//3035 3056//3056 3036//3036
f 3036//3036 3056//3056 3057//3057
f 3036//3036 3057//3057 3037//3037
f 3037//3037 3057//3057 3058//3058
f 3037//3037 3058//3058 3038//3038
f 3038//3038 3058//3058 3059//3059
f 3038//3038 3059//3059 3039//3039
f 3039//3039 3059//3059 3060//3060
f 3039//3039 3060//3060 3040//3040
f 3040//3040 3060//3060 3041//3041
f 3040//3040 3041//3041 3021//3021
f 3041//3041 3061//3061 3062//3062
f 3041//3041 3062//3062 3042//3042
f 3042//3042 3062//3062 3063//3063
f 3042//3042 3063//3063 3043//3043
f 3043//3043 3063//3063 3064//3064
f 3043//3043 3064//3064 3044//3044
f 3044//3044 3064//3064 3065//3065
f 3044//3044 3065//3065 3045//3045
f 3045//3045 3065//3065 3066//3066
f 3045//3045 3066//3066 3046//3046
f 3046//3046 3066//3066 3067//3067
f 3046//3046 3067//3067 3047//3047
f 3047//3047 3067//3067 3068//3068
f 3047//3047 3068//3068 3048//3048
f 3048//3048 3068//3068 3069//3069
f 3048//3048 3069//3069 3049//3049
f 3049//3049 3069//3069 3070//3070
f 3049//3049 3070//3070 3050//3050
f 3050//3050 3070//3070 3071//3071
f 3050//3050 3071//3071 3051//3051
f 3051//3051 3071//3071 3072//3072
f 3051//3051 3072//3072 3052//3052
f 3052//3052 3072//3072 3073//3073
f 3052//3052 3073//3073 3053//3053
f 3053//3053 3073//3073 3074//3074
f 3053//3053 3074//3074 3054//3054
f 3054//3054 3074//3074 3075//3075
f 3054//3054 3075//3075 3055//3055
f 3055//3055 3075//3075 3076//3076
f 3055//3055 3076//3076 3056//3056
f 3056//3056 3076//3076 3077//3077
f 3056//3056 3077//3077 3057//3057
f 3057//3057 3077//3077 3078//3078
f 3057//3057 3078//3078 3058//3058
f 3058//3058 3078//3078 3079//3079
f 3058//3058 3079//3079 3059//3059
f 3059//3059 3079//3079 3080//3080
f 3059//3059 3080//3080 3060//3060
f 3060//3060 3080//3080 3061//3061
f 3060//3060 3061//3061 3041//3041
f 3061//3061 3081//3081 3082//3082
f 3061//3061 3082//3082 3062//3062
f 3062//3062 3082//3082 3083//3083
f 3062//3062 3083//3083 3063//3063
f 3063//3063 3083//3083 3084//3084
f 3063//3063 3084//3084 3064//3064
f 3064//3064 3084//3084 3085//3085
f 3064//3064 3085//3085 3065//3065
f 3065//3065 3085//3085 3086//3086
f 3065//3065 3086//3086 3066//3066
f 3066//3066 3086//3086 3087//3087
f 3066//3066 3087//3087 3067//3067
f 3067//3067 3087//3087 3088//3088
f 3067//3067 3088//3088 3068//3068
f 3068//3068 3088//3088 3089//3089
f 3068//3068 3089//3089 3069//3069
f 3069//3069 3089//3089 3090//3090
f 3069//3069 3090//3090 3070//3070
f 3070//3070 3090//3090 3091//3091
f 3070//3070 3091//3091 3071//3071
f 3071//3071 3091//3091 3092//3092
f 3071//3071 3092//3092 3072//3072
f 3072//3072 3092//3092 3093//3093
f 3072//3072 3093//3093 3073//3073
f 3073//3073 3093//3093 3094//3094
f 3073//3073 3094//3094 3074//3074
f 3074//3074 3094//3094 3095//3095
f 3074//3074 3095//3095 3075//3075
f 3075//3075 3095//3095 3096//3096
f 3075//3075 3096//3096 3076//3076
f 3076//3076 3096//3096 3097//3097
f 3076//3076 3097//3097 3077//3077
f 3077//3077 3097//3097 3098//3098
f 3077//3077 3098//3098 3078//3078
f 3078//3078 3098//3098 3099//3099
f 3078//3078 3099//3099 3079//3079
f 3079//3079 3099//3099 3100//3100
f 3079//3079 3100//3100 3080//3080
f 3080//3080 3100//3100 3081//3081
f 3080//3080 3081//3081 3061//3061
f 3081//3081 3101//3101 3102//3102
f 3081//3081 3102//3102 3082//3082
f 3082//3082 3102//3102 3103//3103
f 3082//3082 3103//3103 3083//3083
f 3083//3083 3103//3103 3104//3104
f 3083//3083 3104//3104 3084//3084
f 3084//3084 3104//3104 3105//3105
f 3084//3084 3105//3105 3085//3085
f 3085//3085 3105//3105 3106//3106
f 3085//3085 3106//3106 3086//3086
f 3086//3086 3106//3106 3107//3107
f 3086//3086 3107//3107 3087//3087
f 3087//3087 3107//3107 3108//3108
f 3087//3087 3108//3108 3088//3088
f 3088//3088 3108//3108 3109//3109
f 3088//3088 3109//3109 3089//3089
f 3089//3089 3109//3109 3110//3110
f 3089//3089 3110//3110 3090//3090
f 3090//3090 3110//3110 3111//3111
f 3090//3090 3111//3111 3091//3091
f 3091//3091 3111//3111 3112//3112
f 3091//3091 3112//3112 3092//3092
f 3092//3092 3112//3112 3113//3113
f 3092//3092 3113//3113 3093//3093
f 3093//3093 3113//3113 3114//3114
f 3093//3093 3114//3114 3094//3094
f 3094//3094 3114//3114 3115//3115
f 3094//3094 3115//3115 3095//3095
f 3095//3095 3115//3115 3116//3116
f 3095//3095 3116//3116 3096//3096
f 3096//3096 3116//3116 3117//3117
f 3096//3096 3117//3117 3097//3097
f 3097//3097 3117//3117 3118//3118
f 3097//3097 3118//3118 3098//3098
f 3098//3098 3118//3118 3119//3119
f 3098//3098 3119//3119 3099//3099
f 3099//3099 3119//3119 3120//3120
f 3099//3099 3120//3120 3100//3100
f 3100//3100 3120//3120 3101//3101
f 3100//3100 3101//3101 3081//3081
f 3101//3101 3121//3121 3122//3122
f 3101//3101 3122//3122 3102//3102
f 3102//3102 3122//3122 3123//3123
f 3102//3102 3123//3123 3103//3103
f 3103//3103 3123//3123 3124//3124
f 3103//3103 3124//3124 3104//3104
f 3104//3104 3124//3124 3125//3125
f 3104//3104 3125//3125 3105//3105
f 3105//3105 3125//3125 3126//3126
f 3105//3105 3126//3126 3106//3106
f 3106//3106 3126//3126 3127//3127
f 3106//3106 3127//3127 3107//3107
f 3107//3107 3127//3127 3128//3128
f 3107//3107 3128//3128 3108//3108
f 3108//3108 3128//3128 3129//3129
f 3108//3108 3129//3129 3109//3109
f 3109//3109 3129//3129 3130//3130
f 3109//3109 3130//3130 3110//3110
f 3110//3110 3130//3130 3131//3131
f 3110//3110 3131//3131 3111//3111
f 3111//3111 3131//3131 3132//3132
f 3111//3111 3132//3132 3112//3112
f 3112//3112 3132//3132 3133//3133
f 3112//3112 3133//3133 3113//3113
f 3113//3113 3133//3133 3134//3134
f 3113//3113 3134//3134 3114//3114
f 3114//3114 3134//3134 3135//3135
f 3114//3114 3135//3135 3115//3115
f 3115//3115 3135//3135 3136//3136
f 3115//3115 3136//3136 3116//3116
f 3116//3116 3136//3136 3137//3137
f 3116//3116 3137//3137 3117//3117
f 3117//3117 3137//3137 3138//3138
f 3117//3117 3138//3138 3118//3118
f 3118//3118 3138//3138 3139//3139
f 3118//3118 3139//3139 3119//3119
f 3119//3119 3139//3139 3140//3140
f 3119//3119 3140//3140 3120//3120
f 3120//3120 3140//3140 3121//3121
f 3120//3120 3121//3121 3101//3101
f 3121//3121 3141//3141 3142//3142
f 3121//3121 3142//3142 3122//3122
f 3122//3122 3142//3142 3143//3143
f 3122//3122 3143//3143 3123//3123
f 3123//3123 3143//3143 3144//3144
f 3123//3123 3144//3144 3124//3124
f 3124//3124 3144//3144 3145//3145
f 3124//3124 3145//3145 3125//3125
f 3125//3125 3145//3145 3146//3146
f 3125//3125 3146//3146 3126//3126
f 3126//3126 3146//3146 3147//3147
f 3126//3126 3147//3147 3127//3127
f 3127//3127 3147//3147 3148//3148
f 3127//3127 3148//3148 3128//3128
f 3128//3128 3148//3148 3149//3149
f 3128//3128 3149//3149 3129//3129
f 3129//3129 3149//3149 3150//3150
f 3129//3129 3150//3150 3130//3130
f 3130//3130 3150//3150 3151//3151
f 3130//3130 3151//3151 3131//3131
f 3131//3131 3151//3151 3152//3152
f 3131//3131 3152//3152 3132//3132
f 3132//3132 3152//3152 3153//3153
f 3132//3132 3153//3153 3133//3133
f 3133//3133 3153//3153 3154//3154
f 3133//3133 3154//3154 3134//3134
f 3134//3134 3154//3154 3155//3155
f 3134//3134 3155//3155 3135//3135
f 3135//3135 3155//3155 3156//3156
f 3135//3135 3156//3156 3136//3136
f 3136//3136 3156//3156 3157//3157
f 3136//3136 3157//3157 3137//3137
f 3137//3137 3157//3157 3158//3158
f 3137//3137 3158//3158 3138//3138
f 3138//3138 3158//3158 3159//3159
f 3138//3138 3159//3159 3139//3139
f 3139//3139 3159//3159 3160//3160
f 3139//3139 3160//3160 3140//3140
f 3140//3140 3160//3160 3141//3141
f 3140//3140 3141//3141 3121//3121
f 3141//3141 3161//3161 3162//3162
f 3141//3141 3162//3162 3142//3142
f 3142//3142 3162//3162 3163//3163
f 3142//3142 3163//3163 3143//3143
f 3143//3143 3163//3163 3164//3164
f 3143//3143 3164//3164 3144//3144
f 3144//3144 3164//3164 3165//3165
f 3144//3144 3165//3165 3145//3145
f 3145//3145 3165//3165 3166//3166
f 3145//3145 3166//3166 3146//3146
f 3146//3146 3166//3166 3167//3167
f 3146//3146 3167//3167 3147//3147
f 3147//3147 3167//3167 3168//3168
f 3147//3147 3168//3168 3148//3148
f 3148//3148 3168//3168 3169//3169
f 3148//3148 3169//3169 3149//3149
f 3149//3149 3169//3169 3170//3170
f 3149//3149 3170//3170 3150//3150
f 3150//3150 3170//3170 3171//3171
f 3150//3150 3171//3171 3151//3151
f 3151//3151 3171//3171 3172//3172
f 3151//3151 3172//3172 3152//3152
f 3152//3152 3172//3172 3173//3173
f 3152//3152 3173//3173 3153//3153
f 3153//3153 3173//3173 3174//3174
f 3153//3153 3174//3174 3154//3154
f 3154//3154 3174//3174 3175//3175
f 3154//3154 3175//3175 3155//3155
f 3155//3155 3175//3175 3176//3176
f 3155//3155 3176//3176 3156//3156
f 3156//3156 3176//3176 3177//3177
f 3156//3156 3177//3177 3157//3157
f 3157//3157 3177//3177 3178//3178
f 3157//3157 3178//3178 3158//3158
f 3158//3158 3178//3178 3179//3179
f 3158//3158 3179//3179 3159//3159
f 3159//3159 3179//3179 3180//3180
f 3159//3159 3180//3180 3160//3160
f 3160//3160 3180//3180 3161//3161
f 3160//3160 3161//3161 3141//3141
f 3161//3161 3181//3181 3182//3182
f 3161//3161 3182//3182 3162//3162
f 3162//3162 3182//3182 3183//3183
f 3162//3162 3183//3183 3163//3163
f 3163//3163 3183//3183 3184//3184
f 3163//3163 3184//3184 3164//3164
f 3164//3164 3184//3184 3185//3185
f 3164//3164 3185//3185 3165//3165
f 3165//3165 3185//3185 3186//3186
f 3165//3165 3186//3186 3166//3166
f 3166//3166 3186//3186 3187//3187
f 3166//3166 3187//3187 3167//3167
f 3167//3167 3187//3187 3188//3188
f 3167//3167 3188//3188 3168//3168
f 3168//3168 3188//3188 3189//3189
f 3168//3168 3189//3189 3169//3169
f 3169//3169 3189//3189 3190//3190
f 3169//3169 3190//3190 3170//3170
f 3170//3170 3190//3190 3191//3191
f 3170//3170 3191//3191 3171//3171
f 3171//3171 3191//3191 3192//3192
f 3171//3171 3192//3192 3172//3172
f 3172//3172 3192//3192 3193//3193
f 3172//3172 3193//3193 3173//3173
f 3173//3173 3193//3193 3194//3194
f 3173//3173 3194//3194 3174//3174
f 3174//3174 3194//3194 3195//3195
f 3174//3174 3195//3195 3175//3175
f 3175//3175 3195//3195 3196//3196
f 3175//3175 3196//3196 3176//3176
f 3176//3176 3196//3196 3197//3197
f 3176//3176 3197//3197 3177//3177
f 3177//3177 3197//3197 3198//3198
f 3177//3177 3198//3198 3178//3178
f 3178//3178 3198//3198 3199//3199
f 3178//3178 3199//3199 3179//3179
f 3179//3179 3199//3199 3200//3200
f 3179//3179 3200//3200 3180//3180
f 3180//3180 3200//3200 3181//3181
f 3180//3180 3181//3181 3161//3161
f 3181//3181 3201//3201 3202//3202
f 3181//3181 3202//3202 3182//3182
f 3182//3182 3202//3202 3203//3203
f 3182//3182 3203//3203 3183//3183
f 3183//3183 3203//3203 3204//3204
f 3183//3183 3204//3204 3184//3184
f 3184//3184 3204//3204 3205//3205
f 3184//3184 3205//3205 3185//3185
f 3185//3185 3205//3205 3206//3206
f 3185//3185 3206//3206 3186//3186
f 3186//3186 3206//3206 3207//3207
f 3186//3186 3207//3207 3187//3187
f 3187//3187 3207//3207 3208//3208
f 3187//3187 3208//3208 3188//3188
f 3188//3188 3208//3208 3209//3209
f 3188//3188 3209//3209 3189//3189
f 3189//3189 3209//3209 3210//3210
f 3189//3189 3210//3210 3190//3190
f 3190//3190 3210//3210 3211//3211
f 3190//3190 3211//3211 3191//3191
f 3191//3191 3211//3211 3212//3212
f 3191//3191 3212//3212 3192//3192
f 3192//3192 3212//3212 3213//3213
f 3192//3192 3213//3213 3193//3193
f 3193//3193 3213//3213 3214//3214
f 3193//3193 3214//3214 3194//3194
f 3194//3194 3214//3214 3215//3215
f 3194//3194 3215//3215 3195//3195
f 3195//3195 3215//3215 3216//3216
f 3195//3195 3216//3216 3196//3196
f 3196//3196 3216//3216 3217//3217
f 3196//3196 3217//3217 3197//3197
f 3197//3197 3217//3217 3218//3218
f 3197//3197 3218//3218 3198//3198
f 3198//3198 3218//3218 3219//3219
f 3198//3198 3219//3219 3199//3199
f 3199//3199 3219//3219 3220//3220
f 3199//3199 3220//3220 3200//3200
f 3200//3200 3220//3220 3201//3201
f 3200//3200 3201//3201 3181//3181
f 3201//3201 3221//3221 3222//3222
f 3201//3201 3222//3222 3202//3202
f 3202//3202 3222//3222 3223//3223
f 3202//3202 3223//3223 3203//3203
f 3203//3203 3223//3223 3224//3224
f 3203//3203 3224//3224 3204//3204
f 3204//3204 3224//3224 3225//3225
f 3204//3204 3225//3225 3205//3205
f 3205//3205 3225//3225 3226//3226
f 3205//3205 3226//3226 3206//3206
f 3206//3206 3226//3226 3227//3227
f 3206//3206 3227//3227 3207//3207
f 3207//3207 3227//3227 3228//3228
f 3207//3207 3228//3228 3208//3208
f 3208//3208 3228//3228 3229//3229
f 3208//3208 3229//3229 3209//3209
f 3209//3209 3229//3229 3230//3230
f 3209//3209 3230//3230 3210//3210
f 3210//3210 3230//3230 3231//3231
f 3210//3210 3231//3231 3211//3211
f 3211//3211 3231//3231 3232//3232
f 3211//3211 3232//3232 3212//3212
f 3212//3212 3232//3232 3233//3233
f 3212//3212 3233//3233 3213//3213
f 3213//3213 3233//3233 3234//3234
f 3213//3213 3234//3234 3214//3214
f 3214//3214 3234//3234 3235//3235
f 3214//3214 3235//3235 3215//3215
f 3215//3215 3235//3235 3236//3236
f 3215//3215 3236//3236 3216//3216
f 3216//3216 3236//3236 3237//3237
f 3216//3216 3237//3237 3217//3217
f 3217//3217 3237//3237 3238//3238
f 3217//3217 3238//3238 3218//3218
f 3218//3218 3238//3238 3239//3239
f 3218//3218 3239//3239 3219//3219
f 3219//3219 3239//3239 3240//3240
f 3219//3219 3240//3240 3220//3220
f 3220//3220 3240//3240 3221//3221
f 3220//3220 3221//3221 3201//3201
f 3221//3221 3241//3241 3242//3242
f 3221//3221 3242//3242 3222//3222
f 3222//3222 3242//3242 3243//3243
f 3222//3222 3243//3243 3223//3223
f 3223//3223 3243//3243 3244//3244
f 3223//3223 3244//3244 3224//3224
f 3224//3224 3244//3244 3245//3245
f 3224//3224 3245//3245 3225//3225
f 3225//3225 3245//3245 3246//3246
f 3225//3225 3246//3246 3226//3226
f 3226//3226 3246//3246 3247//3247
f 3226//3226 3247//3247 3227//3227
f 3227//3227 3247//3247 3248//3248
f 3227//3227 3248//3248 3228//3228
f 3228//3228 3248//3248 3249//3249
f 3228//3228 3249//3249 3229//3229
f 3229//3229 3249//3249 3250//3250
f 3229//3229 3250//3250 3230//3230
f 3230//3230 3250//3250 3251//3251
f 3230//3230 3251//3251 3231//3231
f 3231//3231 3251//3251 3252//3252
f 3231//3231 3252//3252 3232//3232
f 3232//3232 3252//3252 3253//3253
f 3232//3232 3253//3253 3233//3233
f 3233//3233 3253//3253 3254//3254
f 3233//3233 3254//3254 3234//3234
f 3234//3234 3254//3254 3255//3255
f 3234//3234 3255//3255 3235//3235
f 3235//3235 3255//3255 3256//3256
f 3235//3235 3256//3256 3236//3236
f 3236//3236 3256//3256 3257//3257
f 3236//3236 3257//3257 3237//3237
f 3237//3237 3257//3257 3258//3258
f 3237//3237 3258//3258 3238//3238
f 3238//3238 3258//3258 3259//3259
f 3238//3238 3259//3259 3239//3239
f 3239//3239 3259//3259 3260//3260
f 3239//3239 3260//3260 3240//3240
f 3240//3240 3260//3260 3241//3241
f 3240//3240 3241//3241 3221//3221
f 3241//3241 3261//3261 3262//3262
f 3241//3241 3262//3262 3242//3242
f 3242//3242 3262//3262 3263//3263
f 3242//3242 3263//3263 3243//3243
f 3243//3243 3263//3263 3264//3264
f 3243//3243 3264//3264 3244//3244
f 3244//3244 3264//3264 3265//3265
f 3244//3244 3265//3265 3245//3245
f 3245//3245 3265//3265 3266//3266
f 3245//3245 3266//3266 3246//3246
f 3246//3246 3266//3266 3267//3267
f 3246//3246 3267//3267 3247//3247
f 3247//3247 3267//3267 3268//3268
f 3247//3247 3268//3268 3248//3248
f 3248//3248 3268//3268 3269//3269
f 3248//3248 3269//3269 3249//3249
f 3249//3249 3269//3269 3270//3270
f 3249//3249 3270//3270 3250//3250
f 3250//3250 3270//3270 3271//3271
f 3250//3250 3271//3271 3251//3251
f 3251//3251 3271//3271 3272//3272
f 3251//3251 3272//3272 3252//3252
f 3252//3252 3272//3272 3273//3273
f 3252//3252 3273//3273 3253//3253
f 3253//3253 3273//3273 3274//3274
f 3253//3253 3274//3274 3254//3254
f 3254//3254 3274//3274 3275//3275
f 3254//3254 3275//3275 3255//3255
f 3255//3255 3275//3275 3276//3276
f 3255//3255 3276//3276 3256//3256
f 3256//3256 3276//3276 3277//3277
f 3256//3256 3277//3277 3257//3257
f 3257//3257 3277//3277 3278//3278
f 3257//3257 3278//3278 3258//3258
f 3258//3258 3278//3278 3279//3279
f 3258//3258 3279//3279 3259//3259
f 3259//3259 3279//3279 3280//3280
f 3259//3259 3280//3280 3260//3260
f 3260//3260 3280//3280 3261//3261
f 3260//3260 3261//3261 3241//3241
f 3261//3261 3281//3281 3282//3282
f 3261//3261 3282//3282 3262//3262
f 3262//3262 3282//3282 3283//3283
f 3262//3262 3283//3283 3263//3263
f 3263//3263 3283//3283 3284//3284
f 3263//3263 3284//3284 3264//3264
f 3264//3264 3284//3284 3285//3285
f 3264//3264 3285//3285 3265//3265
f 3265//3265 3285//3285 3286//3286
f 3265//3265 3286//3286 3266//3266
f 3266//3266 3286//3286 3287//3287
f 3266//3266 3287//3287 3267//3267
f 3267//3267 3287//3287 3288//3288
f 3267//3267 3288//3288 3268//3268
f 3268//3268 3288//3288 3289//3289
f 3268//3268 3289//3289 3269//3269
f 3269//3269 3289//3289 3290//3290
f 3269//3269 3290//3290 3270//3270
f 3270//3270 3290//3290 3291//3291
f 3270//3270 3291//3291 3271//3271
f 3271//3271 3291//3291 3292//3292
f 3271//3271 3292//3292 3272//3272
f 3272//3272 3292//3292 3293//3293
f 3272//3272 3293//3293 3273//3273
f 3273//3273 3293//3293 3294//3294
f 3273//3273 3294//3294 3274//3274
f 3274//3274 3294//3294 3295//3295
f 3274//3274 3295//3295 3275//3275
f 3275//3275 3295//3295 3296//3296
f 3275//3275 3296//3296 3276//3276
f 3276//3276 3296//3296 3297//3297
f 3276//3276 3297//3297 3277//3277
f 3277//3277 3297//3297 3298//3298
f 3277//3277 3298//3298 3278//3278
f 3278//3278 3298//3298 3299//3299
f 3278//3278 3299//3299 3279//3279
f 3279//3279 3299//3299 3300//3300
f 3279//3279 3300//3300 3280//3280
f 3280//3280 3300//3300 3281//3281
f 3280//3280 3281//3281 3261//3261
f 3281//3281 3301//3301 3302//3302
f 3281//3281 3302//3302 3282//3282
f 3282//3282 3302//3302 3303//3303
f 3282//3282 3303//3303 3283//3283
f 3283//3283 3303//3303 3304//3304
f 3283//3283 3304//3304 3284//3284
f 3284//3284 3304//3304 3305//3305
f 3284//3284 3305//3305 3285//3285
f 3285//3285 3305//3305 3306//3306
f 3285//3285 3306//3306 3286//3286
f 3286//3286 3306//3306 3307//3307
f 3286//3286 3307//3307 3287//3287
f 3287//3287 3307//3307 3308//3308
f 3287//3287 3308//3308 3288//3288
f 3288//3288 3308//3308 3309//3309
f 3288//3288 3309//3309 3289//3289
f 3289//3289 3309//3309 3310//3310
f 3289//3289 3310//3310 3290//3290
f 3290//3290 3310//3310 3311//3311
f 3290//3290 3311//3311 3291//3291
f 3291//3291 3311//3311 3312//3312
f 3291//3291 3312//3312 3292//3292
f 3292//3292 3312//3312 3313//3313
f 3292//3292 3313//3313 3293//3293
f 3293//3293 3313//3313 3314//3314
f 3293//3293 3314//3314 3294//3294
f 3294//3294 3314//3314 3315//3315
f 3294//3294 3315//3315 3295//3295
f 3295//3295 3315//3315 3316//3316
f 3295//3295 3316//3316 3296//3296
f 3296//3296 3316//3316 3317//3317
f 3296//3296 3317//3317 3297//3297
f 3297//3297 3317//3317 3318//3318
f 3297//3297 3318//3318 3298//3298
f 3298//3298 3318//3318 3319//3319
f 3298//3298 3319//3319 3299//3299
f 3299//3299 3319//3319 3320//3320
f 3299//3299 3320//3320 3300//3300
f 3300//3300 3320//3320 3301//3301
f 3300//3300 3301//3301 3281//3281
f 3301//3301 3321//3321 3322//3322
f 3301//3301 3322//3322 3302//3302
f 3302//3302 3322//3322 3323//3323
f 3302//3302 3323//3323 3303//3303
f 3303//3303 3323//3323 3324//3324
f 3303//3303 3324//3324 3304//3304
f 3304//3304 3324//3324 3325//3325
f 3304//3304 3325//3325 3305//3305
f 3305//3305 3325//3325 3326//3326
f 3305//3305 3326//3326 3306//3306
f 3306//3306 3326//3326 3327//3327
f 3306//3306 3327//3327 3307//3307
f 3307//3307 3327//3327 3328//3328
f 3307//3307 3328//3328 3308//3308
f 3308//3308 3328//3328 3329//3329
f 3308//3308 3329//3329 3309//3309
f 3309//3309 3329//3329 3330//3330
f 3309//3309 3330//3330 3310//3310
f 3310//3310 3330//3330 3331//3331
f 3310//3310 3331//3331 3311//3311
f 3311//3311 3331//3331 3332//3332
f 3311//3311 3332//3332 3312//3312
f 3312//3312 3332//3332 3333//3333
f 3312//3312 3333//3333 3313//3313
f 3313//3313 3333//3333 3334//3334
f 3313//3313 3334//3334 3314//3314
f 3314//3314 3334//3334 3335//3335
f 3314//3314 3335//3335 3315//3315
f 3315//3315 3335//3335 3336//3336
f 3315//3315 3336//3336 3316//3316
f 3316//3316 3336//3336 3337//3337
f 3316//3316 3337//3337 3317//3317
f 3317//3317 3337//3337 3338//3338
f 3317//3317 3338//3338 3318//3318
f 3318//3318 3338//3338 3339//3339
f 3318//3318 3339//3339 3319//3319
f 3319//3319 3339//3339 3340//3340
f 3319//3319 3340//3340 3320//3320
f 3320//3320 3340//3340 3321//3321
f 3320//3320 3321//3321 3301//3301
f 3321//3321 3341//3341 3342//3342
f 3321//3321 3342//3342 3322//3322
f 3322//3322 3342//3342 3343//3343
f 3322//3322 3343//3343 3323//3323
f 3323//3323 3343//3343 3344//3344
f 3323//3323 3344//3344 3324//3324
f 3324//3324 3344//3344 3345//3345
f 3324//3324 3345//3345 3325//3325
f 3325//3325 3345//3345 3346//3346
f 3325//3325 3346//3346 3326//3326
f 3326//3326 3346//3346 3347//3347
f 3326//3326 3347//3347 3327//3327
f 3327//3327 3347//3347 3348//3348
f 3327//3327 3348//3348 3328//3328
f 3328//3328 3348//3348 3349//3349
f 3328//3328 3349//3349 3329//3329
f 3329//3329 3349//3349 3350//3350
f 3329//3329 3350//3350 3330//3330
f 3330//3330 3350//3350 3351//3351
f 3330//3330 3351//3351 3331//3331
f 3331//3331 3351//3351 3352//3352
f 3331//3331 3352//3352 3332//3332
f 3332//3332 3352//3352 3353//3353
f 3332//3332 3353//3353 3333//3333
f 3333//3333 3353//3353 3354//3354
f 3333//3333 3354//3354 3334//3334
f 3334//3334 3354//3354 3355//3355
f 3334//3334 3355//3355 3335//3335
f 3335//3335 3355//3355 3356//3356
f 3335//3335 3356//3356 3336//3336
f 3336//3336 3356//3356 3357//3357
f 3336//3336 3357//3357 3337//3337
f 3337//3337 3357//3357 3358//3358
f 3337//3337 3358//3358 3338//3338
f 3338//3338 3358//3358 3359//3359
f 3338//3338 3359//3359 3339//3339
f 3339//3339 3359//3359 3360//3360
f 3339//3339 3360//3360 3340//3340
f 3340//3340 3360//3360 3341//3341
f 3340//3340 3341//3341 3321//3321
f 3341//3341 3361//3361 3362//3362
f 3341//3341 3362//3362 3342//3342
f 3342//3342 3362//3362 3363//3363
f 3342//3342 3363//3363 3343//3343
f 3343//3343 3363//3363 3364//3364
f 3343//3343 3364//3364 3344//3344
f 3344//3344 3364//3364 3365//3365
f 3344//3344 3365//3365 3345//3345
f 3345//3345 3365//3365 3366//3366
f 3345//3345 3366//3366 3346//3346
f 3346//3346 3366//3366 3367//3367
f 3346//3346 3367//3367 3347//3347
f 3347//3347 3367//3367 3368//3368
f 3347//3347 3368//3368 3348//3348
f 3348//3348 3368//3368 3369//3369
f 3348//3348 3369//3369 3349//3349
f 3349//3349 3369//3369 3370//3370
f 3349//3349 3370//3370 3350//3350
f 3350//3350 3370//3370 3371//3371
f 3350//3350 3371//3371 3351//3351
f 3351//3351 3371//3371 3372//3372
f 3351//3351 3372//3372 3352//3352
f 3352//3352 3372//3372 3373//3373
f 3352//3352 3373//3373 3353//3353
f 3353//3353 3373//3373 3374//3374
f 3353//3353 3374//3374 3354//3354
f 3354//3354 3374//3374 3375//3375
f 3354//3354 3375//3375 3355//3355
f 3355//3355 3375//3375 3376//3376
f 3355//3355 3376//3376 3356//3356
f 3356//3356 3376//3376 3377//3377
f 3356//3356 3377//3377 3357//3357
f 3357//3357 3377//3377 3378//3378
f 3357//3357 3378//3378 3358//3358
f 3358//3358 3378//3378 3379//3379
f 3358//3358 3379//3379 3359//3359
f 3359//3359 3379//3379 3380//3380
f 3359//3359 3380//3380 3360//3360
f 3360//3360 3380//3380 3361//3361
f 3360//3360 3361//3361 3341//3341
f 3361//3361 3381//3381 3382//3382
f 3361//3361 3382//3382 3362//3362
f 3362//3362 3382//3382 3383//3383
f 3362//3362 3383//3383 3363//3363
f 3363//3363 3383//3383 3384//3384
f 3363//3363 3384//3384 3364//3364
f 3364//3364 3384//3384 3385//3385
f 3364//3364 3385//3385 3365//3365
f 3365//3365 3385//3385 3386//3386
f 3365//3365 3386//3386 3366//3366
f 3366//3366 3386//3386 3387//3387
f 3366//3366 3387//3387 3367//3367
f 3367//3367 3387//3387 3388//3388
f 3367//3367 3388//3388 3368//3368
f 3368//3368 3388//3388 3389//3389
f 3368//3368 3389//3389 3369//3369
f 3369//3369 3389//3389 3390//3390
f 3369//3369 3390//3390 3370//3370
f 3370//3370 3390//3390 3391//3391
f 3370//3370 3391//3391 3371//3371
f 3371//3371 3391//3391 3392//3392
f 3371//3371 3392//3392 3372//3372
f 3372//3372 3392//3392 3393//3393
f 3372//3372 3393//3393 3373//3373
f 3373//3373 3393//3393 3394//3394
f 3373//3373 3394//3394 3374//3374
f 3374//3374 3394//3394 3395//3395
f 3374//3374 3395//3395 3375//3375
f 3375//3375 3395//3395 3396//3396
f 3375//3375 3396//3396 3376//3376
f 3376//3376 3396//3396 3397//3397
f 3376//3376 3397//3397 3377//3377
f 3377//3377 3397//3397 3398//3398
f 3377//3377 3398//3398 3378//3378
f 3378//3378 3398//3398 3399//3399
f 3378//3378 3399//3399 3379//3379
f 3379//3379 3399//3399 3400//3400
f 3379//3379 3400//3400 3380//3380
f 3380//3380 3400//3400 3381//3381
f 3380//3380 3381//3381 3361//3361
f 3381//3381 3401//3401 3402//3402
f 3381//3381 3402//3402 3382//3382
f 3382//3382 3402//3402 3403//3403
f 3382//3382 3403//3403 3383//3383
f 3383//3383 3403//3403 3404//3404
f 3383//3383 3404//3404 3384//3384
f 3384//3384 3404//3404 3405//3405
f 3384//3384 3405//3405 3385//3385
f 3385//3385 3405//3405 3406//3406
f 3385//3385 3406//3406 3386//3386
f 3386//3386 3406//3406 3407//3407
f 3386//3386 3407//3407 3387//3387
f 3387//3387 3407//3407 3408//3408
f 3387//3387 3408//3408 3388//3388
f 3388//3388 3408//3408 3409//3409
f 3388//3388 3409//3409 3389//3389
f 3389//3389 3409//3409 3410//3410
f 3389//3389 3410//3410 3390//3390
f 3390//3390 3410//3410 3411//3411
f 3390//3390 3411//3411 3391//3391
f 3391//3391 3411//3411 3412//3412
f 3391//3391 3412//3412 3392//3392
f 3392//3392 3412//3412 3413//3413
f 3392//3392 3413//3413 3393//3393
f 3393//3393 3413//3413 3414//3414
f 3393//3393 3414//3414 3394//3394
f 3394//3394 3414//3414 3415//3415
f 3394//3394 3415//3415 3395//3395
f 3395//3395 3415//3415 3416//3416
f 3395//3395 3416//3416 3396//3396
f 3396//3396 3416//3416 3417//3417
f 3396//3396 3417//3417 3397//3397
f 3397//3397 3417//3417 3418//3418
f 3397//3397 3418//3418 3398//3398
f 3398//3398 3418//3418 3419//3419
f 3398//3398 3419//3419 3399//3399
f 3399//3399 3419//3419 3420//3420
f 3399//3399 3420//3420 3400//3400
f 3400//3400 3420//3420 3401//3401
f 3400//3400 3401//3401 3381//3381
f 3401//3401 3421//3421 3422//3422
f 3401//3401 3422//3422 3402//3402
f 3402//3402 3422//3422 3423//3423
f 3402//3402 3423//3423 3403//3403
f 3403//3403 3423//3423 3424//3424
f 3403//3403 3424//3424 3404//3404
f 3404//3404 3424//3424 3425//3425
f 3404//3404 3425//3425 3405//3405
f 3405//3405 3425//3425 3426//3426
f 3405//3405 3426//3426 3406//3406
f 3406//3406 3426//3426 3427//3427
f 3406//3406 3427//3427 3407//3407
f 3407//3407 3427//3427 3428//3428
f 3407//3407 3428//3428 3408//3408
f 3408//3408 3428//3428 3429//3429
f 3408//3408 3429//3429 3409//3409
f 3409//3409 3429//3429 3430//3430
f 3409//3409 3430//3430 3410//3410
f 3410//3410 3430//3430 3431//3431
f 3410//3410 3431//3431 3411//3411
f 3411//3411 3431//3431 3432//3432
f 3411//3411 3432//3432 3412//3412
f 3412//3412 3432//3432 3433//3433
f 3412//3412 3433//3433 3413//3413
f 3413//3413 3433//3433 3434//3434
f 3413//3413 3434//3434 3414//3414
f 3414//3414 3434//3434 3435//3435
f 3414//3414 3435//3435 3415//3415
f 3415//3415 3435//3435 3436//3436
f 3415//3415 3436//3436 3416//3416
f 3416//3416 3436//3436 3437//3437
f 3416//3416 3437//3437 3417//3417
f 3417//3417 3437//3437 3438//3438
f 3417//3417 3438//3438 3418//3418
f 3418//3418 3438//3438 3439//3439
f 3418//3418 3439//3439 3419//3419
f 3419//3419 3439//3439 3440//3440
f 3419//3419 3440//3440 3420//3420
f 3420//3420 3440//3440 3421//3421
f 3420//3420 3421//3421 3401//3401
f 3421//3421 3441//3441 3442//3442
f 3421//3421 3442//3442 3422//3422
f 3422//3422 3442//3442 3443//3443
f 3422//3422 3443//3443 3423//3423
f 3423//3423 3443//3443 3444//3444
f 3423//3423 3444//3444 3424//3424
f 3424//3424 3444//3444 3445//3445
f 3424//3424 3445//3445 3425//3425
f 3425//3425 3445//3445 3446//3446
f 3425//3425 3446//3446 3426//3426
f 3426//3426 3446//3446 3447//3447
f 3426//3426 3447//3447 3427//3427
f 3427//3427 3447//3447 3448//3448
f 3427//3427 3448//3448 3428//3428
f 3428//3428 3448//3448 3449//3449
f 3428//3428 3449//3449 3429//3429
f 3429//3429 3449//3449 3450//3450
f 3429//3429 3450//3450 3430//3430
f 3430//3430 3450//3450 3451//3451
f 3430//3430 3451//3451 3431//3431
f 3431//3431 3451//3451 3452//3452
f 3431//3431 3452//3452 3432//3432
f 3432//3432 3452//3452 3453//3453
f 3432//3432 3453//3453 3433//3433
f 3433//3433 3453//3453 3454//3454
f 3433//3433 3454//3454 3434//3434
f 3434//3434 3454//3454 3455//3455
f 3434//3434 3455//3455 3435//3435
f 3435//3435 3455//3455 3456//3456
f 3435//3435 3456//3456 3436//3436
f 3436//3436 3456//3456 3457//3457
f 3436//3436 3457//3457 3437//3437
f 3437//3437 3457//3457 3458//3458
f 3437//3437 3458//3458 3438//3438
f 3438//3438 3458//3458 3459//3459
f 3438//3438 3459//3459 3439//3439
f 3439//3439 3459//3459 3460//3460
f 3439//3439 3460//3460 3440//3440
f 3440//3440 3460//3460 3441//3441
f 3440//3440 3441//3441 3421//3421
f 3441//3441 3461//3461 3462//3462
f 3441//3441 3462//3462 3442//3442
f 3442//3442 3462//3462 3463//3463
f 3442//3442 3463//3463 3443//3443
f 3443//3443 3463//3463 3464//3464
f 3443//3443 3464//3464 3444//3444
f 3444//3444 3464//3464 3465//3465
f 3444//3444 3465//3465 3445//3445
f 3445//3445 3465//3465 3466//3466
f 3445//3445 3466//3466 3446//3446
f 3446//3446 3466//3466 3467//3467
f 3446//3446 3467//3467 3447//3447
f 3447//3447 3467//3467 3468//3468
f 3447//3447 3468//3468 3448//3448
f 3448//3448 3468//3468 3469//3469
f 3448//3448 3469//3469 3449//3449
f 3449//3449 3469//3469 3470//3470
f 3449//3449 3470//3470 3450//3450
f 3450//3450 3470//3470 3471//3471
f 3450//3450 3471//3471 3451//3451
f 3451//3451 3471//3471 3472//3472
f 3451//3451 3472//3472 3452//3452
f 3452//3452 3472//3472 3473//3473
f 3452//3452 3473//3473 3453//3453
f 3453//3453 3473//3473 3474//3474
f 3453//3453 3474//3474 3454//3454
f 3454//3454 3474//3474 3475//3475
f 3454//3454 3475//3475 3455//3455
f 3455//3455 3475//3475 3476//3476
f 3455//3455 3476//3476 3456//3456
f 3456//3456 3476//3476 3477//3477
f 3456//3456 3477//3477 3457//3457
f 3457//3457 3477//3477 3478//3478
f 3457//3457 3478//3478 3458//3458
f 3458//3458 3478//3478 3479//3479
f 3458//3458 3479//3479 3459//3459
f 3459//3459 3479//3479 3480//3480
f 3459//3459 3480//3480 3460//3460
f 3460//3460 3480//3480 3461//3461
f 3460//3460 3461//3461 3441//3441
f 3461//3461 3481//3481 3482//3482
f 3461//3461 3482//3482 3462//3462
f 3462//3462 3482//3482 3483//3483
f 3462//3462 3483//3483 3463//3463
f 3463//3463 3483//3483 3484//3484
f 3463//3463 3484//3484 3464//3464
f 3464//3464 3484//3484 3485//3485
f 3464//3464 3485//3485 3465//3465
f 3465//3465 3485//3485 3486//3486
f 3465//3465 3486//3486 3466//3466
f 3466//3466 3486//3486 3487//3487
f 3466//3466 3487//3487 3467//3467
f 3467//3467 3487//3487 3488//3488
f 3467//3467 3488//3488 3468//3468
f 3468//3468 3488//3488 3489//3489
f 3468//3468 3489//3489 3469//3469
f 3469//3469 3489//3489 3490//3490
f 3469//3469 3490//3490 3470//3470
f 3470//3470 3490//3490 3491//3491
f 3470//3470 3491//3491 3471//3471
f 3471//3471 3491//3491 3492//3492
f 3471//3471 3492//3492 3472//3472
f 3472//3472 3492//3492 3493//3493
f 3472//3472 3493//3493 3473//3473
f 3473//3473 3493//3493 3494//3494
f 3473//3473 3494//3494 3474//3474
f 3474//3474 3494//3494 3495//3495
f 3474//3474 3495//3495 3475//3475
f 3475//3475 3495//3495 3496//3496
f 3475//3475 3496//3496 3476//3476
f 3476//3476 3496//3496 3497//3497
f 3476//3476 3497//3497 3477//3477
f 3477//3477 3497//3497 3498//3498
f 3477//3477 3498//3498 3478//3478
f 3478//3478 3498//3498 3499//3499
f 3478//3478 3499//3499 3479//3479
f 3479//3479 3499//3499 3500//3500
f 3479//3479 3500//3500 3480//3480
f 3480//3480 3500//3500 3481//3481
f 3480//3480 3481//3481 3461//3461
f 3481//3481 3501//3501 3502//3502
f 3481//3481 3502//3502 3482//3482
f 3482//3482 3502//3502 3503//3503
f 3482//3482 3503//3503 3483//3483
f 3483//3483 3503//3503 3504//3504
f 3483//3483 3504//3504 3484//3484
f 3484//3484 3504//3504 3505//3505
f 3484//3484 3505//3505 3485//3485
f 3485//3485 3505//3505 3506//3506
f 3485//3485 3506//3506 3486//3486
f 3486//3486 3506//3506 3507//3507
f 3486//3486 3507//3507 3487//3487
f 3487//3487 3507//3507 3508//3508
f 3487//3487 3508//3508 3488//3488
f 3488//3488 3508//3508 3509//3509
f 3488//3488 3509//3509 3489//3489
f 3489//3489 3509//3509 3510//3510
f 3489//3489 3510//3510 3490//3490
f 3490//3490 3510//3510 3511//3511
f 3490//3490 3511//3511 3491//3491
f 3491//3491 3511//3511 3512//3512
f 3491//3491 3512//3512 3492//3492
f 3492//3492 3512//3512 3513//3513
f 3492//3492 3513//3513 3493//3493
f 3493//3493 3513//3513 3514//3514
f 3493//3493 3514//3514 3494//3494
f 3494//3494 3514//3514 3515//3515
f 3494//3494 3515//3515 3495//3495
f 3495//3495 3515//3515 3516//3516
f 3495//3495 3516//3516 3496//3496
f 3496//3496 3516//3516 3517//3517
f 3496//3496 3517//3517 3497//3497
f 3497//3497 3517//3517 3518//3518
f 3497//3497 3518//3518 3498//3498
f 3498//3498 3518//3518 3519//3519
f 3498//3498 3519//3519 3499//3499
f 3499//3499 3519//3519 3520//3520
f 3499//3499 3520//3520 3500//3500
f 3500//3500 3520//3520 3501//3501
f 3500//3500 3501//3501 3481//3481
f 3501//3501 3521//3521 3522//3522
f 3501//3501 3522//3522 3502//3502
f 3502//3502 3522//3522 3523//3523
f 3502//3502 3523//3523 3503//3503
f 3503//3503 3523//3523 3524//3524
f 3503//3503 3524//3524 3504//3504
f 3504//3504 3524//3524 3525//3525
f 3504//3504 3525//3525 3505//3505
f 3505//3505 3525//3525 3526//3526
f 3505//3505 3526//3526 3506//3506
f 3506//3506 3526//3526 3527//3527
f 3506//3506 3527//3527 3507//3507
f 3507//3507 3527//3527 3528//3528
f 3507//3507 3528//3528 3508//3508
f 3508//3508 3528//3528 3529//3529
f 3508//3508 3529//3529 3509//3509
f 3509//3509 3529//3529 3530//3530
f 3509//3509 3530//3530 3510//3510
f 3510//3510 3530//3530 3531//3531
f 3510//3510 3531//3531 3511//3511
f 3511//3511 3531//3531 3532//3532
f 3511//3511 3532//3532 3512//3512
f 3512//3512 3532//3532 3533//3533
f 3512//3512 3533//3533 3513//3513
f 3513//3513 3533//3533 3534//3534
f 3513//3513 3534//3534 3514//3514
f 3514//3514 3534//3534 3535//3535
f 3514//3514 3535//3535 3515//3515
f 3515//3515 3535//3535 3536//3536
f 3515//3515 3536//3536 3516//3516
f 3516//3516 3536//3536 3537//3537
f 3516//3516 3537//3537 3517//3517
f 3517//3517 3537//3537 3538//3538
f 3517//3517 3538//3538 3518//3518
f 3518//3518 3538//3538 3539//3539
f 3518//3518 3539//3539 3519//3519
f 3519//3519 3539//3539 3540//3540
f 3519//3519 3540//3540 3520//3520
f 3520//3520 3540//3540 3521//3521
f 3520//3520 3521//3521 3501//3501
f 3521//3521 3541//3541 3542//3542
f 3521//3521 3542//3542 3522//3522
f 3522//3522 3542//3542 3543//3543
f 3522//3522 3543//3543 3523//3523
f 3523//3523 3543//3543 3544//3544
f 3523//3523 3544//3544 3524//3524
f 3524//3524 3544//3544 3545//3545
f 3524//3524 3545//3545 3525//3525
f 3525//3525 3545//3545 3546//3546
f 3525//3525 3546//3546 3526//3526
f 3526//3526 3546//3546 3547//3547
f 3526//3526 3547//3547 3527//3527
f 3527//3527 3547//3547 3548//3548
f 3527//3527 3548//3548 3528//3528
f 3528//3528 3548//3548 3549//3549
f 3528//3528 3549//3549 3529//3529
f 3529//3529 3549//3549 3550//3550
f 3529//3529 3550//3550 3530//3530
f 3530//3530 3550//3550 3551//3551
f 3530//3530 3551//3551 3531//3531
f 3531//3531 3551//3551 3552//3552
f 3531//3531 3552//3552 3532//3532
f 3532//3532 3552//3552 3553//3553
f 3532//3532 3553//3553 3533//3533
f 3533//3533 3553//3553 3554//3554
f 3533//3533 3554//3554 3534//3534
f 3534//3534 3554//3554 3555//3555
f 3534//3534 3555//3555 3535//3535
f 3535//3535 3555//3555 3556//3556
f 3535//3535 3556//3556 3536//3536
f 3536//3536 3556//3556 3557//3557
f 3536//3536 3557//3557 3537//3537
f 3537//3537 3557//3557 3558//3558
f 3537//3537 3558//3558 3538//3538
f 3538//3538 3558//3558 3559//3559
f 3538//3538 3559//3559 3539//3539
f 3539//3539 3559//3559 3560//3560
f 3539//3539 3560//3560 3540//3540
f 3540//3540 3560//3560 3541//3541
f 3540//3540 3541//3541 3521//3521
f 3541//3541 3561//3561 3562//3562
f 3541//3541 3562//3562 3542//3542
f 3542//3542 3562//3562 3563//3563
f 3542//3542 3563//3563 3543//3543
f 3543//3543 3563//3563 3564//3564
f 3543//3543 3564//3564 3544//3544
f 3544//3544 3564//3564 3565//3565
f 3544//3544 3565//3565 3545//3545
f 3545//3545 3565//3565 3566//3566
f 3545//3545 3566//3566 3546//3546
f 3546//3546 3566//3566 3567//3567
f 3546//3546 3567//3567 3547//3547
f 3547//3547 3567//3567 3568//3568
f 3547//3547 3568//3568 3548//3548
f 3548//3548 3568//3568 3569//3569
f 3548//3548 3569//3569 3549//3549
f 3549//3549 3569//3569 3570//3570
f 3549//3549 3570//3570 3550//3550
f 3550//3550 3570//3570 3571//3571
f 3550//3550 3571//3571 3551//3551
f 3551//3551 3571//3571 3572//3572
f 3551//3551 3572//3572 3552//3552
f 3552//3552 3572//3572 3573//3573
f 3552//3552 3573//3573 3553//3553
f 3553//3553 3573//3573 3574//3574
f 3553//3553 3574//3574 3554//3554
f 3554//3554 3574//3574 3575//3575
f 3554//3554 3575//3575 3555//3555
f 3555//3555 3575//3575 3576//3576
f 3555//3555 3576//3576 3556//3556
f 3556//3556 3576//3576 3577//3577
f 3556//3556 3577//3577 3557//3557
f 3557//3557 3577//3577 3578//3578
f 3557//3557 3578//3578 3558//3558
f 3558//3558 3578//3578 3579//3579
f 3558//3558 3579//3579 3559//3559
f 3559//3559 3579//3579 3580//3580
f 3559//3559 3580//3580 3560//3560
f 3560//3560 3580//3580 3561//3561
f 3560//3560 3561//3561 3541//3541
f 3561//3561 3581//3581 3582//3582
f 3561//3561 3582//3582 3562//3562
f 3562//3562 3582//3582 3583//3583
f 3562//3562 3583//3583 3563//3563
f 3563//3563 3583//3583 3584//3584
f 3563//3563 3584//3584 3564//3564
f 3564//3564 3584//3584 3585//3585
f 3564//3564 3585//3585 3565//3565
f 3565//3565 3585//3585 3586//3586
f 3565//3565 3586//3586 3566//3566
f 3566//3566 3586//3586 3587//3587
f 3566//3566 3587//3587 3567//3567
f 3567//3567 3587//3587 3588//3588
f 3567//3567 3588//3588 3568//3568
f 3568//3568 3588//3588 3589//3589
f 3568//3568 3589//3589 3569//3569
f 3569//3569 3589//3589 3590//3590
f 3569//3569 3590//3590 3570//3570
f 3570//3570 3590//3590 3591//3591
f 3570//3570 3591//3591 3571//3571
f 3571//3571 3591//3591 3592//3592
f 3571//3571 3592//3592 3572//3572
f 3572//3572 3592//3592 3593//3593
f 3572//3572 3593//3593 3573//3573
f 3573//3573 3593//3593 3594//3594
f 3573//3573 3594//3594 3574//3574
f 3574//3574 3594//3594 3595//3595
f 3574//3574 3595//3595 3575//3575
f 3575//3575 3595//3595 3596//3596
f 3575//3575 3596//3596 3576//3576
f 3576//3576 3596//3596 3597//3597
f 3576//3576 3597//3597 3577//3577
f 3577//3577 3597//3597 3598//3598
f 3577//3577 3598//3598 3578//3578
f 3578//3578 3598//3598 3599//3599
f 3578//3578 3599//3599 3579//3579
f 3579//3579 3599//3599 3600//3600
f 3579//3579 3600//3600 3580//3580
f 3580//3580 3600//3600 3581//3581
f 3580//3580 3581//3581 3561//3561
f 3581//3581 3601//3601 3602//3602
f 3581//3581 3602//3602 3582//3582
f 3582//3582 3602//3602 3603//3603
f 3582//3582 3603//3603 3583//3583
f 3583//3583 3603//3603 3604//3604
f 3583//3583 3604//3604 3584//3584
f 3584//3584 3604//3604 3605//3605
f 3584//3584 3605//3605 3585//3585
f 3585//3585 3605//3605 3606//3606
f 3585//3585 3606//3606 3586//3586
f 3586//3586 3606//3606 3607//3607
f 3586//3586 3607//3607 3587//3587
f 3587//3587 3607//3607 3608//3608
f 3587//3587 3608//3608 3588//3588
f 3588//3588 3608//3608 3609//3609
f 3588//3588 3609//3609 3589//3589
f 3589//3589 3609//3609 3610//3610
f 3589//3589 3610//3610 3590//3590
f 3590//3590 3610//3610 3611//3611
f 3590//3590 3611//3611 3591//3591
f 3591//3591 3611//3611 3612//3612
f 3591//3591 3612//3612 3592//3592
f 3592//3592 3612//3612 3613//3613
f 3592//3592 3613//3613 3593//3593
f 3593//3593 3613//3613 3614//3614
f 3593//3593 3614//3614 3594//3594
f 3594//3594 3614//3614 3615//3615
f 3594//3594 3615//3615 3595//3595
f 3595//3595 3615//3615 3616//3616
f 3595//3595 3616//3616 3596//3596
f 3596//3596 3616//3616 3617//3617
f 3596//3596 3617//3617 3597//3597
f 3597//3597 3617//3617 3618//3618
f 3597//3597 3618//3618 3598//3598
f 3598//3598 3618//3618 3619//3619
f 3598//3598 3619//3619 3599//3599
f 3599//3599 3619//3619 3620//3620
f 3599//3599 3620//3620 3600//3600
f 3600//3600 3620//3620 3601//3601
f 3600//3600 3601//3601 3581//3581
f 3601//3601 3621//3621 3622//3622
f 3601//3601 3622//3622 3602//3602
f 3602//3602 3622//3622 3623//3623
f 3602//3602 3623//3623 3603//3603
f 3603//3603 3623//3623 3624//3624
f 3603//3603 3624//3624 3604//3604
f 3604//3604 3624//3624 3625//3625
f 3604//3604 3625//3625 3605//3605
f 3605//3605 3625//3625 3626//3626
f 3605//3605 3626//3626 3606//3606
f 3606//3606 3626//3626 3627//3627
f 3606//3606 3627//3627 3607//3607
f 3607//3607 3627//3627 3628//3628
f 3607//3607 3628//3628 3608//3608
f 3608//3608 3628//3628 3629//3629
f 3608//3608 3629//3629 3609//3609
f 3609//3609 3629//3629 3630//3630
f 3609//3609 3630//3630 3610//3610
f 3610//3610 3630//3630 3631//3631
f 3610//3610 3631//3631 3611//3611
f 3611//3611 3631//3631 3632//3632
f 3611//3611 3632//3632 3612//3612
f 3612//3612 3632//3632 3633//3633
f 3612//3612 3633//3633 3613//3613
f 3613//3613 3633//3633 3634//3634
f 3613//3613 3634//3634 3614//3614
f 3614//3614 3634//3634 3635//3635
f 3614//3614 3635//3635 3615//3615
f 3615//3615 3635//3635 3636//3636
f 3615//3615 3636//3636 3616//3616
f 3616//3616 3636//3636 3637//3637
f 3616//3616 3637//3637 3617//3617
f 3617//3617 3637//3637 3638//3638
f 3617//3617 3638//3638 3618//3618
f 3618//3618 3638//3638 3639//3639
f 3618//3618 3639//3639 3619//3619
f 3619//3619 3639//3639 3640//3640
f 3619//3619 3640//3640 3620//3620
f 3620//3620 3640//3640 3621//3621
f 3620//3620 3621//3621 3601//3601
f 3621//3621 3641//3641 3642//3642
f 3621//3621 3642//3642 3622//3622
f 3622//3622 3642//3642 3643//3643
f 3622//3622 3643//3643 3623//3623
f 3623//3623 3643//3643 3644//3644
f 3623//3623 3644//3644 3624//3624
f 3624//3624 3644//3644 3645//3645
f 3624//3624 3645//3645 3625//3625
f 3625//3625 3645//3645 3646//3646
f 3625//3625 3646//3646 3626//3626
f 3626//3626 3646//3646 3647//3647
f 3626//3626 3647//3647 3627//3627
f 3627//3627 3647//3647 3648//3648
f 3627//3627 3648//3648 3628//3628
f 3628//3628 3648//3648 3649//3649
f 3628//3628 3649//3649 3629//3629
f 3629//3629 3649//3649 3650//3650
f 3629//3629 3650//3650 3630//3630
f 3630//3630 3650//3650 3651//3651
f 3630//3630 3651//3651 3631//3631
f 3631//3631 3651//3651 3652//3652
f 3631//3631 3652//3652 3632//3632
f 3632//3632 3652//3652 3653//3653
f 3632//3632 3653//3653 3633//3633
f 3633//3633 3653//3653 3654//3654
f 3633//3633 3654//3654 3634//3634
f 3634//3634 3654//3654 3655//3655
f 3634//3634 3655//3655 3635//3635
f 3635//3635 3655//3655 3656//3656
f 3635//3635 3656//3656 3636//3636
f 3636//3636 3656//3656 3657//3657
f 3636//3636 3657//3657 3637//3637
f 3637//3637 3657//3657 3658//3658
f 3637//3637 3658//3658 3638//3638
f 3638//3638 3658//3658 3659//3659
f 3638//3638 3659//3659 3639//3639
f 3639//3639 3659//3659 3660//3660
f 3639//3639 3660//3660 3640//3640
f 3640//3640 3660//3660 3641//3641
f 3640//3640 3641//3641 3621//3621
f 3641//3641 3661//3661 3662//3662
f 3641//3641 3662//3662 3642//3642
f 3642//3642 3662//3662 3663//3663
f 3642//3642 3663//3663 3643//3643
f 3643//3643 3663//3663 3664//3664
f 3643//3643 3664//3664 3644//3644
f 3644//3644 3664//3664 3665//3665
f 3644//3644 3665//3665 3645//3645
f 3645//3645 3665//3665 3666//3666
f 3645//3645 3666//3666 3646//3646
f 3646//3646 3666//3666 3667//3667
f 3646//3646 3667//3667 3647//3647
f 3647//3647 3667//3667 3668//3668
f 3647//3647 3668//3668 3648//3648
f 3648//3648 3668//3668 3669//3669
f 3648//3648 3669//3669 3649//3649
f 3649//3649 3669//3669 3670//3670
f 3649//3649 3670//3670 3650//3650
f 3650//3650 3670//3670 3671//3671
f 3650//3650 3671//3671 3651//3651
f 3651//3651 3671//3671 3672//3672
f 3651//3651 3672//3672 3652//3652
f 3652//3652 3672//3672 3673//3673
f 3652//3652 3673//3673 3653//3653
f 3653//3653 3673//3673 3674//3674
f 3653//3653 3674//3674 3654//3654
f 3654//3654 3674//3674 3675//3675
f 3654//3654 3675//3675 3655//3655
f 3655//3655 3675//3675 3676//3676
f 3655//3655 3676//3676 3656//3656
f 3656//3656 3676//3676 3677//3677
f 3656//3656 3677//3677 3657//3657
f 3657//3657 3677//3677 3678//3678
f 3657//3657 3678//3678 3658//3658
f 3658//3658 3678//3678 3679//3679
f 3658//3658 3679//3679 3659//3659
f 3659//3659 3679//3679 3680//3680
f 3659//3659 3680//3680 3660//3660
f 3660//3660 3680//3680 3661//3661
f 3660//3660 3661//3661 3641//3641
f 3661//3661 3681//3681 3682//3682
f 3661//3661 3682//3682 3662//3662
f 3662//3662 3682//3682 3683//3683
f 3662//3662 3683//3683 3663//3663
f 3663//3663 3683//3683 3684//3684
f 3663//3663 3684//3684 3664//3664
f 3664//3664 3684//3684 3685//3685
f 3664//3664 3685//3685 3665//3665
f 3665//3665 3685//3685 3686//3686
f 3665//3665 3686//3686 3666//3666
f 3666//3666 3686//3686 3687//3687
f 3666//3666 3687//3687 3667//3667
f 3667//3667 3687//3687 3688//3688
f 3667//3667 3688//3688 3668//3668
f 3668//3668 3688//3688 3689//3689
f 3668//3668 3689//3689 3669//3669
f 3669//3669 3689//3689 3690//3690
f 3669//3669 3690//3690 3670//3670
f 3670//3670 3690//3690 3691//3691
f 3670//3670 3691//3691 3671//3671
f 3671//3671 3691//3691 3692//3692
f 3671//3671 3692//3692 3672//3672
f 3672//3672 3692//3692 3693//3693
f 3672//3672 3693//3693 3673//3673
f 3673//3673 3693//3693 3694//3694
f 3673//3673 3694//3694 3674//3674
f 3674//3674 3694//3694 3695//3695
f 3674//3674 3695//3695 3675//3675
f 3675//3675 3695//3695 3696//3696
f 3675//3675 3696//3696 3676//3676
f 3676//3676 3696//3696 3697//3697
f 3676//3676 3697//3697 3677//3677
f 3677//3677 3697//3697 3698//3698
f 3677//3677 3698//3698 3678//3678
f 3678//3678 3698//3698 3699//3699
f 3678//3678 3699//3699 3679//3679
f 3679//3679 3699//3699 3700//3700
f 3679//3679 3700//3700 3680//3680
f 3680//3680 3700//3700 3681//3681
f 3680//3680 3681//3681 3661//3661
f 3681//3681 3701//3701 3702//3702
f 3681//3681 3702//3702 3682//3682
f 3682//3682 3702//3702 3703//3703
f 3682//3682 3703//3703 3683//3683
f 3683//3683 3703//3703 3704//3704
f 3683//3683 3704//3704 3684//3684
f 3684//3684 3704//3704 3705//3705
f 3684//3684 3705//3705 3685//3685
f 3685//3685 3705//3705 3706//3706
f 3685//3685 3706//3706 3686//3686
f 3686//3686 3706//3706 3707//3707
f 3686//3686 3707//3707 3687//3687
f 3687//3687 3707//3707 3708//3708
f 3687//3687 3708//3708 3688//3688
f 3688//3688 3708//3708 3709//3709
f 3688//3688 3709//3709 3689//3689
f 3689//3689 3709//3709 3710//3710
f 3689//3689 3710//3710 3690//3690
f 3690//3690 3710//3710 3711//3711
f 3690//3690 3711//3711 3691//3691
f 3691//3691 3711//3711 3712//3712
f 3691//3691 3712//3712 3692//3692
f 3692//3692 3712//3712 3713//3713
f 3692//3692 3713//3713 3693//3693
f 3693//3693 3713//3713 3714//3714
f 3693//3693 3714//3714 3694//3694
f 3694//3694 3714//3714 3715//3715
f 3694//3694 3715//3715 3695//3695
f 3695//3695 3715//3715 3716//3716
f 3695//3695 3716//3716 3696//3696
f 3696//3696 3716//3716 3717//3717
f 3696//3696 3717//3717 3697//3697
f 3697//3697 3717//3717 3718//3718
f 3697//3697 3718//3718 3698//3698
f 3698//3698 3718//3718 3719//3719
f 3698//3698 3719//3719 3699//3699
f 3699//3699 3719//3719 3720//3720
f 3699//3699 3720//3720 3700//3700
f 3700//3700 3720//3720 3701//3701
f 3700//3700 3701//3701 3681//3681
f 3701//3701 3721//3721 3722//3722
f 3701//3701 3722//3722 3702//3702
f 3702//3702 3722//3722 3723//3723
f 3702//3702 3723//3723 3703//3703
f 3703//3703 3723//3723 3724//3724
f 3703//3703 3724//3724 3704//3704
f 3704//3704 3724//3724 3725//3725
f 3704//3704 3725//3725 3705//3705
f 3705//3705 3725//3725 3726//3726
f 3705//3705 3726//3726 3706//3706
f 3706//3706 3726//3726 3727//3727
f 3706//3706 3727//3727 3707//3707
f 3707//3707 3727//3727 3728//3728
f 3707//3707 3728//3728 3708//3708
f 3708//3708 3728//3728 3729//3729
f 3708//3708 3729//3729 3709//3709
f 3709//3709 3729//3729 3730//3730
f 3709//3709 3730//3730 3710//3710
f 3710//3710 3730//3730 3731//3731
f 3710//3710 3731//3731 3711//3711
f 3711//3711 3731//3731 3732//3732
f 3711//3711 3732//3732 3712//3712
f 3712//3712 3732//3732 3733//3733
f 3712//3712 3733//3733 3713//3713
f 3713//3713 3733//3733 3734//3734
f 3713//3713 3734//3734 3714//3714
f 3714//3714 3734//3734 3735//3735
f 3714//3714 3735//3735 3715//3715
f 3715//3715 3735//3735 3736//3736
f 3715//3715 3736//3736 3716//3716
f 3716//3716 3736//3736 3737//3737
f 3716//3716 3737//3737 3717//3717
f 3717//3717 3737//3737 3738//3738
f 3717//3717 3738//3738 3718//3718
f 3718//3718 3738//3738 3739//3739
f 3718//3718 3739//3739 3719//3719
f 3719//3719 3739//3739 3740//3740
f 3719//3719 3740//3740 3720//3720
f 3720//3720 3740//3740 3721//3721
f 3720//3720 3721//3721 3701//3701
f 3721//3721 3741//3741 3742//3742
f 3721//3721 3742//3742 3722//3722
f 3722//3722 3742//3742 3743//3743
f 3722//3722 3743//3743 3723//3723
f 3723//3723 3743//3743 3744//3744
f 3723//3723 3744//3744 3724//3724
f 3724//3724 3744//3744 3745//3745
f 3724//3724 3745//3745 3725//3725
f 3725//3725 3745//3745 3746//3746
f 3725//3725 3746//3746 3726//3726
f 3726//3726 3746//3746 3747//3747
f 3726//3726 3747//3747 3727//3727
f 3727//3727 3747//3747 3748//3748
f 3727//3727 3748//3748 3728//3728
f 3728//3728 3748//3748 3749//3749
f 3728//3728 3749//3749 3729//3729
f 3729//3729 3749//3749 3750//3750
f 3729//3729 3750//3750 3730//3730
f 3730//3730 3750//3750 3751//3751
f 3730//3730 3751//3751 3731//3731
f 3731//3731 3751//3751 3752//3752
f 3731//3731 3752//3752 3732//3732
f 3732//3732 3752//3752 3753//3753
f 3732//3732 3753//3753 3733//3733
f 3733//3733 3753//3753 3754//3754
f 3733//3733 3754//3754 3734//3734
f 3734//3734 3754//3754 3755//3755
f 3734//3734 3755//3755 3735//3735
f 3735//3735 3755//3755 3756//3756
f 3735//3735 3756//3756 3736//3736
f 3736//3736 3756//3756 3757//3757
f 3736//3736 3757//3757 3737//3737
f 3737//3737 3757//3757 3758//3758
f 3737//3737 3758//3758 3738//3738
f 3738//3738 3758//3758 3759//3759
f 3738//3738 3759//3759 3739//3739
f 3739//3739 3759//3759 3760//3760
f 3739//3739 3760//3760 3740//3740
f 3740//3740 3760//3760 3741//3741
f 3740//3740 3741//3741 3721//3721
f 3741//3741 3761//3761 3762//3762
f 3741//3741 3762//3762 3742//3742
f 3742//3742 3762//3762 3763//3763
f 3742//3742 3763//3763 3743//3743
f 3743//3743 3763//3763 3764//3764
f 3743//3743 3764//3764 3744//3744
f 3744//3744 3764//3764 3765//3765
f 3744//3744 3765//3765 3745//3745
f 3745//3745 3765//3765 3766//3766
f 3745//3745 3766//3766 3746//3746
f 3746//3746 3766//3766 3767//3767
f 3746//3746 3767//3767 3747//3747
f 3747//3747 3767//3767 3768//3768
f 3747//3747 3768//3768 3748//3748
f 3748//3748 3768//3768 3769//3769
f 3748//3748 3769//3769 3749//3749
f 3749//3749 3769//3769 3770//3770
f 3749//3749 3770//3770 3750//3750
f 3750//3750 3770//3770 3771//3771
f 3750//3750 3771//3771 3751//3751
f 3751//3751 3771//3771 3772//3772
f 3751//3751 3772//3772 3752//3752
f 3752//3752 3772//3772 3773//3773
f 3752//3752 3773//3773 3753//3753
f 3753//3753 3773//3773 3774//3774
f 3753//3753 3774//3774 3754//3754
f 3754//3754 3774//3774 3775//3775
f 3754//3754 3775//3775 3755//3755
f 3755//3755 3775//3775 3776//3776
f 3755//3755 3776//3776 3756//3756
f 3756//3756 3776//3776 3777//3777
f 3756//3756 3777//3777 3757//3757
f 3757//3757 3777//3777 3778//3778
f 3757//3757 3778//3778 3758//3758
f 3758//3758 3778//3778 3779//3779
f 3758//3758 3779//3779 3759//3759
f 3759//3759 3779//3779 3780//3780
f 3759//3759 3780//3780 3760//3760
f 3760//3760 3780//3780 3761//3761
f 3760//3760 3761//3761 3741//3741
f 3761//3761 3781//3781 3782//3782
f 3761//3761 3782//3782 3762//3762
f 3762//3762 3782//3782 3783//3783
f 3762//3762 3783//3783 3763//3763
f 3763//3763 3783//3783 3784//3784
f 3763//3763 3784//3784 3764//3764
f 3764//3764 3784//3784 3785//3785
f 3764//3764 3785//3785 3765//3765
f 3765//3765 3785//3785 3786//3786
f 3765//3765 3786//3786 3766//3766
f 3766//3766 3786//3786 3787//3787
f 3766//3766 3787//3787 3767//3767
f 3767//3767 3787//3787 3788//3788
f 3767//3767 3788//3788 3768//3768
f 3768//3768 3788//3788 3789//3789
f 3768//3768 3789//3789 3769//3769
f 3769//3769 3789//3789 3790//3790
f 3769//3769 3790//3790 3770//3770
f 3770//3770 3790//3790 3791//3791
f 3770//3770 3791//3791 3771//3771
f 3771//3771 3791//3791 3792//3792
f 3771//3771 3792//3792 3772//3772
f 3772//3772 3792//3792 3793//3793
f 3772//3772 3793//3793 3773//3773
f 3773//3773 3793//3793 3794//3794
f 3773//3773 3794//3794 3774//3774
f 3774//3774 3794//3794 3795//3795
f 3774//3774 3795//3795 3775//3775
f 3775//3775 3795//3795 3796//3796
f 3775//3775 3796//3796 3776//3776
f 3776//3776 3796//3796 3797//3797
f 3776//3776 3797//3797 3777//3777
f 3777//3777 3797//3797 3798//3798
f 3777//3777 3798//3798 3778//3778
f 3778//3778 3798//3798 3799//3799
f 3778//3778 3799//3799 3779//3779
f 3779//3779 3799//3799 3800//3800
f 3779//3779 3800//3800 3780//3780
f 3780//3780 3800//3800 3781//3781
f 3780//3780 3781//3781 3761//3761
f 3781//3781 3801//3801 3802//3802
f 3781//3781 3802//3802 3782//3782
f 3782//3782 3802//3802 3803//3803
f 3782//3782 3803//3803 3783//3783
f 3783//3783 3803//3803 3804//3804
f 3783//3783 3804//3804 3784//3784
f 3784//3784 3804//3804 3805//3805
f 3784//3784 3805//3805 3785//3785
f 3785//3785 3805//3805 3806//3806
f 3785//3785 3806//3806 3786//3786
f 3786//3786 3806//3806 3807//3807
f 3786//3786 3807//3807 3787//3787
f 3787//3787 3807//3807 3808//3808
f 3787//3787 3808//3808 3788//3788
f 3788//3788 3808//3808 3809//3809
f 3788//3788 3809//3809 3789//3789
f 3789//3789 3809//3809 3810//3810
f 3789//3789 3810//3810 3790//3790
f 3790//3790 3810//3810 3811//3811
f 3790//3790 3811//3811 3791//3791
f 3791//3791 3811//3811 3812//3812
f 3791//3791 3812//3812 3792//3792
f 3792//3792 3812//3812 3813//3813
f 3792//3792 3813//3813 3793//3793
f 3793//3793 3813//3813 3814//3814
f 3793//3793 3814//3814 3794//3794
f 3794//3794 3814//3814 3815//3815
f 3794//3794 3815//3815 3795//3795
f 3795//3795 3815//3815 3816//3816
f 3795//3795 3816//3816 3796//3796
f 3796//3796 3816//3816 3817//3817
f 3796//3796 3817//3817 3797//3797
f 3797//3797 3817//3817 3818//3818
f 3797//3797 3818//3818 3798//3798
f 3798//3798 3818//3818 3819//3819
f 3798//3798 3819//3819 3799//3799
f 3799//3799 3819//3819 3820//3820
f 3799//3799 3820//3820 3800//3800
f 3800//3800 3820//3820 3801//3801
f 3800//3800 3801//3801 3781//3781
f 3801//3801 3821//3821 3822//3822
f 3801//3801 3822//3822 3802//3802
f 3802//3802 3822//3822 3823//3823
f 3802//3802 3823//3823 3803//3803
f 3803//3803 3823//3823 3824//3824
f 3803//3803 3824//3824 3804//3804
f 3804//3804 3824//3824 3825//3825
f 3804//3804 3825//3825 3805//3805
f 3805//3805 3825//3825 3826//3826
f 3805//3805 3826//3826 3806//3806
f 3806//3806 3826//3826 3827//3827
f 3806//3806 3827//3827 3807//3807
f 3807//3807 3827//3827 3828//3828
f 3807//3807 3828//3828 3808//3808
f 3808//3808 3828//3828 3829//3829
f 3808//3808 3829//3829 3809//3809
f 3809//3809 3829//3829 3830//3830
f 3809//3809 3830//3830 3810//3810
f 3810//3810 3830//3830 3831//3831
f 3810//3810 3831//3831 3811//3811
f 3811//3811 3831//3831 3832//3832
f 3811//3811 3832//3832 3812//3812
f 3812//3812 3832//3832 3833//3833
f 3812//3812 3833//3833 3813//3813
f 3813//3813 3833//3833 3834//3834
f 3813//3813 3834//3834 3814//3814
f 3814//3814 3834//3834 3835//3835
f 3814//3814 3835//3835 3815//3815
f 3815//3815 3835//3835 3836//3836
f 3815//3815 3836//3836 3816//3816
f 3816//3816 3836//3836 3837//3837
f 3816//3816 3837//3837 3817//3817
f 3817//3817 3837//3837 3838//3838
f 3817//3817 3838//3838 3818//3818
f 3818//3818 3838//3838 3839//3839
f 3818//3818 3839//3839 3819//3819
f 3819//3819 3839//3839 3840//3840
f 3819//3819 3840//3840 3820//3820
f 3820//3820 3840//3840 3821//3821
f 3820//3820 3821//3821 3801//3801
f 3821//3821 3841//3841 3842//3842
f 3821//3821 3842//3842 3822//3822
f 3822//3822 3842//3842 3843//3843
f 3822//3822 3843//3843 3823//3823
f 3823//3823 3843//3843 3844//3844
f 3823//3823 3844//3844 3824//3824
f 3824//3824 3844//3844 3845//3845
f 3824//3824 3845//3845 3825//3825
f 3825//3825 3845//3845 3846//3846
f 3825//3825 3846//3846 3826//3826
f 3826//3826 3846//3846 3847//3847
f 3826//3826 3847//3847 3827//3827
f 3827//3827 3847//3847 3848//3848
f 3827//3827 3848//3848 3828//3828
f 3828//3828 3848//3848 3849//3849
f 3828//3828 3849//3849 3829//3829
f 3829//3829 3849//3849 3850//3850
f 3829//3829 3850//3850 3830//3830
f 3830//3830 3850//3850 3851//3851
f 3830//3830 3851//3851 3831//3831
f 3831//3831 3851//3851 3852//3852
f 3831//3831 3852//3852 3832//3832
f 3832//3832 3852//3852 3853//3853
f 3832//3832 3853//3853 3833//3833
f 3833//3833 3853//3853 3854//3854
f 3833//3833 3854//3854 3834//3834
f 3834//3834 3854//3854 3855//3855
f 3834//3834 3855//3855 3835//3835
f 3835//3835 3855//3855 3856//3856
f 3835//3835 3856//3856 3836//3836
f 3836//3836 3856//3856 3857//3857
f 3836//3836 3857//3857 3837//3837
f 3837//3837 3857//3857 3858//3858
f 3837//3837 3858//3858 3838//3838
f 3838//3838 3858//3858 3859//3859
f 3838//3838 3859//3859 3839//3839
f 3839//3839 3859//3859 3860//3860
f 3839//3839 3860//3860 3840//3840
f 3840//3840 3860//3860 3841//3841
f 3840//3840 3841//3841 3821//3821
f 3841//3841 3861//3861 3862//3862
f 3841//3841 3862//3862 3842//3842
f 3842//3842 3862//3862 3863//3863
f 3842//3842 3863//3863 3843//3843
f 3843//3843 3863//3863 3864//3864
f 3843//3843 3864//3864 3844//3844
f 3844//3844 3864//3864 3865//3865
f 3844//3844 3865//3865 3845//3845
f 3845//3845 3865//3865 3866//3866
f 3845//3845 3866//3866 3846//3846
f 3846//3846 3866//3866 3867//3867
f 3846//3846 3867//3867 3847//3847
f 3847//3847 3867//3867 3868//3868
f 3847//3847 3868//3868 3848//3848
f 3848//3848 3868//3868 3869//3869
f 3848//3848 3869//3869 3849//3849
f 3849//3849 3869//3869 3870//3870
f 3849//3849 3870//3870 3850//3850
f 3850//3850 3870//3870 3871//3871
f 3850//3850 3871//3871 3851//3851
f 3851//3851 3871//3871 3872//3872
f 3851//3851 3872//3872 3852//3852
f 3852//3852 3872//3872 3873//3873
f 3852//3852 3873//3873 3853//3853
f 3853//3853 3873//3873 3874//3874
f 3853//3853 3874//3874 3854//3854
f 3854//3854 3874//3874 3875//3875
f 3854//3854 3875//3875 3855//3855
f 3855//3855 3875//3875 3876//3876
f 3855//3855 3876//3876 3856//3856
f 3856//3856 3876//3876 3877//3877
f 3856//3856 3877//3877 3857//3857
f 3857//3857 3877//3877 3878//3878
f 3857//3857 3878//3878 3858//3858
f 3858//3858 3878//3878 3879//3879
f 3858//3858 3879//3879 3859//3859
f 3859//3859 3879//3879 3880//3880
f 3859//3859 3880//3880 3860//3860
f 3860//3860 3880//3880 3861//3861
f 3860//3860 3861//3861 3841//3841
f 3861//3861 3881//3881 3882//3882
f 3861//3861 3882//3882 3862//3862
f 3862//3862 3882//3882 3883//3883
f 3862//3862 3883//3883 3863//3863
f 3863//3863 3883//3883 3884//3884
f 3863//3863 3884//3884 3864//3864
f 3864//3864 3884//3884 3885//3885
f 3864//3864 3885//3885 3865//3865
f 3865//3865 3885//3885 3886//3886
f 3865//3865 3886//3886 3866//3866
f 3866//3866 3886//3886 3887//3887
f 3866//3866 3887//3887 3867//3867
f 3867//3867 3887//3887 3888//3888
f 3867//3867 3888//3888 3868//3868
f 3868//3868 3888//3888 3889//3889
f 3868//3868 3889//3889 3869//3869
f 3869//3869 3889//3889 3890//3890
f 3869//3869 3890//3890 3870//3870
f 3870//3870 3890//3890 3891//3891
f 3870//3870 3891//3891 3871//3871
f 3871//3871 3891//3891 3892//3892
f 3871//3871 3892//3892 3872//3872
f 3872//3872 3892//3892 3893//3893
f 3872//3872 3893//3893 3873//3873
f 3873//3873 3893//3893 3894//3894
f 3873//3873 3894//3894 3874//3874
f 3874//3874 3894//3894 3895//3895
f 3874//3874 3895//3895 3875//3875
f 3875//3875 3895//3895 3896//3896
f 3875//3875 3896//3896 3876//3876
f 3876//3876 3896//3896 3897//3897
f 3876//3876 3897//3897 3877//3877
f 3877//3877 3897//3897 3898//3898
f 3877//3877 3898//3898 3878//3878
f 3878//3878 3898//3898 3899//3899
f 3878//3878 3899//3899 3879//3879
f 3879//3879 3899//3899 3900//3900
f 3879//3879 3900//3900 3880//3880
f 3880//3880 3900//3900 3881//3881
f 3880//3880 3881//3881 3861//3861
f 3881//3881 3901//3901 3902//3902
f 3881//3881 3902//3902 3882//3882
f 3882//3882 3902//3902 3903//3903
f 3882//3882 3903//3903 3883//3883
f 3883//3883 3903//3903 3904//3904
f 3883//3883 3904//3904 3884//3884
f 3884//3884 3904//3904 3905//3905
f 3884//3884 3905//3905 3885//3885
f 3885//3885 3905//3905 3906//3906
f 3885//3885 3906//3906 3886//3886
f 3886//3886 3906//3906 3907//3907
f 3886//3886 3907//3907 3887//3887
f 3887//3887 3907//3907 3908//3908
f 3887//3887 3908//3908 3888//3888
f 3888//3888 3908//3908 3909//3909
f 3888//3888 3909//3909 3889//3889
f 3889//3889 3909//3909 3910//3910
f 3889//3889 3910//3910 3890//3890
f 3890//3890 3910//3910 3911//3911
f 3890//3890 3911//3911 3891//3891
f 3891//3891 3911//3911 3912//3912
f 3891//3891 3912//3912 3892//3892
f 3892//3892 3912//3912 3913//3913
f 3892//3892 3913//3913 3893//3893
f 3893//3893 3913//3913 3914//3914
f 3893//3893 3914//3914 3894//3894
f 3894//3894 3914//3914 3915//3915
f 3894//3894 3915//3915 3895//3895
f 3895//3895 3915//3915 3916//3916
f 3895//3895 3916//3916 3896//3896
f 3896//3896 3916//3916 3917//3917
f 3896//3896 3917//3917 3897//3897
f 3897//3897 3917//3917 3918//3918
f 3897//3897 3918//3918 3898//3898
f 3898//3898 3918//3918 3919//3919
f 3898//3898 3919//3919 3899//3899
f 3899//3899 3919//3919 3920//3920
f 3899//3899 3920//3920 3900//3900
f 3900//3900 3920//3920 3901//3901
f 3900//3900 3901//3901 3881//3881
f 3901//3901 3921//3921 3922//3922
f 3901//3901 3922//3922 3902//3902
f 3902//3902 3922//3922 3923//3923
f 3902//3902 3923//3923 3903//3903
f 3903//3903 3923//3923 3924//3924
f 3903//3903 3924//3924 3904//3904
f 3904//3904 3924//3924 3925//3925
f 3904//3904 3925//3925 3905//3905
f 3905//3905 3925//3925 3926//3926
f 3905//3905 3926//3926 3906//3906
f 3906//3906 3926//3926 3927//3927
f 3906//3906 3927//3927 3907//3907
f 3907//3907 3927//3927 3928//3928
f 3907//3907 3928//3928 3908//3908
f 3908//3908 3928//3928 3929//3929
f 3908//3908 3929//3929 3909//3909
f 3909//3909 3929//3929 3930//3930
f 3909//3909 3930//3930 3910//3910
f 3910//3910 3930//3930 3931//3931
f 3910//3910 3931//3931 3911//3911
f 3911//3911 3931//3931 3932//3932
f 3911//3911 3932//3932 3912//3912
f 3912//3912 3932//3932 3933//3933
f 3912//3912 3933//3933 3913//3913
f 3913//3913 3933//3933 3934//3934
f 3913//3913 3934//3934 3914//3914
f 3914//3914 3934//3934 3935//3935
f 3914//3914 3935//3935 3915//3915
f 3915//3915 3935//3935 3936//3936
f 3915//3915 3936//3936 3916//3916
f 3916//3916 3936//3936 3937//3937
f 3916//3916 3937//3937 3917//3917
f 3917//3917 3937//3937 3938//3938
f 3917//3917 3938//3938 3918//3918
f 3918//3918 3938//3938 3939//3939
f 3918//3918 3939//3939 3919//3919
f 3919//3919 3939//3939 3940//3940
f 3919//3919 3940//3940 3920//3920
f 3920//3920 3940//3940 3921//3921
f 3920//3920 3921//3921 3901//3901
f 3921//3921 3941//3941 3942//3942
f 3921//3921 3942//3942 3922//3922
f 3922//3922 3942//3942 3943//3943
f 3922//3922 3943//3943 3923//3923
f 3923//3923 3943//3943 3944//3944
f 3923//3923 3944//3944 3924//3924
f 3924//3924 3944//3944 3945//3945
f 3924//3924 3945//3945 3925//3925
f 3925//3925 3945//3945 3946//3946
f 3925//3925 3946//3946 3926//3926
f 3926//3926 3946//3946 3947//3947
f 3926//3926 3947//3947 3927//3927
f 3927//3927 3947//3947 3948//3948
f 3927//3927 3948//3948 3928//3928
f 3928//3928 3948//3948 3949//3949
f 3928//3928 3949//3949 3929//3929
f 3929//3929 3949//3949 3950//3950
f 3929//3929 3950//3950 3930//3930
f 3930//3930 3950//3950 3951//3951
f 3930//3930 3951//3951 3931//3931
f 3931//3931 3951//3951 3952//3952
f 3931//3931 3952//3952 3932//3932
f 3932//3932 3952//3952 3953//3953
f 3932//3932 3953//3953 3933//3933
f 3933//3933 3953//3953 3954//3954
f 3933//3933 3954//3954 3934//3934
f 3934//3934 3954//3954 3955//3955
f 3934//3934 3955//3955 3935//3935
f 3935//3935 3955//3955 3956//3956
f 3935//3935 3956//3956 3936//3936
f 3936//3936 3956//3956 3957//3957
f 3936//3936 3957//3957 3937//3937
f 3937//3937 3957//3957 3958//3958
f 3937//3937 3958//3958 3938//3938
f 3938//3938 3958//3958 3959//3959
f 3938//3938 3959//3959 3939//3939
f 3939//3939 3959//3959 3960//3960
f 3939//3939 3960//3960 3940//3940
f 3940//3940 3960//3960 3941//3941
f 3940//3940 3941//3941 3921//3921
f 3941//3941 3961//3961 3962//3962
f 3941//3941 3962//3962 3942//3942
f 3942//3942 3962//3962 3963//3963
f 3942//3942 3963//3963 3943//3943
f 3943//3943 3963//3963 3964//3964
f 3943//3943 3964//3964 3944//3944
f 3944//3944 3964//3964 3965//3965
f 3944//3944 3965//3965 3945//3945
f 3945//3945 3965//3965 3966//3966
f 3945//3945 3966//3966 3946//3946
f 3946//3946 3966//3966 3967//3967
f 3946//3946 3967//3967 3947//3947
f 3947//3947 3967//3967 3968//3968
f 3947//3947 3968//3968 3948//3948
f 3948//3948 3968//3968 3969//3969
f 3948//3948 3969//3969 3949//3949
f 3949//3949 3969//3969 3970//3970
f 3949//3949 3970//3970 3950//3950
f 3950//3950 3970//3970 3971//3971
f 3950//3950 3971//3971 3951//3951
f 3951//3951 3971//3971 3972//3972
f 3951//3951 3972//3972 3952//3952
f 3952//3952 3972//3972 3973//3973
f 3952//3952 3973//3973 3953//3953
f 3953//3953 3973//3973 3974//3974
f 3953//3953 3974//3974 3954//3954
f 3954//3954 3974//3974 3975//3975
f 3954//3954 3975//3975 3955//3955
f 3955//3955 3975//3975 3976//3976
f 3955//3955 3976//3976 3956//3956
f 3956//3956 3976//3976 3977//3977
f 3956//3956 3977//3977 3957//3957
f 3957//3957 3977//3977 3978//3978
f 3957//3957 3978//3978 3958//3958
f 3958//3958 3978//3978 3979//3979
f 3958//3958 3979//3979 3959//3959
f 3959//3959 3979//3979 3980//3980
f 3959//3959 3980//3980 3960//3960
f 3960//3960 3980//3980 3961//3961
f 3960//3960 3961//3961 3941//3941
f 3961//3961 3981//3981 3982//3982
f 3961//3961 3982//3982 3962//3962
f 3962//3962 3982//3982 3983//3983
f 3962//3962 3983//3983 3963//3963
f 3963//3963 3983//3983 3984//3984
f 3963//3963 3984//3984 3964//3964
f 3964//3964 3984//3984 3985//3985
f 3964//3964 3985//3985 3965//3965
f 3965//3965 3985//3985 3986//3986
f 3965//3965 3986//3986 3966//3966
f 3966//3966 3986//3986 3987//3987
f 3966//3966 3987//3987 3967//3967
f 3967//3967 3987//3987 3988//3988
f 3967//3967 3988//3988 3968//3968
f 3968//3968 3988//3988 3989//3989
f 3968//3968 3989//3989 3969//3969
f 3969//3969 3989//3989 3990//3990
f 3969//3969 3990//3990 3970//3970
f 3970//3970 3990//3990 3991//3991
f 3970//3970 3991//3991 3971//3971
f 3971//3971 3991//3991 3992//3992
f 3971//3971 3992//3992 3972//3972
f 3972//3972 3992//3992 3993//3993
f 3972//3972 3993//3993 3973//3973
f 3973//3973 3993//3993 3994//3994
f 3973//3973 3994//3994 3974//3974
f 3974//3974 3994//3994 3995//3995
f 3974//3974 3995//3995 3975//3975
f 3975//3975 3995//3995 3996//3996
f 3975//3975 3996//3996 3976//3976
f 3976//3976 3996//3996 3997//3997
f 3976//3976 3997//3997 3977//3977
f 3977//3977 3997//3997 3998//3998
f 3977//3977 3998//3998 3978//3978
f 3978//3978 3998//3998 3999//3999
f 3978//3978 3999//3999 3979//3979
f 3979//3979 3999//3999 4000//4000
f 3979//3979 4000//4000 3980//3980
f 3980//3980 4000//4000 3981//3981
f 3980//3980 3981//3981 3961//3961
f 3981//3981 4001//4001 4002//4002
f 3981//3981 4002//4002 3982//3982
f 3982//3982 4002//4002 4003//4003
f 3982//3982 4003//4003 3983//3983
f 3983//3983 4003//4003 4004//4004
f 3983//3983 4004//4004 3984//3984
f 3984//3984 4004//4004 4005//4005
f 3984//3984 4005//4005 3985//3985
f 3985//3985 4005//4005 4006//4006
f 3985//3985 4006//4006 3986//3986
f 3986//3986 4006//4006 4007//4007
f 3986//3986 4007//4007 3987//3987
f 3987//3987 4007//4007 4008//4008
f 3987//3987 4008//4008 3988//3988
f 3988//3988 4008//4008 4009//4009
f 3988//3988 4009//4009 3989//3989
f 3989//3989 4009//4009 4010//4010
f 3989//3989 4010//4010 3990//3990
f 3990//3990 4010//4010 4011//4011
f 3990//3990 4011//4011 3991//3991
f 3991//3991 4011//4011 4012//4012
f 3991//3991 4012//4012 3992//3992
f 3992//3992 4012//4012 4013//4013
f 3992//3992 4013//4013 3993//3993
f 3993//3993 4013//4013 4014//4014
f 3993//3993 4014//4014 3994//3994
f 3994//3994 4014//4014 4015//4015
f 3994//3994 4015//4015 3995//3995
f 3995//3995 4015//4015 4016//4016
f 3995//3995 4016//4016 3996//3996
f 3996//3996 4016//4016 4017//4017
f 3996//3996 4017//4017 3997//3997
f 3997//3997 4017//4017 4018//4018
f 3997//3997 4018//4018 3998//3998
f 3998//3998 4018//4018 4019//4019
f 3998//3998 4019//4019 3999//3999
f 3999//3999 4019//4019 4020//4020
f 3999//3999 4020//4020 4000//4000
f 4000//4000 4020//4020 4001//4001
f 4000//4000 4001//4001 3981//3981
f 4001//4001 4021//4021 4022//4022
f 4001//4001 4022//4022 4002//4002
f 4002//4002 4022//4022 4023//4023
f 4002//4002 4023//4023 4003//4003
f 4003//4003 4023//4023 4024//4024
f 4003//4003 4024//4024 4004//4004
f 4004//4004 4024//4024 4025//4025
f 4004//4004 4025//4025 4005//4005
f 4005//4005 4025//4025 4026//4026
f 4005//4005 4026//4026 4006//4006
f 4006//4006 4026//4026 4027//4027
f 4006//4006 4027//4027 4007//4007
f 4007//4007 4027//4027 4028//4028
f 4007//4007 4028//4028 4008//4008
f 4008//4008 4028//4028 4029//4029
f 4008//4008 4029//4029 4009//4009
f 4009//4009 4029//4029 4030//4030
f 4009//4009 4030//4030 4010//4010
f 4010//4010 4030//4030 4031//4031
f 4010//4010 4031//4031 4011//4011
f 4011//4011 4031//4031 4032//4032
f 4011//4011 4032//4032 4012//4012
f 4012//4012 4032//4032 4033//4033
f 4012//4012 4033//4033 4013//4013
f 4013//4013 4033//4033 4034//4034
f 4013//4013 4034//4034 4014//4014
f 4014//4014 4034//4034 4035//4035
f 4014//4014 4035//4035 4015//4015
f 4015//4015 4035//4035 4036//4036
f 4015//4015 4036//4036 4016//4016
f 4016//4016 4036//4036 4037//4037
f 4016//4016 4037//4037 4017//4017
f 4017//4017 4037//4037 4038//4038
f 4017//4017 4038//4038 4018//4018
f 4018//4018 4038//4038 4039//4039
f 4018//4018 4039//4039 4019//4019
f 4019//4019 4039//4039 4040//4040
f 4019//4019 4040//4040 4020//4020
f 4020//4020 4040//4040 4021//4021
f 4020//4020 4021//4021 4001//4001
f 4021//4021 4041//4041 4042//4042
f 4021//4021 4042//4042 4022//4022
f 4022//4022 4042//4042 4043//4043
f 4022//4022 4043//4043 4023//4023
f 4023//4023 4043//4043 4044//4044
f 4023//4023 4044//4044 4024//4024
f 4024//4024 4044//4044 4045//4045
f 4024//4024 4045//4045 4025//4025
f 4025//4025 4045//4045 4046//4046
f 4025//4025 4046//4046 4026//4026
f 4026//4026 4046//4046 4047//4047
f 4026//4026 4047//4047 4027//4027
f 4027//4027 4047//4047 4048//4048
f 4027//4027 4048//4048 4028//4028
f 4028//4028 4048//4048 4049//4049
f 4028//4028 4049//4049 4029//4029
f 4029//4029 4049//4049 4050//4050
f 4029//4029 4050//4050 4030//4030
f 4030//4030 4050//4050 4051//4051
f 4030//4030 4051//4051 4031//4031
f 4031//4031 4051//4051 4052//4052
f 4031//4031 4052//4052 4032//4032
f 4032//4032 4052//4052 4053//4053
f 4032//4032 4053//4053 4033//4033
f 4033//4033 4053//4053 4054//4054
f 4033//4033 4054//4054 4034//4034
f 4034//4034 4054//4054 4055//4055
f 4034//4034 4055//4055 4035//4035
f 4035//4035 4055//4055 4056//4056
f 4035//4035 4056//4056 4036//4036
f 4036//4036 4056//4056 4057//4057
f 4036//4036 4057//4057 4037//4037
f 4037//4037 4057//4057 4058//4058
f 4037//4037 4058//4058 4038//4038
f 4038//4038 4058//4058 4059//4059
f 4038//4038 4059//4059 4039//4039
f 4039//4039 4059//4059 4060//4060
f 4039//4039 4060//4060 4040//4040
f 4040//4040 4060//4060 4041//4041
f 4040//4040 4041//4041 4021//4021
f 4041//4041 4061//4061 4062//4062
f 4041//4041 4062//4062 4042//4042
f 4042//4042 4062//4062 4063//4063
f 4042//4042 4063//4063 4043//4043
f 4043//4043 4063//4063 4064//4064
f 4043//4043 4064//4064 4044//4044
f 4044//4044 4064//4064 4065//4065
f 4044//4044 4065//4065 4045//4045
f 4045//4045 4065//4065 4066//4066
f 4045//4045 4066//4066 4046//4046
f 4046//4046 4066//4066 4067//4067
f 4046//4046 4067//4067 4047//4047
f 4047//4047 4067//4067 4068//4068
f 4047//4047 4068//4068 4048//4048
f 4048//4048 4068//4068 4069//4069
f 4048//4048 4069//4069 4049//4049
f 4049//4049 4069//4069 4070//4070
f 4049//4049 4070//4070 4050//4050
f 4050//4050 4070//4070 4071//4071
f 4050//4050 4071//4071 4051//4051
f 4051//4051 4071//4071 4072//4072
f 4051//4051 4072//4072 4052//4052
f 4052//4052 4072//4072 4073//4073
f 4052//4052 4073//4073 4053//4053
f 4053//4053 4073//4073 4074//4074
f 4053//4053 4074//4074 4054//4054
f 4054//4054 4074//4074 4075//4075
f 4054//4054 4075//4075 4055//4055
f 4055//4055 4075//4075 4076//4076
f 4055//4055 4076//4076 4056//4056
f 4056//4056 4076//4076 4077//4077
f 4056//4056 4077//4077 4057//4057
f 4057//4057 4077//4077 4078//4078
f 4057//4057 4078//4078 4058//4058
f 4058//4058 4078//4078 4079//4079
f 4058//4058 4079//4079 4059//4059
f 4059//4059 4079//4079 4080//4080
f 4059//4059 4080//4080 4060//4060
f 4060//4060 4080//4080 4061//4061
f 4060//4060 4061//4061 4041//4041
f 4061//4061 4081//4081 4082//4082
f 4061//4061 4082//4082 4062//4062
f 4062//4062 4082//4082 4083//4083
f 4062//4062 4083//4083 4063//4063
f 4063//4063 4083//4083 4084//4084
f 4063//4063 4084//4084 4064//4064
f 4064//4064 4084//4084 4085//4085
f 4064//4064 4085//4085 4065//4065
f 4065//4065 4085//4085 4086//4086
f 4065//4065 4086//4086 4066//4066
f 4066//4066 4086//4086 4087//4087
f 4066//4066 4087//4087 4067//4067
f 4067//4067 4087//4087 4088//4088
f 4067//4067 4088//4088 4068//4068
f 4068//4068 4088//4088 4089//4089
f 4068//4068 4089//4089 4069//4069
f 4069//4069 4089//4089 4090//4090
f 4069//4069 4090//4090 4070//4070
f 4070//4070 4090//4090 4091//4091
f 4070//4070 4091//4091 4071//4071
f 4071//4071 4091//4091 4092//4092
f 4071//4071 4092//4092 4072//4072
f 4072//4072 4092//4092 4093//4093
f 4072//4072 4093//4093 4073//4073
f 4073//4073 4093//4093 4094//4094
f 4073//4073 4094//4094 4074//4074
f 4074//4074 4094//4094 4095//4095
f 4074//4074 4095//4095 4075//4075
f 4075//4075 4095//4095 4096//4096
f 4075//4075 4096//4096 4076//4076
f 4076//4076 4096//4096 4097//4097
f 4076//4076 4097//4097 4077//4077
f 4077//4077 4097//4097 4098//4098
f 4077//4077 4098//4098 4078//4078
f 4078//4078 4098//4098 4099//4099
f 4078//4078 4099//4099 4079//4079
f 4079//4079 4099//4099 4100//4100
f 4079//4079 4100//4100 4080//4080
f 4080//4080 4100//4100 4081//4081
f 4080//4080 4081//4081 4061//4061
f 4081//4081 4101//4101 4102//4102
f 4081//4081 4102//4102 4082//4082
f 4082//4082 4102//4102 4103//4103
f 4082//4082 4103//4103 4083//4083
f 4083//4083 4103//4103 4104//4104
f 4083//4083 4104//4104 4084//4084
f 4084//4084 4104//4104 4105//4105
f 4084//4084 4105//4105 4085//4085
f 4085//4085 4105//4105 4106//4106
f 4085//4085 4106//4106 4086//4086
f 4086//4086 4106//4106 4107//4107
f 4086//4086 4107//4107 4087//4087
f 4087//4087 4107//4107 4108//4108
f 4087//4087 4108//4108 4088//4088
f 4088//4088 4108//4108 4109//4109
f 4088//4088 4109//4109 4089//4089
f 4089//4089 4109//4109 4110//4110
f 4089//4089 4110//4110 4090//4090
f 4090//4090 4110//4110 4111//4111
f 4090//4090 4111//4111 4091//4091
f 4091//4091 4111//4111 4112//4112
f 4091//4091 4112//4112 4092//4092
f 4092//4092 4112//4112 4113//4113
f 4092//4092 4113//4113 4093//4093
f 4093//4093 4113//4113 4114//4114
f 4093//4093 4114//4114 4094//4094
f 4094//4094 4114//4114 4115//4115
f 4094//4094 4115//4115 4095//4095
f 4095//4095 4115//4115 4116//4116
f 4095//4095 4116//4116 4096//4096
f 4096//4096 4116//4116 4117//4117
f 4096//4096 4117//4117 4097//4097
f 4097//4097 4117//4117 4118//4118
f 4097//4097 4118//4118 4098//4098
f 4098//4098 4118//4118 4119//4119
f 4098//4098 4119//4119 4099//4099
f 4099//4099 4119//4119 4120//4120
f 4099//4099 4120//4120 4100//4100
f 4100//4100 4120//4120 4101//4101
f 4100//4100 4101//4101 4081//4081
f 4101//4101 4121//4121 4122//4122
f 4101//4101 4122//4122 4102//4102
f 4102//4102 4122//4122 4123//4123
f 4102//4102 4123//4123 4103//4103
f 4103//4103 4123//4123 4124//4124
f 4103//4103 4124//4124 4104//4104
f 4104//4104 4124//4124 4125//4125
f 4104//4104 4125//4125 4105//4105
f 4105//4105 4125//4125 4126//4126
f 4105//4105 4126//4126 4106//4106
f 4106//4106 4126//4126 4127//4127
f 4106//4106 4127//4127 4107//4107
f 4107//4107 4127//4127 4128//4128
f 4107//4107 4128//4128 4108//4108
f 4108//4108 4128//4128 4129//4129
f 4108//4108 4129//4129 4109//4109
f 4109//4109 4129//4129 4130//4130
f 4109//4109 4130//4130 4110//4110
f 4110//4110 4130//4130 4131//4131
f 4110//4110 4131//4131 4111//4111
f 4111//4111 4131//4131 4132//4132
f 4111//4111 4132//4132 4112//4112
f 4112//4112 4132//4132 4133//4133
f 4112//4112 4133//4133 4113//4113
f 4113//4113 4133//4133 4134//4134
f 4113//4113 4134//4134 4114//4114
f 4114//4114 4134//4134 4135//4135
f 4114//4114 4135//4135 4115//4115
f 4115//4115 4135//4135 4136//4136
f 4115//4115 4136//4136 4116//4116
f 4116//4116 4136//4136 4137//4137
f 4116//4116 4137//4137 4117//4117
f 4117//4117 4137//4137 4138//4138
f 4117//4117 4138//4138 4118//4118
f 4118//4118 4138//4138 4139//4139
f 4118//4118 4139//4139 4119//4119
f 4119//4119 4139//4139 4140//4140
f 4119//4119 4140//4140 4120//4120
f 4120//4120 4140//4140 4121//4121
f 4120//4120 4121//4121 4101//4101
f 4121//4121 4141//4141 4142//4142
f 4121//4121 4142//4142 4122//4122
f 4122//4122 4142//4142 4143//4143
f 4122//4122 4143//4143 4123//4123
f 4123//4123 4143//4143 4144//4144
f 4123//4123 4144//4144 4124//4124
f 4124//4124 4144//4144 4145//4145
f 4124//4124 4145//4145 4125//4125
f 4125//4125 4145//4145 4146//4146
f 4125//4125 4146//4146 4126//4126
f 4126//4126 4146//4146 4147//4147
f 4126//4126 4147//4147 4127//4127
f 4127//4127 4147//4147 4148//4148
f 4127//4127 4148//4148 4128//4128
f 4128//4128 4148//4148 4149//4149
f 4128//4128 4149//4149 4129//4129
f 4129//4129 4149//4149 4150//4150
f 4129//4129 4150//4150 4130//4130
f 4130//4130 4150//4150 4151//4151
f 4130//4130 4151//4151 4131//4131
f 4131//4131 4151//4151 4152//4152
f 4131//4131 4152//4152 4132//4132
f 4132//4132 4152//4152 4153//4153
f 4132//4132 4153//4153 4133//4133
f 4133//4133 4153//4153 4154//4154
f 4133//4133 4154//4154 4134//4134
f 4134//4134 4154//4154 4155//4155
f 4134//4134 4155//4155 4135//4135
f 4135//4135 4155//4155 4156//4156
f 4135//4135 4156//4156 4136//4136
f 4136//4136 4156//4156 4157//4157
f 4136//4136 4157//4157 4137//4137
f 4137//4137 4157//4157 4158//4158
f 4137//4137 4158//4158 4138//4138
f 4138//4138 4158//4158 4159//4159
f 4138//4138 4159//4159 4139//4139
f 4139//4139 4159//4159 4160//4160
f 4139//4139 4160//4160 4140//4140
f 4140//4140 4160//4160 4141//4141
f 4140//4140 4141//4141 4121//4121
f 4141//4141 4161//4161 4162//4162
f 4141//4141 4162//4162 4142//4142
f 4142//4142 4162//4162 4163//4163
f 4142//4142 4163//4163 4143//4143
f 4143//4143 4163//4163 4164//4164
f 4143//4143 4164//4164 4144//4144
f 4144//4144 4164//4164 4165//4165
f 4144//4144 4165//4165 4145//4145
f 4145//4145 4165//4165 4166//4166
f 4145//4145 4166//4166 4146//4146
f 4146//4146 4166//4166 4167//4167
f 4146//4146 4167//4167 4147//4147
f 4147//4147 4167//4167 4168//4168
f 4147//4147 4168//4168 4148//4148
f 4148//4148 4168//4168 4169//4169
f 4148//4148 4169//4169 4149//4149
f 4149//4149 4169//4169 4170//4170
f 4149//4149 4170//4170 4150//4150
f 4150//4150 4170//4170 4171//4171
f 4150//4150 4171//4171 4151//4151
f 4151//4151 4171//4171 4172//4172
f 4151//4151 4172//4172 4152//4152
f 4152//4152 4172//4172 4173//4173
f 4152//4152 4173//4173 4153//4153
f 4153//4153 4173//4173 4174//4174
f 4153//4153 4174//4174 4154//4154
f 4154//4154 4174//4174 4175//4175
f 4154//4154 4175//4175 4155//4155
f 4155//4155 4175//4175 4176//4176
f 4155//4155 4176//4176 4156//4156
f 4156//4156 4176//4176 4177//4177
f 4156//4156 4177//4177 4157//4157
f 4157//4157 4177//4177 4178//4178
f 4157//4157 4178//4178 4158//4158
f 4158//4158 4178//4178 4179//4179
f 4158//4158 4179//4179 4159//4159
f 4159//4159 4179//4179 4180//4180
f 4159//4159 4180//4180 4160//4160
f 4160//4160 4180//4180 4161//4161
f 4160//4160 4161//4161 4141//4141
f 4161//4161 4181//4181 4182//4182
f 4161//4161 4182//4182 4162//4162
f 4162//4162 4182//4182 4183//4183
f 4162//4162 4183//4183 4163//4163
f 4163//4163 4183//4183 4184//4184
f 4163//4163 4184//4184 4164//4164
f 4164//4164 4184//4184 4185//4185
f 4164//4164 4185//4185 4165//4165
f 4165//4165 4185//4185 4186//4186
f 4165//4165 4186//4186 4166//4166
f 4166//4166 4186//4186 4187//4187
f 4166//4166 4187//4187 4167//4167
f 4167//4167 4187//4187 4188//4188
f 4167//4167 4188//4188 4168//4168
f 4168//4168 4188//4188 4189//4189
f 4168//4168 4189//4189 4169//4169
f 4169//4169 4189//4189 4190//4190
f 4169//4169 4190//4190 4170//4170
f 4170//4170 4190//4190 4191//4191
f 4170//4170 4191//4191 4171//4171
f 4171//4171 4191//4191 4192//4192
f 4171//4171 4192//4192 4172//4172
f 4172//4172 4192//4192 4193//4193
f 4172//4172 4193//4193 4173//4173
f 4173//4173 4193//4193 4194//4194
f 4173//4173 4194//4194 4174//4174
f 4174//4174 4194//4194 4195//4195
f 4174//4174 4195//4195 4175//4175
f 4175//4175 4195//4195 4196//4196
f 4175//4175 4196//4196 4176//4176
f 4176//4176 4196//4196 4197//4197
f 4176//4176 4197//4197 4177//4177
f 4177//4177 4197//4197 4198//4198
f 4177//4177 4198//4198 4178//4178
f 4178//4178 4198//4198 4199//4199
f 4178//4178 4199//4199 4179//4179
f 4179//4179 4199//4199 4200//4200
f 4179//4179 4200//4200 4180//4180
f 4180//4180 4200//4200 4181//4181
f 4180//4180 4181//4181 4161//4161
f 4181//4181 4201//4201 4202//4202
f 4181//4181 4202//4202 4182//4182
f 4182//4182 4202//4202 4203//4203
f 4182//4182 4203//4203 4183//4183
f 4183//4183 4203//4203 4204//4204
f 4183//4183 4204//4204 4184//4184
f 4184//4184 4204//4204 4205//4205
f 4184//4184 4205//4205 4185//4185
f 4185//4185 4205//4205 4206//4206
f 4185//4185 4206//4206 4186//4186
f 4186//4186 4206//4206 4207//4207
f 4186//4186 4207//4207 4187//4187
f 4187//4187 4207//4207 4208//4208
f 4187//4187 4208//4208 4188//4188
f 4188//4188 4208//4208 4209//4209
f 4188//4188 4209//4209 4189//4189
f 4189//4189 4209//4209 4210//4210
f 4189//4189 4210//4210 4190//4190
f 4190//4190 4210//4210 4211//4211
f 4190//4190 4211//4211 4191//4191
f 4191//4191 4211//4211 4212//4212
f 4191//4191 4212//4212 4192//4192
f 4192//4192 4212//4212 4213//4213
f 4192//4192 4213//4213 4193//4193
f 4193//4193 4213//4213 4214//4214
f 4193//4193 4214//4214 4194//4194
f 4194//4194 4214//4214 4215//4215
f 4194//4194 4215//4215 4195//4195
f 4195//4195 4215//4215 4216//4216
f 4195//4195 4216//4216 4196//4196
f 4196//4196 4216//4216 4217//4217
f 4196//4196 4217//4217 4197//4197
f 4197//4197 4217//4217 4218//4218
f 4197//4197 4218//4218 4198//4198
f 4198//4198 4218//4218 4219//4219
f 4198//4198 4219//4219 4199//4199
f 4199//4199 4219//4219 4220//4220
f 4199//4199 4220//4220 4200//4200
f 4200//4200 4220//4220 4201//4201
f 4200//4200 4201//4201 4181//4181
f 4201//4201 4221//4221 4222//4222
f 4201//4201 4222//4222 4202//4202
f 4202//4202 4222//4222 4223//4223
f 4202//4202 4223//4223 4203//4203
f 4203//4203 4223//4223 4224//4224
f 4203//4203 4224//4224 4204//4204
f 4204//4204 4224//4224 4225//4225
f 4204//4204 4225//4225 4205//4205
f 4205//4205 4225//4225 4226//4226
f 4205//4205 4226//4226 4206//4206
f 4206//4206 4226//4226 4227//4227
f 4206//4206 4227//4227 4207//4207
f 4207//4207 4227//4227 4228//4228
f 4207//4207 4228//4228 4208//4208
f 4208//4208 4228//4228 4229//4229
f 4208//4208 4229//4229 4209//4209
f 4209//4209 4229//4229 4230//4230
f 4209//4209 4230//4230 4210//4210
f 4210//4210 4230//4230 4231//4231
f 4210//4210 4231//4231 4211//4211
f 4211//4211 4231//4231 4232//4232
f 4211//4211 4232//4232 4212//4212
f 4212//4212 4232//4232 4233//4233
f 4212//4212 4233//4233 4213//4213
f 4213//4213 4233//4233 4234//4234
f 4213//4213 4234//4234 4214//4214
f 4214//4214 4234//4234 4235//4235
f 4214//4214 4235//4235 4215//4215
f 4215//4215 4235//4235 4236//4236
f 4215//4215 4236//4236 4216//4216
f 4216//4216 4236//4236 4237//4237
f 4216//4216 4237//4237 4217//4217
f 4217//4217 4237//4237 4238//4238
f 4217//4217 4238//4238 4218//4218
f 4218//4218 4238//4238 4239//4239
f 4218//4218 4239//4239 4219//4219
f 4219//4219 4239//4239 4240//4240
f 4219//4219 4240//4240 4220//4220
f 4220//4220 4240//4240 4221//4221
f 4220//4220 4221//4221 4201//4201
f 4221//4221 4241//4241 4242//4242
f 4221//4221 4242//4242 4222//4222
f 4222//4222 4242//4242 4243//4243
f 4222//4222 4243//4243 4223//4223
f 4223//4223 4243//4243 4244//4244
f 4223//4223 4244//4244 4224//4224
f 4224//4224 4244//4244 4245//4245
f 4224//4224 4245//4245 4225//4225
f 4225//4225 4245//4245 4246//4246
f 4225//4225 4246//4246 4226//4226
f 4226//4226 4246//4246 4247//4247
f 4226//4226 4247//4247 4227//4227
f 4227//4227 4247//4247 4248//4248
f 4227//4227 4248//4248 4228//4228
f 4228//4228 4248//4248 4249//4249
f 4228//4228 4249//4249 4229//4229
f 4229//4229 4249//4249 4250//4250
f 4229//4229 4250//4250 4230//4230
f 4230//4230 4250//4250 4251//4251
f 4230//4230 4251//4251 4231//4231
f 4231//4231 4251//4251 4252//4252
f 4231//4231 4252//4252 4232//4232
f 4232//4232 4252//4252 4253//4253
f 4232//4232 4253//4253 4233//4233
f 4233//4233 4253//4253 4254//4254
f 4233//4233 4254//4254 4234//4234
f 4234//4234 4254//4254 4255//4255
f 4234//4234 4255//4255 4235//4235
f 4235//4235 4255//4255 4256//4256
f 4235//4235 4256//4256 4236//4236
f 4236//4236 4256//4256 4257//4257
f 4236//4236 4257//4257 4237//4237
f 4237//4237 4257//4257 4258//4258
f 4237//4237 4258//4258 4238//4238
f 4238//4238 4258//4258 4259//4259
f 4238//4238 4259//4259 4239//4239
f 4239//4239 4259//4259 4260//4260
f 4239//4239 4260//4260 4240//4240
f 4240//4240 4260//4260 4241//4241
f 4240//4240 4241//4241 4221//4221
f 4241//4241 4261//4261 4262//4262
f 4241//4241 4262//4262 4242//4242
f 4242//4242 4262//4262 4263//4263
f 4242//4242 4263//4263 4243//4243
f 4243//4243 4263//4263 4264//4264
f 4243//4243 4264//4264 4244//4244
f 4244//4244 4264//4264 4265//4265
f 4244//4244 4265//4265 4245//4245
f 4245//4245 4265//4265 4266//4266
f 4245//4245 4266//4266 4246//4246
f 4246//4246 4266//4266 4267//4267
f 4246//4246 4267//4267 4247//4247
f 4247//4247 4267//4267 4268//4268
f 4247//4247 4268//4268 4248//4248
f 4248//4248 4268//4268 4269//4269
f 4248//4248 4269//4269 4249//4249
f 4249//4249 4269//4269 4270//4270
f 4249//4249 4270//4270 4250//4250
f 4250//4250 4270//4270 4271//4271
f 4250//4250 4271//4271 4251//4251
f 4251//4251 4271//4271 4272//4272
f 4251//4251 4272//4272 4252//4252
f 4252//4252 4272//4272 4273//4273
f 4252//4252 4273//4273 4253//4253
f 4253//4253 4273//4273 4274//4274
f 4253//4253 4274//4274 4254//4254
f 4254//4254 4274//4274 4275//4275
f 4254//4254 4275//4275 4255//4255
f 4255//4255 4275//4275 4276//4276
f 4255//4255 4276//4276 4256//4256
f 4256//4256 4276//4276 4277//4277
f 4256//4256 4277//4277 4257//4257
f 4257//4257 4277//4277 4278//4278
f 4257//4257 4278//4278 4258//4258
f 4258//4258 4278//4278 4279//4279
f 4258//4258 4279//4279 4259//4259
f 4259//4259 4279//4279 4280//4280
f 4259//4259 4280//4280 4260//4260
f 4260//4260 4280//4280 4261//4261
f 4260//4260 4261//4261 4241//4241
f 4261//4261 4281//4281 4282//4282
f 4261//4261 4282//4282 4262//4262
f 4262//4262 4282//4282 4283//4283
f 4262//4262 4283//4283 4263//4263
f 4263//4263 4283//4283 4284//4284
f 4263//4263 4284//4284 4264//4264
f 4264//4264 4284//4284 4285//4285
f 4264//4264 4285//4285 4265//4265
f 4265//4265 4285//4285 4286//4286
f 4265//4265 4286//4286 4266//4266
f 4266//4266 4286//4286 4287//4287
f 4266//4266 4287//4287 4267//4267
f 4267//4267 4287//4287 4288//4288
f 4267//4267 4288//4288 4268//4268
f 4268//4268 4288//4288 4289//4289
f 4268//4268 4289//4289 4269//4269
f 4269//4269 4289//4289 4290//4290
f 4269//4269 4290//4290 4270//4270
f 4270//4270 4290//4290 4291//4291
f 4270//4270 4291//4291 4271//4271
f 4271//4271 4291//4291 4292//4292
f 4271//4271 4292//4292 4272//4272
f 4272//4272 4292//4292 4293//4293
f 4272//4272 4293//4293 4273//4273
f 4273//4273 4293//4293 4294//4294
f 4273//4273 4294//4294 4274//4274
f 4274//4274 4294//4294 4295//4295
f 4274//4274 4295//4295 4275//4275
f 4275//4275 4295//4295 4296//4296
f 4275//4275 4296//4296 4276//4276
f 4276//4276 4296//4296 4297//4297
f 4276//4276 4297//4297 4277//4277
f 4277//4277 4297//4297 4298//4298
f 4277//4277 4298//4298 4278//4278
f 4278//4278 4298//4298 4299//4299
f 4278//4278 4299//4299 4279//4279
f 4279//4279 4299//4299 4300//4300
f 4279//4279 4300//4300 4280//4280
f 4280//4280 4300//4300 4281//4281
f 4280//4280 4281//4281 4261//4261
f 4281//4281 4301//4301 4302//4302
f 4281//4281 4302//4302 4282//4282
f 4282//4282 4302//4302 4303//4303
f 4282//4282 4303//4303 4283//4283
f 4283//4283 4303//4303 4304//4304
f 4283//4283 4304//4304 4284//4284
f 4284//4284 4304//4304 4305//4305
f 4284//4284 4305//4305 4285//4285
f 4285//4285 4305//4305 4306//4306
f 4285//4285 4306//4306 4286//4286
f 4286//4286 4306//4306 4307//4307
f 4286//4286 4307//4307 4287//4287
f 4287//4287 4307//4307 4308//4308
f 4287//4287 4308//4308 4288//4288
f 4288//4288 4308//4308 4309//4309
f 4288//4288 4309//4309 4289//4289
f 4289//4289 4309//4309 4310//4310
f 4289//4289 4310//4310 4290//4290
f 4290//4290 4310//4310 4311//4311
f 4290//4290 4311//4311 4291//4291
f 4291//4291 4311//4311 4312//4312
f 4291//4291 4312//4312 4292//4292
f 4292//4292 4312//4312 4313//4313
f 4292//4292 4313//4313 4293//4293
f 4293//4293 4313//4313 4314//4314
f 4293//4293 4314//4314 4294//4294
f 4294//4294 4314//4314 4315//4315
f 4294//4294 4315//4315 4295//4295
f 4295//4295 4315//4315 4316//4316
f 4295//4295 4316//4316 4296//4296
f 4296//4296 4316//4316 4317//4317
f 4296//4296 4317//4317 4297//4297
f 4297//4297 4317//4317 4318//4318
f 4297//4297 4318//4318 4298//4298
f 4298//4298 4318//4318 4319//4319
f 4298//4298 4319//4319 4299//4299
f 4299//4299 4319//4319 4320//4320
f 4299//4299 4320//4320 4300//4300
f 4300//4300 4320//4320 4301//4301
f 4300//4300 4301//4301 4281//4281
f 4301//4301 4321//4321 4322//4322
f 4301//4301 4322//4322 4302//4302
f 4302//4302 4322//4322 4323//4323
f 4302//4302 4323//4323 4303//4303
f 4303//4303 4323//4323 4324//4324
f 4303//4303 4324//4324 4304//4304
f 4304//4304 4324//4324 4325//4325
f 4304//4304 4325//4325 4305//4305
f 4305//4305 4325//4325 4326//4326
f 4305//4305 4326//4326 4306//4306
f 4306//4306 4326//4326 4327//4327
f 4306//4306 4327//4327 4307//4307
f 4307//4307 4327//4327 4328//4328
f 4307//4307 4328//4328 4308//4308
f 4308//4308 4328//4328 4329//4329
f 4308//4308 4329//4329 4309//4309
f 4309//4309 4329//4329 4330//4330
f 4309//4309 4330//4330 4310//4310
f 4310//4310 4330//4330 4331//4331
f 4310//4310 4331//4331 4311//4311
f 4311//4311 4331//4331 4332//4332
f 4311//4311 4332//4332 4312//4312
f 4312//4312 4332//4332 4333//4333
f 4312//4312 4333//4333 4313//4313
f 4313//4313 4333//4333 4334//4334
f 4313//4313 4334//4334 4314//4314
f 4314//4314 4334//4334 4335//4335
f 4314//4314 4335//4335 4315//4315
f 4315//4315 4335//4335 4336//4336
f 4315//4315 4336//4336 4316//4316
f 4316//4316 4336//4336 4337//4337
f 4316//4316 4337//4337 4317//4317
f 4317//4317 4337//4337 4338//4338
f 4317//4317 4338//4338 4318//4318
f 4318//4318 4338//4338 4339//4339
f 4318//4318 4339//4339 4319//4319
f 4319//4319 4339//4339 4340//4340
f 4319//4319 4340//4340 4320//4320
f 4320//4320 4340//4340 4321//4321
f 4320//4320 4321//4321 4301//4301
f 4321//4321 4341//4341 4342//4342
f 4321//4321 4342//4342 4322//4322
f 4322//4322 4342//4342 4343//4343
f 4322//4322 4343//4343 4323//4323
f 4323//4323 4343//4343 4344//4344
f 4323//4323 4344//4344 4324//4324
f 4324//4324 4344//4344 4345//4345
f 4324//4324 4345//4345 4325//4325
f 4325//4325 4345//4345 4346//4346
f 4325//4325 4346//4346 4326//4326
f 4326//4326 4346//4346 4347//4347
f 4326//4326 4347//4347 4327//4327
f 4327//4327 4347//4347 4348//4348
f 4327//4327 4348//4348 4328//4328
f 4328//4328 4348//4348 4349//4349
f 4328//4328 4349//4349 4329//4329
f 4329//4329 4349//4349 4350//4350
f 4329//4329 4350//4350 4330//4330
f 4330//4330 4350//4350 4351//4351
f 4330//4330 4351//4351 4331//4331
f 4331//4331 4351//4351 4352//4352
f 4331//4331 4352//4352 4332//4332
f 4332//4332 4352//4352 4353//4353
f 4332//4332 4353//4353 4333//4333
f 4333//4333 4353//4353 4354//4354
f 4333//4333 4354//4354 4334//4334
f 4334//4334 4354//4354 4355//4355
f 4334//4334 4355//4355 4335//4335
f 4335//4335 4355//4355 4356//4356
f 4335//4335 4356//4356 4336//4336
f 4336//4336 4356//4356 4357//4357
f 4336//4336 4357//4357 4337//4337
f 4337//4337 4357//4357 4358//4358
f 4337//4337 4358//4358 4338//4338
f 4338//4338 4358//4358 4359//4359
f 4338//4338 4359//4359 4339//4339
f 4339//4339 4359//4359 4360//4360
f 4339//4339 4360//4360 4340//4340
f 4340//4340 4360//4360 4341//4341
f 4340//4340 4341//4341 4321//4321
f 4341//4341 4361//4361 4362//4362
f 4341//4341 4362//4362 4342//4342
f 4342//4342 4362//4362 4363//4363
f 4342//4342 4363//4363 4343//4343
f 4343//4343 4363//4363 4364//4364
f 4343//4343 4364//4364 4344//4344
f 4344//4344 4364//4364 4365//4365
f 4344//4344 4365//4365 4345//4345
f 4345//4345 4365//4365 4366//4366
f 4345//4345 4366//4366 4346//4346
f 4346//4346 4366//4366 4367//4367
f 4346//4346 4367//4367 4347//4347
f 4347//4347 4367//4367 4368//4368
f 4347//4347 4368//4368 4348//4348
f 4348//4348 4368//4368 4369//4369
f 4348//4348 4369//4369 4349//4349
f 4349//4349 4369//4369 4370//4370
f 4349//4349 4370//4370 4350//4350
f 4350//4350 4370//4370 4371//4371
f 4350//4350 4371//4371 4351//4351
f 4351//4351 4371//4371 4372//4372
f 4351//4351 4372//4372 4352//4352
f 4352//4352 4372//4372 4373//4373
f 4352//4352 4373//4373 4353//4353
f 4353//4353 4373//4373 4374//4374
f 4353//4353 4374//4374 4354//4354
f 4354//4354 4374//4374 4375//4375
f 4354//4354 4375//4375 4355//4355
f 4355//4355 4375//4375 4376//4376
f 4355//4355 4376//4376 4356//4356
f 4356//4356 4376//4376 4377//4377
f 4356//4356 4377//4377 4357//4357
f 4357//4357 4377//4377 4378//4378
f 4357//4357 4378//4378 4358//4358
f 4358//4358 4378//4378 4379//4379
f 4358//4358 4379//4379 4359//4359
f 4359//4359 4379//4379 4380//4380
f 4359//4359 4380//4380 4360//4360
f 4360//4360 4380//4380 4361//4361
f 4360//4360 4361//4361 4341//4341
f 4361//4361 4381//4381 4382//4382
f 4361//4361 4382//4382 4362//4362
f 4362//4362 4382//4382 4383//4383
f 4362//4362 4383//4383 4363//4363
f 4363//4363 4383//4383 4384//4384
f 4363//4363 4384//4384 4364//4364
f 4364//4364 4384//4384 4385//4385
f 4364//4364 4385//4385 4365//4365
f 4365//4365 4385//4385 4386//4386
f 4365//4365 4386//4386 4366//4366
f 4366//4366 4386//4386 4387//4387
f 4366//4366 4387//4387 4367//4367
f 4367//4367 4387//4387 4388//4388
f 4367//4367 4388//4388 4368//4368
f 4368//4368 4388//4388 4389//4389
f 4368//4368 4389//4389 4369//4369
f 4369//4369 4389//4389 4390//4390
f 4369//4369 4390//4390 4370//4370
f 4370//4370 4390//4390 4391//4391
f 4370//4370 4391//4391 4371//4371
f 4371//4371 4391//4391 4392//4392
f 4371//4371 4392//4392 4372//4372
f 4372//4372 4392//4392 4393//4393
f 4372//4372 4393//4393 4373//4373
f 4373//4373 4393//4393 4394//4394
f 4373//4373 4394//4394 4374//4374
f 4374//4374 4394//4394 4395//4395
f 4374//4374 4395//4395 4375//4375
f 4375//4375 4395//4395 4396//4396
f 4375//4375 4396//4396 4376//4376
f 4376//4376 4396//4396 4397//4397
f 4376//4376 4397//4397 4377//4377
f 4377//4377 4397//4397 4398//4398
f 4377//4377 4398//4398 4378//4378
f 4378//4378 4398//4398 4399//4399
f 4378//4378 4399//4399 4379//4379
f 4379//4379 4399//4399 4400//4400
f 4379//4379 4400//4400 4380//4380
f 4380//4380 4400//4400 4381//4381
f 4380//4380 4381//4381 4361//4361
f 4381//4381 4401//4401 4402//4402
f 4381//4381 4402//4402 4382//4382
f 4382//4382 4402//4402 4403//4403
f 4382//4382 4403//4403 4383//4383
f 4383//4383 4403//4403 4404//4404
f 4383//4383 4404//4404 4384//4384
f 4384//4384 4404//4404 4405//4405
f 4384//4384 4405//4405 4385//4385
f 4385//4385 4405//4405 4406//4406
f 4385//4385 4406//4406 4386//4386
f 4386//4386 4406//4406 4407//4407
f 4386//4386 4407//4407 4387//4387
f 4387//4387 4407//4407 4408//4408
f 4387//4387 4408//4408 4388//4388
f 4388//4388 4408//4408 4409//4409
f 4388//4388 4409//4409 4389//4389
f 4389//4389 4409//4409 4410//4410
f 4389//4389 4410//4410 4390//4390
f 4390//4390 4410//4410 4411//4411
f 4390//4390 4411//4411 4391//4391
f 4391//4391 4411//4411 4412//4412
f 4391//4391 4412//4412 4392//4392
f 4392//4392 4412//4412 4413//4413
f 4392//4392 4413//4413 4393//4393
f 4393//4393 4413//4413 4414//4414
f 4393//4393 4414//4414 4394//4394
f 4394//4394 4414//4414 4415//4415
f 4394//4394 4415//4415 4395//4395
f 4395//4395 4415//4415 4416//4416
f 4395//4395 4416//4416 4396//4396
f 4396//4396 4416//4416 4417//4417
f 4396//4396 4417//4417 4397//4397
f 4397//4397 4417//4417 4418//4418
f 4397//4397 4418//4418 4398//4398
f 4398//4398 4418//4418 4419//4419
f 4398//4398 4419//4419 4399//4399
f 4399//4399 4419//4419 4420//4420
f 4399//4399 4420//4420 4400//4400
f 4400//4400 4420//4420 4401//4401
f 4400//4400 4401//4401 4381//4381
f 4401//4401 4421//4421 4422//4422
f 4401//4401 4422//4422 4402//4402
f 4402//4402 4422//4422 4423//4423
f 4402//4402 4423//4423 4403//4403
f 4403//4403 4423//4423 4424//4424
f 4403//4403 4424//4424 4404//4404
f 4404//4404 4424//4424 4425//4425
f 4404//4404 4425//4425 4405//4405
f 4405//4405 4425//4425 4426//4426
f 4405//4405 4426//4426 4406//4406
f 4406//4406 4426//4426 4427//4427
f 4406//4406 4427//4427 4407//4407
f 4407//4407 4427//4427 4428//4428
f 4407//4407 4428//4428 4408//4408
f 4408//4408 4428//4428 4429//4429
f 4408//4408 4429//4429 4409//4409
f 4409//4409 4429//4429 4430//4430
f 4409//4409 4430//4430 4410//4410
f 4410//4410 4430//4430 4431//4431
f 4410//4410 4431//4431 4411//4411
f 4411//4411 4431//4431 4432//4432
f 4411//4411 4432//4432 4412//4412
f 4412//4412 4432//4432 4433//4433
f 4412//4412 4433//4433 4413//4413
f 4413//4413 4433//4433 4434//4434
f 4413//4413 4434//4434 4414//4414
f 4414//4414 4434//4434 4435//4435
f 4414//4414 4435//4435 4415//4415
f 4415//4415 4435//4435 4436//4436
f 4415//4415 4436//4436 4416//4416
f 4416//4416 4436//4436 4437//4437
f 4416//4416 4437//4437 4417//4417
f 4417//4417 4437//4437 4438//4438
f 4417//4417 4438//4438 4418//4418
f 4418//4418 4438//4438 4439//4439
f 4418//4418 4439//4439 4419//4419
f 4419//4419 4439//4439 4440//4440
f 4419//4419 4440//4440 4420//4420
f 4420//4420 4440//4440 4421//4421
f 4420//4420 4421//4421 4401//4401
f 4421//4421 4441//4441 4442//4442
f 4421//4421 4442//4442 4422//4422
f 4422//4422 4442//4442 4443//4443
f 4422//4422 4443//4443 4423//4423
f 4423//4423 4443//4443 4444//4444
f 4423//4423 4444//4444 4424//4424
f 4424//4424 4444//4444 4445//4445
f 4424//4424 4445//4445 4425//4425
f 4425//4425 4445//4445 4446//4446
f 4425//4425 4446//4446 4426//4426
f 4426//4426 4446//4446 4447//4447
f 4426//4426 4447//4447 4427//4427
f 4427//4427 4447//4447 4448//4448
f 4427//4427 4448//4448 4428//4428
f 4428//4428 4448//4448 4449//4449
f 4428//4428 4449//4449 4429//4429
f 4429//4429 4449//4449 4450//4450
f 4429//4429 4450//4450 4430//4430
f 4430//4430 4450//4450 4451//4451
f 4430//4430 4451//4451 4431//4431
f 4431//4431 4451//4451 4452//4452
f 4431//4431 4452//4452 4432//4432
f 4432//4432 4452//4452 4453//4453
f 4432//4432 4453//4453 4433//4433
f 4433//4433 4453//4453 4454//4454
f 4433//4433 4454//4454 4434//4434
f 4434//4434 4454//4454 4455//4455
f 4434//4434 4455//4455 4435//4435
f 4435//4435 4455//4455 4456//4456
f 4435//4435 4456//4456 4436//4436
f 4436//4436 4456//4456 4457//4457
f 4436//4436 4457//4457 4437//4437
f 4437//4437 4457//4457 4458//4458
f 4437//4437 4458//4458 4438//4438
f 4438//4438 4458//4458 4459//4459
f 4438//4438 4459//4459 4439//4439
f 4439//4439 4459//4459 4460//4460
f 4439//4439 4460//4460 4440//4440
f 4440//4440 4460//4460 4441//4441
f 4440//4440 4441//4441 4421//4421
f 4441//4441 4461//4461 4462//4462
f 4441//4441 4462//4462 4442//4442
f 4442//4442 4462//4462 4463//4463
f 4442//4442 4463//4463 4443//4443
f 4443//4443 4463//4463 4464//4464
f 4443//4443 4464//4464 4444//4444
f 4444//4444 4464//4464 4465//4465
f 4444//4444 4465//4465 4445//4445
f 4445//4445 4465//4465 4466//4466
f 4445//4445 4466//4466 4446//4446
f 4446//4446 4466//4466 4467//4467
f 4446//4446 4467//4467 4447//4447
f 4447//4447 4467//4467 4468//4468
f 4447//4447 4468//4468 4448//4448
f 4448//4448 4468//4468 4469//4469
f 4448//4448 4469//4469 4449//4449
f 4449//4449 4469//4469 4470//4470
f 4449//4449 4470//4470 4450//4450
f 4450//4450 4470//4470 4471//4471
f 4450//4450 4471//4471 4451//4451
f 4451//4451 4471//4471 4472//4472
f 4451//4451 4472//4472 4452//4452
f 4452//4452 4472//4472 4473//4473
f 4452//4452 4473//4473 4453//4453
f 4453//4453 4473//4473 4474//4474
f 4453//4453 4474//4474 4454//4454
f 4454//4454 4474//4474 4475//4475
f 4454//4454 4475//4475 4455//4455
f 4455//4455 4475//4475 4476//4476
f 4455//4455 4476//4476 4456//4456
f 4456//4456 4476//4476 4477//4477
f 4456//4456 4477//4477 4457//4457
f 4457//4457 4477//4477 4478//4478
f 4457//4457 4478//4478 4458//4458
f 4458//4458 4478//4478 4479//4479
f 4458//4458 4479//4479 4459//4459
f 4459//4459 4479//4479 4480//4480
f 4459//4459 4480//4480 4460//4460
f 4460//4460 4480//4480 4461//4461
f 4460//4460 4461//4461 4441//4441
f 4461//4461 4481//4481 4482//4482
f 4461//4461 4482//4482 4462//4462
f 4462//4462 4482//4482 4483//4483
f 4462//4462 4483//4483 4463//4463
f 4463//4463 4483//4483 4484//4484
f 4463//4463 4484//4484 4464//4464
f 4464//4464 4484//4484 4485//4485
f 4464//4464 4485//4485 4465//4465
f 4465//4465 4485//4485 4486//4486
f 4465//4465 4486//4486 4466//4466
f 4466//4466 4486//4486 4487//4487
f 4466//4466 4487//4487 4467//4467
f 4467//4467 4487//4487 4488//4488
f 4467//4467 4488//4488 4468//4468
f 4468//4468 4488//4488 4489//4489
f 4468//4468 4489//4489 4469//4469
f 4469//4469 4489//4489 4490//4490
f 4469//4469 4490//4490 4470//4470
f 4470//4470 4490//4490 4491//4491
f 4470//4470 4491//4491 4471//4471
f 4471//4471 4491//4491 4492//4492
f 4471//4471 4492//4492 4472//4472
f 4472//4472 4492//4492 4493//4493
f 4472//4472 4493//4493 4473//4473
f 4473//4473 4493//4493 4494//4494
f 4473//4473 4494//4494 4474//4474
f 4474//4474 4494//4494 4495//4495
f 4474//4474 4495//4495 4475//4475
f 4475//4475 4495//4495 4496//4496
f 4475//4475 4496//4496 4476//4476
f 4476//4476 4496//4496 4497//4497
f 4476//4476 4497//4497 4477//4477
f 4477//4477 4497//4497 4498//4498
f 4477//4477 4498//4498 4478//4478
f 4478//4478 4498//4498 4499//4499
f 4478//4478 4499//4499 4479//4479
f 4479//4479 4499//4499 4500//4500
f 4479//4479 4500//4500 4480//4480
f 4480//4480 4500//4500 4481//4481
f 4480//4480 4481//4481 4461//4461
f 4481//4481 4501//4501 4502//4502
f 4481//4481 4502//4502 4482//4482
f 4482//4482 4502//4502 4503//4503
f 4482//4482 4503//4503 4483//4483
f 4483//4483 4503//4503 4504//4504
f 4483//4483 4504//4504 4484//4484
f 4484//4484 4504//4504 4505//4505
f 4484//4484 4505//4505 4485//4485
f 4485//4485 4505//4505 4506//4506
f 4485//4485 4506//4506 4486//4486
f 4486//4486 4506//4506 4507//4507
f 4486//4486 4507//4507 4487//4487
f 4487//4487 4507//4507 4508//4508
f 4487//4487 4508//4508 4488//4488
f 4488//4488 4508//4508 4509//4509
f 4488//4488 4509//4509 4489//4489
f 4489//4489 4509//4509 4510//4510
f 4489//4489 4510//4510 4490//4490
f 4490//4490 4510//4510 4511//4511
f 4490//4490 4511//4511 4491//4491
f 4491//4491 4511//4511 4512//4512
f 4491//4491 4512//4512 4492//4492
f 4492//4492 4512//4512 4513//4513
f 4492//4492 4513//4513 4493//4493
f 4493//4493 4513//4513 4514//4514
f 4493//4493 4514//4514 4494//4494
f 4494//4494 4514//4514 4515//4515
f 4494//4494 4515//4515 4495//4495
f 4495//4495 4515//4515 4516//4516
f 4495//4495 4516//4516 4496//4496
f 4496//4496 4516//4516 4517//4517
f 4496//4496 4517//4517 4497//4497
f 4497//4497 4517//4517 4518//4518
f 4497//4497 4518//4518 4498//4498
f 4498//4498 4518//4518 4519//4519
f 4498//4498 4519//4519 4499//4499
f 4499//4499 4519//4519 4520//4520
f 4499//4499 4520//4520 4500//4500
f 4500//4500 4520//4520 4501//4501
f 4500//4500 4501//4501 4481//4481
f 4501//4501 4521//4521 4522//4522
f 4501//4501 4522//4522 4502//4502
f 4502//4502 4522//4522 4523//4523
f 4502//4502 4523//4523 4503//4503
f 4503//4503 4523//4523 4524//4524
f 4503//4503 4524//4524 4504//4504
f 4504//4504 4524//4524 4525//4525
f 4504//4504 4525//4525 4505//4505
f 4505//4505 4525//4525 4526//4526
f 4505//4505 4526//4526 4506//4506
f 4506//4506 4526//4526 4527//4527
f 4506//4506 4527//4527 4507//4507
f 4507//4507 4527//4527 4528//4528
f 4507//4507 4528//4528 4508//4508
f 4508//4508 4528//4528 4529//4529
f 4508//4508 4529//4529 4509//4509
f 4509//4509 4529//4529 4530//4530
f 4509//4509 4530//4530 4510//4510
f 4510//4510 4530//4530 4531//4531
f 4510//4510 4531//4531 4511//4511
f 4511//4511 4531//4531 4532//4532
f 4511//4511 4532//4532 4512//4512
f 4512//4512 4532//4532 4533//4533
f 4512//4512 4533//4533 4513//4513
f 4513//4513 4533//4533 4534//4534
f 4513//4513 4534//4534 4514//4514
f 4514//4514 4534//4534 4535//4535
f 4514//4514 4535//4535 4515//4515
f 4515//4515 4535//4535 4536//4536
f 4515//4515 4536//4536 4516//4516
f 4516//4516 4536//4536 4537//4537
f 4516//4516 4537//4537 4517//4517
f 4517//4517 4537//4537 4538//4538
f 4517//4517 4538//4538 4518//4518
f 4518//4518 4538//4538 4539//4539
f 4518//4518 4539//4539 4519//4519
f 4519//4519 4539//4539 4540//4540
f 4519//4519 4540//4540 4520//4520
f 4520//4520 4540//4540 4521//4521
f 4520//4520 4521//4521 4501//4501
f 4521//4521 4541//4541 4542//4542
f 4521//4521 4542//4542 4522//4522
f 4522//4522 4542//4542 4543//4543
f 4522//4522 4543//4543 4523//4523
f 4523//4523 4543//4543 4544//4544
f 4523//4523 4544//4544 4524//4524
f 4524//4524 4544//4544 4545//4545
f 4524//4524 4545//4545 4525//4525
f 4525//4525 4545//4545 4546//4546
f 4525//4525 4546//4546 4526//4526
f 4526//4526 4546//4546 4547//4547
f 4526//4526 4547//4547 4527//4527
f 4527//4527 4547//4547 4548//4548
f 4527//4527 4548//4548 4528//4528
f 4528//4528 4548//4548 4549//4549
f 4528//4528 4549//4549 4529//4529
f 4529//4529 4549//4549 4550//4550
f 4529//4529 4550//4550 4530//4530
f 4530//4530 4550//4550 4551//4551
f 4530//4530 4551//4551 4531//4531
f 4531//4531 4551//4551 4552//4552
f 4531//4531 4552//4552 4532//4532
f 4532//4532 4552//4552 4553//4553
f 4532//4532 4553//4553 4533//4533
f 4533//4533 4553//4553 4554//4554
f 4533//4533 4554//4554 4534//4534
f 4534//4534 4554//4554 4555//4555
f 4534//4534 4555//4555 4535//4535
f 4535//4535 4555//4555 4556//4556
f 4535//4535 4556//4556 4536//4536
f 4536//4536 4556//4556 4557//4557
f 4536//4536 4557//4557 4537//4537
f 4537//4537 4557//4557 4558//4558
f 4537//4537 4558//4558 4538//4538
f 4538//4538 4558//4558 4559//4559
f 4538//4538 4559//4559 4539//4539
f 4539//4539 4559//4559 4560//4560
f 4539//4539 4560//4560 4540//4540
f 4540//4540 4560//4560 4541//4541
f 4540//4540 4541//4541 4521//4521
f 4541//4541 4561//4561 4562//4562
f 4541//4541 4562//4562 4542//4542
f 4542//4542 4562//4562 4563//4563
f 4542//4542 4563//4563 4543//4543
f 4543//4543 4563//4563 4564//4564
f 4543//4543 4564//4564 4544//4544
f 4544//4544 4564//4564 4565//4565
f 4544//4544 4565//4565 4545//4545
f 4545//4545 4565//4565 4566//4566
f 4545//4545 4566//4566 4546//4546
f 4546//4546 4566//4566 4567//4567
f 4546//4546 4567//4567 4547//4547
f 4547//4547 4567//4567 4568//4568
f 4547//4547 4568//4568 4548//4548
f 4548//4548 4568//4568 4569//4569
f 4548//4548 4569//4569 4549//4549
f 4549//4549 4569//4569 4570//4570
f 4549//4549 4570//4570 4550//4550
f 4550//4550 4570//4570 4571//4571
f 4550//4550 4571//4571 4551//4551
f 4551//4551 4571//4571 4572//4572
f 4551//4551 4572//4572 4552//4552
f 4552//4552 4572//4572 4573//4573
f 4552//4552 4573//4573 4553//4553
f 4553//4553 4573//4573 4574//4574
f 4553//4553 4574//4574 4554//4554
f 4554//4554 4574//4574 4575//4575
f 4554//4554 4575//4575 4555//4555
f 4555//4555 4575//4575 4576//4576
f 4555//4555 4576//4576 4556//4556
f 4556//4556 4576//4576 4577//4577
f 4556//4556 4577//4577 4557//4557
f 4557//4557 4577//4577 4578//4578
f 4557//4557 4578//4578 4558//4558
f 4558//4558 4578//4578 4579//4579
f 4558//4558 4579//4579 4559//4559
f 4559//4559 4579//4579 4580//4580
f 4559//4559 4580//4580 4560//4560
f 4560//4560 4580//4580 4561//4561
f 4560//4560 4561//4561 4541//4541
f 4561//4561 4581//4581 4582//4582
f 4561//4561 4582//4582 4562//4562
f 4562//4562 4582//4582 4583//4583
f 4562//4562 4583//4583 4563//4563
f 4563//4563 4583//4583 4584//4584
f 4563//4563 4584//4584 4564//4564
f 4564//4564 4584//4584 4585//4585
f 4564//4564 4585//4585 4565//4565
f 4565//4565 4585//4585 4586//4586
f 4565//4565 4586//4586 4566//4566
f 4566//4566 4586//4586 4587//4587
f 4566//4566 4587//4587 4567//4567
f 4567//4567 4587//4587 4588//4588
f 4567//4567 4588//4588 4568//4568
f 4568//4568 4588//4588 4589//4589
f 4568//4568 4589//4589 4569//4569
f 4569//4569 4589//4589 4590//4590
f 4569//4569 4590//4590 4570//4570
f 4570//4570 4590//4590 4591//4591
f 4570//4570 4591//4591 4571//4571
f 4571//4571 4591//4591 4592//4592
f 4571//4571 4592//4592 4572//4572
f 4572//4572 4592//4592 4593//4593
f 4572//4572 4593//4593 4573//4573
f 4573//4573 4593//4593 4594//4594
f 4573//4573 4594//4594 4574//4574
f 4574//4574 4594//4594 4595//4595
f 4574//4574 4595//4595 4575//4575
f 4575//4575 4595//4595 4596//4596
f 4575//4575 4596//4596 4576//4576
f 4576//4576 4596//4596 4597//4597
f 4576//4576 4597//4597 4577//4577
f 4577//4577 4597//4597 4598//4598
f 4577//4577 4598//4598 4578//4578
f 4578//4578 4598//4598 4599//4599
f 4578//4578 4599//4599 4579//4579
f 4579//4579 4599//4599 4600//4600
f 4579//4579 4600//4600 4580//4580
f 4580//4580 4600//4600 4581//4581
f 4580//4580 4581//4581 4561//4561
f 4581//4581 4601//4601 4602//4602
f 4581//4581 4602//4602 4582//4582
f 4582//4582 4602//4602 4603//4603
f 4582//4582 4603//4603 4583//4583
f 4583//4583 4603//4603 4604//4604
f 4583//4583 4604//4604 4584//4584
f 4584//4584 4604//4604 4605//4605
f 4584//4584 4605//4605 4585//4585
f 4585//4585 4605//4605 4606//4606
f 4585//4585 4606//4606 4586//4586
f 4586//4586 4606//4606 4607//4607
f 4586//4586 4607//4607 4587//4587
f 4587//4587 4607//4607 4608//4608
f 4587//4587 4608//4608 4588//4588
f 4588//4588 4608//4608 4609//4609
f 4588//4588 4609//4609 4589//4589
f 4589//4589 4609//4609 4610//4610
f 4589//4589 4610//4610 4590//4590
f 4590//4590 4610//4610 4611//4611
f 4590//4590 4611//4611 4591//4591
f 4591//4591 4611//4611 4612//4612
f 4591//4591 4612//4612 4592//4592
f 4592//4592 4612//4612 4613//4613
f 4592//4592 4613//4613 4593//4593
f 4593//4593 4613//4613 4614//4614
f 4593//4593 4614//4614 4594//4594
f 4594//4594 4614//4614 4615//4615
f 4594//4594 4615//4615 4595//4595
f 4595//4595 4615//4615 4616//4616
f 4595//4595 4616//4616 4596//4596
f 4596//4596 4616//4616 4617//4617
f 4596//4596 4617//4617 4597//4597
f 4597//4597 4617//4617 4618//4618
f 4597//4597 4618//4618 4598//4598
f 4598//4598 4618//4618 4619//4619
f 4598//4598 4619//4619 4599//4599
f 4599//4599 4619//4619 4620//4620
f 4599//4599 4620//4620 4600//4600
f 4600//4600 4620//4620 4601//4601
f 4600//4600 4601//4601 4581//4581
f 4601//4601 4621//4621 4622//4622
f 4601//4601 4622//4622 4602//4602
f 4602//4602 4622//4622 4623//4623
f 4602//4602 4623//4623 4603//4603
f 4603//4603 4623//4623 4624//4624
f 4603//4603 4624//4624 4604//4604
f 4604//4604 4624//4624 4625//4625
f 4604//4604 4625//4625 4605//4605
f 4605//4605 4625//4625 4626//4626
f 4605//4605 4626//4626 4606//4606
f 4606//4606 4626//4626 4627//4627
f 4606//4606 4627//4627 4607//4607
f 4607//4607 4627//4627 4628//4628
f 4607//4607 4628//4628 4608//4608
f 4608//4608 4628//4628 4629//4629
f 4608//4608 4629//4629 4609//4609
f 4609//4609 4629//4629 4630//4630
f 4609//4609 4630//4630 4610//4610
f 4610//4610 4630//4630 4631//4631
f 4610//4610 4631//4631 4611//4611
f 4611//4611 4631//4631 4632//4632
f 4611//4611 4632//4632 4612//4612
f 4612//4612 4632//4632 4633//4633
f 4612//4612 4633//4633 4613//4613
f 4613//4613 4633//4633 4634//4634
f 4613//4613 4634//4634 4614//4614
f 4614//4614 4634//4634 4635//4635
f 4614//4614 4635//4635 4615//4615
f 4615//4615 4635//4635 4636//4636
f 4615//4615 4636//4636 4616//4616
f 4616//4616 4636//4636 4637//4637
f 4616//4616 4637//4637 4617//4617
f 4617//4617 4637//4637 4638//4638
f 4617//4617 4638//4638 4618//4618
f 4618//4618 4638//4638 4639//4639
f 4618//4618 4639//4639 4619//4619
f 4619//4619 4639//4639 4640//4640
f 4619//4619 4640//4640 4620//4620
f 4620//4620 4640//4640 4621//4621
f 4620//4620 4621//4621 4601//4601
f 4621//4621 4641//4641 4642//4642
f 4621//4621 4642//4642 4622//4622
f 4622//4622 4642//4642 4643//4643
f 4622//4622 4643//4643 4623//4623
f 4623//4623 4643//4643 4644//4644
f 4623//4623 4644//4644 4624//4624
f 4624//4624 4644//4644 4645//4645
f 4624//4624 4645//4645 4625//4625
f 4625//4625 4645//4645 4646//4646
f 4625//4625 4646//4646 4626//4626
f 4626//4626 4646//4646 4647//4647
f 4626//4626 4647//4647 4627//4627
f 4627//4627 4647//4647 4648//4648
f 4627//4627 4648//4648 4628//4628
f 4628//4628 4648//4648 4649//4649
f 4628//4628 4649//4649 4629//4629
f 4629//4629 4649//4649 4650//4650
f 4629//4629 4650//4650 4630//4630
f 4630//4630 4650//4650 4651//4651
f 4630//4630 4651//4651 4631//4631
f 4631//4631 4651//4651 4652//4652
f 4631//4631 4652//4652 4632//4632
f 4632//4632 4652//4652 4653//4653
f 4632//4632 4653//4653 4633//4633
f 4633//4633 4653//4653 4654//4654
f 4633//4633 4654//4654 4634//4634
f 4634//4634 4654//4654 4655//4655
f 4634//4634 4655//4655 4635//4635
f 4635//4635 4655//4655 4656//4656
f 4635//4635 4656//4656 4636//4636
f 4636//4636 4656//4656 4657//4657
f 4636//4636 4657//4657 4637//4637
f 4637//4637 4657//4657 4658//4658
f 4637//4637 4658//4658 4638//4638
f 4638//4638 4658//4658 4659//4659
f 4638//4638 4659//4659 4639//4639
f 4639//4639 4659//4659 4660//4660
f 4639//4639 4660//4660 4640//4640
f 4640//4640 4660//4660 4641//4641
f 4640//4640 4641//4641 4621//4621
f 4641//4641 4661//4661 4662//4662
f 4641//4641 4662//4662 4642//4642
f 4642//4642 4662//4662 4663//4663
f 4642//4642 4663//4663 4643//4643
f 4643//4643 4663//4663 4664//4664
f 4643//4643 4664//4664 4644//4644
f 4644//4644 4664//4664 4665//4665
f 4644//4644 4665//4665 4645//4645
f 4645//4645 4665//4665 4666//4666
f 4645//4645 4666//4666 4646//4646
f 4646//4646 4666//4666 4667//4667
f 4646//4646 4667//4667 4647//4647
f 4647//4647 4667//4667 4668//4668
f 4647//4647 4668//4668 4648//4648
f 4648//4648 4668//4668 4669//4669
f 4648//4648 4669//4669 4649//4649
f 4649//4649 4669//4669 4670//4670
f 4649//4649 4670//4670 4650//4650
f 4650//4650 4670//4670 4671//4671
f 4650//4650 4671//4671 4651//4651
f 4651//4651 4671//4671 4672//4672
f 4651//4651 4672//4672 4652//4652
f 4652//4652 4672//4672 4673//4673
f 4652//4652 4673//4673 4653//4653
f 4653//4653 4673//4673 4674//4674
f 4653//4653 4674//4674 4654//4654
f 4654//4654 4674//4674 4675//4675
f 4654//4654 4675//4675 4655//4655
f 4655//4655 4675//4675 4676//4676
f 4655//4655 4676//4676 4656//4656
f 4656//4656 4676//4676 4677//4677
f 4656//4656 4677//4677 4657//4657
f 4657//4657 4677//4677 4678//4678
f 4657//4657 4678//4678 4658//4658
f 4658//4658 4678//4678 4679//4679
f 4658//4658 4679//4679 4659//4659
f 4659//4659 4679//4679 4680//4680
f 4659//4659 4680//4680 4660//4660
f 4660//4660 4680//4680 4661//4661
f 4660//4660 4661//4661 4641//4641
f 4661//4661 4681//4681 4682//4682
f 4661//4661 4682//4682 4662//4662
f 4662//4662 4682//4682 4683//4683
f 4662//4662 4683//4683 4663//4663
f 4663//4663 4683//4683 4684//4684
f 4663//4663 4684//4684 4664//4664
f 4664//4664 4684//4684 4685//4685
f 4664//4664 4685//4685 4665//4665
f 4665//4665 4685//4685 4686//4686
f 4665//4665 4686//4686 4666//4666
f 4666//4666 4686//4686 4687//4687
f 4666//4666 4687//4687 4667//4667
f 4667//4667 4687//4687 4688//4688
f 4667//4667 4688//4688 4668//4668
f 4668//4668 4688//4688 4689//4689
f 4668//4668 4689//4689 4669//4669
f 4669//4669 4689//4689 4690//4690
f 4669//4669 4690//4690 4670//4670
f 4670//4670 4690//4690 4691//4691
f 4670//4670 4691//4691 4671//4671
f 4671//4671 4691//4691 4692//4692
f 4671//4671 4692//4692 4672//4672
f 4672//4672 4692//4692 4693//4693
f 4672//4672 4693//4693 4673//4673
f 4673//4673 4693//4693 4694//4694
f 4673//4673 4694//4694 4674//4674
f 4674//4674 4694//4694 4695//4695
f 4674//4674 4695//4695 4675//4675
f 4675//4675 4695//4695 4696//4696
f 4675//4675 4696//4696 4676//4676
f 4676//4676 4696//4696 4697//4697
f 4676//4676 4697//4697 4677//4677
f 4677//4677 4697//4697 4698//4698
f 4677//4677 4698//4698 4678//4678
f 4678//4678 4698//4698 4699//4699
f 4678//4678 4699//4699 4679//4679
f 4679//4679 4699//4699 4700//4700
f 4679//4679 4700//4700 4680//4680
f 4680//4680 4700//4700 4681//4681
f 4680//4680 4681//4681 4661//4661
f 4681//4681 4701//4701 4702//4702
f 4681//4681 4702//4702 4682//4682
f 4682//4682 4702//4702 4703//4703
f 4682//4682 4703//4703 4683//4683
f 4683//4683 4703//4703 4704//4704
f 4683//4683 4704//4704 4684//4684
f 4684//4684 4704//4704 4705//4705
f 4684//4684 4705//4705 4685//4685
f 4685//4685 4705//4705 4706//4706
f 4685//4685 4706//4706 4686//4686
f 4686//4686 4706//4706 4707//4707
f 4686//4686 4707//4707 4687//4687
f 4687//4687 4707//4707 4708//4708
f 4687//4687 4708//4708 4688//4688
f 4688//4688 4708//4708 4709//4709
f 4688//4688 4709//4709 4689//4689
f 4689//4689 4709//4709 4710//4710
f 4689//4689 4710//4710 4690//4690
f 4690//4690 4710//4710 4711//4711
f 4690//4690 4711//4711 4691//4691
f 4691//4691 4711//4711 4712//4712
f 4691//4691 4712//4712 4692//4692
f 4692//4692 4712//4712 4713//4713
f 4692//4692 4713//4713 4693//4693
f 4693//4693 4713//4713 4714//4714
f 4693//4693 4714//4714 4694//4694
f 4694//4694 4714//4714 4715//4715
f 4694//4694 4715//4715 4695//4695
f 4695//4695 4715//4715 4716//4716
f 4695//4695 4716//4716 4696//4696
f 4696//4696 4716//4716 4717//4717
f 4696//4696 4717//4717 4697//4697
f 4697//4697 4717//4717 4718//4718
f 4697//4697 4718//4718 4698//4698
f 4698//4698 4718//4718 4719//4719
f 4698//4698 4719//4719 4699//4699
f 4699//4699 4719//4719 4720//4720
f 4699//4699 4720//4720 4700//4700
f 4700//4700 4720//4720 4701//4701
f 4700//4700 4701//4701 4681//4681
f 4701//4701 4721//4721 4722//4722
f 4701//4701 4722//4722 4702//4702
f 4702//4702 4722//4722 4723//4723
f 4702//4702 4723//4723 4703//4703
f 4703//4703 4723//4723 4724//4724
f 4703//4703 4724//4724 4704//4704
f 4704//4704 4724//4724 4725//4725
f 4704//4704 4725//4725 4705//4705
f 4705//4705 4725//4725 4726//4726
f 4705//4705 4726//4726 4706//4706
f 4706//4706 4726//4726 4727//4727
f 4706//4706 4727//4727 4707//4707
f 4707//4707 4727//4727 4728//4728
f 4707//4707 4728//4728 4708//4708
f 4708//4708 4728//4728 4729//4729
f 4708//4708 4729//4729 4709//4709
f 4709//4709 4729//4729 4730//4730
f 4709//4709 4730//4730 4710//4710
f 4710//4710 4730//4730 4731//4731
f 4710//4710 4731//4731 4711//4711
f 4711//4711 4731//4731 4732//4732
f 4711//4711 4732//4732 4712//4712
f 4712//4712 4732//4732 4733//4733
f 4712//4712 4733//4733 4713//4713
f 4713//4713 4733//4733 4734//4734
f 4713//4713 4734//4734 4714//4714
f 4714//4714 4734//4734 4735//4735
f 4714//4714 4735//4735 4715//4715
f 4715//4715 4735//4735 4736//4736
f 4715//4715 4736//4736 4716//4716
f 4716//4716 4736//4736 4737//4737
f 4716//4716 4737//4737 4717//4717
f 4717//4717 4737//4737 4738//4738
f 4717//4717 4738//4738 4718//4718
f 4718//4718 4738//4738 4739//4739
f 4718//4718 4739//4739 4719//4719
f 4719//4719 4739//4739 4740//4740
f 4719//4719 4740//4740 4720//4720
f 4720//4720 4740//4740 4721//4721
f 4720//4720 4721//4721 4701//4701
f 4721//4721 4741//4741 4742//4742
f 4721//4721 4742//4742 4722//4722
f 4722//4722 4742//4742 4743//4743
f 4722//4722 4743//4743 4723//4723
f 4723//4723 4743//4743 4744//4744
f 4723//4723 4744//4744 4724//4724
f 4724//4724 4744//4744 4745//4745
f 4724//4724 4745//4745 4725//4725
f 4725//4725 4745//4745 4746//4746
f 4725//4725 4746//4746 4726//4726
f 4726//4726 4746//4746 4747//4747
f 4726//4726 4747//4747 4727//4727
f 4727//4727 4747//4747 4748//4748
f 4727//4727 4748//4748 4728//4728
f 4728//4728 4748//4748 4749//4749
f 4728//4728 4749//4749 4729//4729
f 4729//4729 4749//4749 4750//4750
f 4729//4729 4750//4750 4730//4730
f 4730//4730 4750//4750 4751//4751
f 4730//4730 4751//4751 4731//4731
f 4731//4731 4751//4751 4752//4752
f 4731//4731 4752//4752 4732//4732
f 4732//4732 4752//4752 4753//4753
f 4732//4732 4753//4753 4733//4733
f 4733//4733 4753//4753 4754//4754
f 4733//4733 4754//4754 4734//4734
f 4734//4734 4754//4754 4755//4755
f 4734//4734 4755//4755 4735//4735
f 4735//4735 4755//4755 4756//4756
f 4735//4735 4756//4756 4736//4736
f 4736//4736 4756//4756 4757//4757
f 4736//4736 4757//4757 4737//4737
f 4737//4737 4757//4757 4758//4758
f 4737//4737 4758//4758 4738//4738
f 4738//4738 4758//4758 4759//4759
f 4738//4738 4759//4759 4739//4739
f 4739//4739 4759//4759 4760//4760
f 4739//4739 4760//4760 4740//4740
f 4740//4740 4760//4760 4741//4741
f 4740//4740 4741//4741 4721//4721
f 4741//4741 4761//4761 4762//4762
f 4741//4741 4762//4762 4742//4742
f 4742//4742 4762//4762 4763//4763
f 4742//4742 4763//4763 4743//4743
f 4743//4743 4763//4763 4764//4764
f 4743//4743 4764//4764 4744//4744
f 4744//4744 4764//4764 4765//4765
f 4744//4744 4765//4765 4745//4745
f 4745//4745 4765//4765 4766//4766
f 4745//4745 4766//4766 4746//4746
f 4746//4746 4766//4766 4767//4767
f 4746//4746 4767//4767 4747//4747
f 4747//4747 4767//4767 4768//4768
f 4747//4747 4768//4768 4748//4748
f 4748//4748 4768//4768 4769//4769
f 4748//4748 4769//4769 4749//4749
f 4749//4749 4769//4769 4770//4770
f 4749//4749 4770//4770 4750//4750
f 4750//4750 4770//4770 4771//4771
f 4750//4750 4771//4771 4751//4751
f 4751//4751 4771//4771 4772//4772
f 4751//4751 4772//4772 4752//4752
f 4752//4752 4772//4772 4773//4773
f 4752//4752 4773//4773 4753//4753
f 4753//4753 4773//4773 4774//4774
f 4753//4753 4774//4774 4754//4754
f 4754//4754 4774//4774 4775//4775
f 4754//4754 4775//4775 4755//4755
f 4755//4755 4775//4775 4776//4776
f 4755//4755 4776//4776 4756//4756
f 4756//4756 4776//4776 4777//4777
f 4756//4756 4777//4777 4757//4757
f 4757//4757 4777//4777 4778//4778
f 4757//4757 4778//4778 4758//4758
f 4758//4758 4778//4778 4779//4779
f 4758//4758 4779//4779 4759//4759
f 4759//4759 4779//4779 4780//4780
f 4759//4759 4780//4780 4760//4760
f 4760//4760 4780//4780 4761//4761
f 4760//4760 4761//4761 4741//4741
f 4761//4761 4781//4781 4782//4782
f 4761//4761 4782//4782 4762//4762
f 4762//4762 4782//4782 4783//4783
f 4762//4762 4783//4783 4763//4763
f 4763//4763 4783//4783 4784//4784
f 4763//4763 4784//4784 4764//4764
f 4764//4764 4784//4784 4785//4785
f 4764//4764 4785//4785 4765//4765
f 4765//4765 4785//4785 4786//4786
f 4765//4765 4786//4786 4766//4766
f 4766//4766 4786//4786 4787//4787
f 4766//4766 4787//4787 4767//4767
f 4767//4767 4787//4787 4788//4788
f 4767//4767 4788//4788 4768//4768
f 4768//4768 4788//4788 4789//4789
f 4768//4768 4789//4789 4769//4769
f 4769//4769 4789//4789 4790//4790
f 4769//4769 4790//4790 4770//4770
f 4770//4770 4790//4790 4791//4791
f 4770//4770 4791//4791 4771//4771
f 4771//4771 4791//4791 4792//4792
f 4771//4771 4792//4792 4772//4772
f 4772//4772 4792//4792 4793//4793
f 4772//4772 4793//4793 4773//4773
f 4773//4773 4793//4793 4794//4794
f 4773//4773 4794//4794 4774//4774
f 4774//4774 4794//4794 4795//4795
f 4774//4774 4795//4795 4775//4775
f 4775//4775 4795//4795 4796//4796
f 4775//4775 4796//4796 4776//4776
f 4776//4776 4796//4796 4797//4797
f 4776//4776 4797//4797 4777//4777
f 4777//4777 4797//4797 4798//4798
f 4777//4777 4798//4798 4778//4778
f 4778//4778 4798//4798 4799//4799
f 4778//4778 4799//4799 4779//4779
f 4779//4779 4799//4799 4800//4800
f 4779//4779 4800//4800 4780//4780
f 4780//4780 4800//4800 4781//4781
f 4780//4780 4781//4781 4761//4761
f 4781//4781 4801//4801 4802//4802
f 4781//4781 4802//4802 4782//4782
f 4782//4782 4802//4802 4803//4803
f 4782//4782 4803//4803 4783//4783
f 4783//4783 4803//4803 4804//4804
f 4783//4783 4804//4804 4784//4784
f 4784//4784 4804//4804 4805//4805
f 4784//4784 4805//4805 4785//4785
f 4785//4785 4805//4805 4806//4806
f 4785//4785 4806//4806 4786//4786
f 4786//4786 4806//4806 4807//4807
f 4786//4786 4807//4807 4787//4787
f 4787//4787 4807//4807 4808//4808
f 4787//4787 4808//4808 4788//4788
f 4788//4788 4808//4808 4809//4809
f 4788//4788 4809//4809 4789//4789
f 4789//4789 4809//4809 4810//4810
f 4789//4789 4810//4810 4790//4790
f 4790//4790 4810//4810 4811//4811
f 4790//4790 4811//4811 4791//4791
f 4791//4791 4811//4811 4812//4812
f 4791//4791 4812//4812 4792//4792
f 4792//4792 4812//4812 4813//4813
f 4792//4792 4813//4813 4793//4793
f 4793//4793 4813//4813 4814//4814
f 4793//4793 4814//4814 4794//4794
f 4794//4794 4814//4814 4815//4815
f 4794//4794 4815//4815 4795//4795
f 4795//4795 4815//4815 4816//4816
f 4795//4795 4816//4816 4796//4796
f 4796//4796 4816//4816 4817//4817
f 4796//4796 4817//4817 4797//4797
f 4797//4797 4817//4817 4818//4818
f 4797//4797 4818//4818 4798//4798
f 4798//4798 4818//4818 4819//4819
f 4798//4798 4819//4819 4799//4799
f 4799//4799 4819//4819 4820//4820
f 4799//4799 4820//4820 4800//4800
f 4800//4800 4820//4820 4801//4801
f 4800//4800 4801//4801 4781//4781
f 4801//4801 4821//4821 4822//4822
f 4801//4801 4822//4822 4802//4802
f 4802//4802 4822//4822 4823//4823
f 4802//4802 4823//4823 4803//4803
f 4803//4803 4823//4823 4824//4824
f 4803//4803 4824//4824 4804//4804
f 4804//4804 4824//4824 4825//4825
f 4804//4804 4825//4825 4805//4805
f 4805//4805 4825//4825 4826//4826
f 4805//4805 4826//4826 4806//4806
f 4806//4806 4826//4826 4827//4827
f 4806//4806 4827//4827 4807//4807
f 4807//4807 4827//4827 4828//4828
f 4807//4807 4828//4828 4808//4808
f 4808//4808 4828//4828 4829//4829
f 4808//4808 4829//4829 4809//4809
f 4809//4809 4829//4829 4830//4830
f 4809//4809 4830//4830 4810//4810
f 4810//4810 4830//4830 4831//4831
f 4810//4810 4831//4831 4811//4811
f 4811//4811 4831//4831 4832//4832
f 4811//4811 4832//4832 4812//4812
f 4812//4812 4832//4832 4833//4833
f 4812//4812 4833//4833 4813//4813
f 4813//4813 4833//4833 4834//4834
f 4813//4813 4834//4834 4814//4814
f 4814//4814 4834//4834 4835//4835
f 4814//4814 4835//4835 4815//4815
f 4815//4815 4835//4835 4836//4836
f 4815//4815 4836//4836 4816//4816
f 4816//4816 4836//4836 4837//4837
f 4816//4816 4837//4837 4817//4817
f 4817//4817 4837//4837 4838//4838
f 4817//4817 4838//4838 4818//4818
f 4818//4818 4838//4838 4839//4839
f 4818//4818 4839//4839 4819//4819
f 4819//4819 4839//4839 4840//4840
f 4819//4819 4840//4840 4820//4820
f 4820//4820 4840//4840 4821//4821
f 4820//4820 4821//4821 4801//4801
f 4821//4821 4841//4841 4842//4842
f 4821//4821 4842//4842 4822//4822
f 4822//4822 4842//4842 4843//4843
f 4822//4822 4843//4843 4823//4823
f 4823//4823 4843//4843 4844//4844
f 4823//4823 4844//4844 4824//4824
f 4824//4824 4844//4844 4845//4845
f 4824//4824 4845//4845 4825//4825
f 4825//4825 4845//4845 4846//4846
f 4825//4825 4846//4846 4826//4826
f 4826//4826 4846//4846 4847//4847
f 4826//4826 4847//4847 4827//4827
f 4827//4827 4847//4847 4848//4848
f 4827//4827 4848//4848 4828//4828
f 4828//4828 4848//4848 4849//4849
f 4828//4828 4849//4849 4829//4829
f 4829//4829 4849//4849 4850//4850
f 4829//4829 4850//4850 4830//4830
f 4830//4830 4850//4850 4851//4851
f 4830//4830 4851//4851 4831//4831
f 4831//4831 4851//4851 4852//4852
f 4831//4831 4852//4852 4832//4832
f 4832//4832 4852//4852 4853//4853
f 4832//4832 4853//4853 4833//4833
f 4833//4833 4853//4853 4854//4854
f 4833//4833 4854//4854 4834//4834
f 4834//4834 4854//4854 4855//4855
f 4834//4834 4855//4855 4835//4835
f 4835//4835 4855//4855 4856//4856
f 4835//4835 4856//4856 4836//4836
f 4836//4836 4856//4856 4857//4857
f 4836//4836 4857//4857 4837//4837
f 4837//4837 4857//4857 4858//4858
f 4837//4837 4858//4858 4838//4838
f 4838//4838 4858//4858 4859//4859
f 4838//4838 4859//4859 4839//4839
f 4839//4839 4859//4859 4860//4860
f 4839//4839 4860//4860 4840//4840
f 4840//4840 4860//4860 4841//4841
f 4840//4840 4841//4841 4821//4821
f 4841//4841 4861//4861 4862//4862
f 4841//4841 4862//4862 4842//4842
f 4842//4842 4862//4862 4863//4863
f 4842//4842 4863//4863 4843//4843
f 4843//4843 4863//4863 4864//4864
f 4843//4843 4864//4864 4844//4844
f 4844//4844 4864//4864 4865//4865
f 4844//4844 4865//4865 4845//4845
f 4845//4845 4865//4865 4866//4866
f 4845//4845 4866//4866 4846//4846
f 4846//4846 4866//4866 4867//4867
f 4846//4846 4867//4867 4847//4847
f 4847//4847 4867//4867 4868//4868
f 4847//4847 4868//4868 4848//4848
f 4848//4848 4868//4868 4869//4869
f 4848//4848 4869//4869 4849//4849
f 4849//4849 4869//4869 4870//4870
f 4849//4849 4870//4870 4850//4850
f 4850//4850 4870//4870 4871//4871
f 4850//4850 4871//4871 4851//4851
f 4851//4851 4871//4871 4872//4872
f 4851//4851 4872//4872 4852//4852
f 4852//4852 4872//4872 4873//4873
f 4852//4852 4873//4873 4853//4853
f 4853//4853 4873//4873 4874//4874
f 4853//4853 4874//4874 4854//4854
f 4854//4854 4874//4874 4875//4875
f 4854//4854 4875//4875 4855//4855
f 4855//4855 4875//4875 4876//4876
f 4855//4855 4876//4876 4856//4856
f 4856//4856 4876//4876 4877//4877
f 4856//4856 4877//4877 4857//4857
f 4857//4857 4877//4877 4878//4878
f 4857//4857 4878//4878 4858//4858
f 4858//4858 4878//4878 4879//4879
f 4858//4858 4879//4879 4859//4859
f 4859//4859 4879//4879 4880//4880
f 4859//4859 4880//4880 4860//4860
f 4860//4860 4880//4880 4861//4861
f 4860//4860 4861//4861 4841//4841
f 4861//4861 4881//4881 4882//4882
f 4861//4861 4882//4882 4862//4862
f 4862//4862 4882//4882 4883//4883
f 4862//4862 4883//4883 4863//4863
f 4863//4863 4883//4883 4884//4884
f 4863//4863 4884//4884 4864//4864
f 4864//4864 4884//4884 4885//4885
f 4864//4864 4885//4885 4865//4865
f 4865//4865 4885//4885 4886//4886
f 4865//4865 4886//4886 4866//4866
f 4866//4866 4886//4886 4887//4887
f 4866//4866 4887//4887 4867//4867
f 4867//4867 4887//4887 4888//4888
f 4867//4867 4888//4888 4868//4868
f 4868//4868 4888//4888 4889//4889
f 4868//4868 4889//4889 4869//4869
f 4869//4869 4889//4889 4890//4890
f 4869//4869 4890//4890 4870//4870
f 4870//4870 4890//4890 4891//4891
f 4870//4870 4891//4891 4871//4871
f 4871//4871 4891//4891 4892//4892
f 4871//4871 4892//4892 4872//4872
f 4872//4872 4892//4892 4893//4893
f 4872//4872 4893//4893 4873//4873
f 4873//4873 4893//4893 4894//4894
f 4873//4873 4894//4894 4874//4874
f 4874//4874 4894//4894 4895//4895
f 4874//4874 4895//4895 4875//4875
f 4875//4875 4895//4895 4896//4896
f 4875//4875 4896//4896 4876//4876
f 4876//4876 4896//4896 4897//4897
f 4876//4876 4897//4897 4877//4877
f 4877//4877 4897//4897 4898//4898
f 4877//4877 4898//4898 4878//4878
f 4878//4878 4898//4898 4899//4899
f 4878//4878 4899//4899 4879//4879
f 4879//4879 4899//4899 4900//4900
f 4879//4879 4900//4900 4880//4880
f 4880//4880 4900//4900 4881//4881
f 4880//4880 4881//4881 4861//4861
f 4881//4881 4901//4901 4902//4902
f 4881//4881 4902//4902 4882//4882
f 4882//4882 4902//4902 4903//4903
f 4882//4882 4903//4903 4883//4883
f 4883//4883 4903//4903 4904//4904
f 4883//4883 4904//4904 4884//4884
f 4884//4884 4904//4904 4905//4905
f 4884//4884 4905//4905 4885//4885
f 4885//4885 4905//4905 4906//4906
f 4885//4885 4906//4906 4886//4886
f 4886//4886 4906//4906 4907//4907
f 4886//4886 4907//4907 4887//4887
f 4887//4887 4907//4907 4908//4908
f 4887//4887 4908//4908 4888//4888
f 4888//4888 4908//4908 4909//4909
f 4888//4888 4909//4909 4889//4889
f 4889//4889 4909//4909 4910//4910
f 4889//4889 4910//4910 4890//4890
f 4890//4890 4910//4910 4911//4911
f 4890//4890 4911//4911 4891//4891
f 4891//4891 4911//4911 4912//4912
f 4891//4891 4912//4912 4892//4892
f 4892//4892 4912//4912 4913//4913
f 4892//4892 4913//4913 4893//4893
f 4893//4893 4913//4913 4914//4914
f 4893//4893 4914//4914 4894//4894
f 4894//4894 4914//4914 4915//4915
f 4894//4894 4915//4915 4895//4895
f 4895//4895 4915//4915 4916//4916
f 4895//4895 4916//4916 4896//4896
f 4896//4896 4916//4916 4917//4917
f 4896//4896 4917//4917 4897//4897
f 4897//4897 4917//4917 4918//4918
f 4897//4897 4918//4918 4898//4898
f 4898//4898 4918//4918 4919//4919
f 4898//4898 4919//4919 4899//4899
f 4899//4899 4919//4919 4920//4920
f 4899//4899 4920//4920 4900//4900
f 4900//4900 4920//4920 4901//4901
f 4900//4900 4901//4901 4881//4881
f 4901//4901 4921//4921 4922//4922
f 4901//4901 4922//4922 4902//4902
f 4902//4902 4922//4922 4923//4923
f 4902//4902 4923//4923 4903//4903
f 4903//4903 4923//4923 4924//4924
f 4903//4903 4924//4924 4904//4904
f 4904//4904 4924//4924 4925//4925
f 4904//4904 4925//4925 4905//4905
f 4905//4905 4925//4925 4926//4926
f 4905//4905 4926//4926 4906//4906
f 4906//4906 4926//4926 4927//4927
f 4906//4906 4927//4927 4907//4907
f 4907//4907 4927//4927 4928//4928
f 4907//4907 4928//4928 4908//4908
f 4908//4908 4928//4928 4929//4929
f 4908//4908 4929//4929 4909//4909
f 4909//4909 4929//4929 4930//4930
f 4909//4909 4930//4930 4910//4910
f 4910//4910 4930//4930 4931//4931
f 4910//4910 4931//4931 4911//4911
f 4911//4911 4931//4931 4932//4932
f 4911//4911 4932//4932 4912//4912
f 4912//4912 4932//4932 4933//4933
f 4912//4912 4933//4933 4913//4913
f 4913//4913 4933//4933 4934//4934
f 4913//4913 4934//4934 4914//4914
f 4914//4914 4934//4934 4935//4935
f 4914//4914 4935//4935 4915//4915
f 4915//4915 4935//4935 4936//4936
f 4915//4915 4936//4936 4916//4916
f 4916//4916 4936//4936 4937//4937
f 4916//4916 4937//4937 4917//4917
f 4917//4917 4937//4937 4938//4938
f 4917//4917 4938//4938 4918//4918
f 4918//4918 4938//4938 4939//4939
f 4918//4918 4939//4939 4919//4919
f 4919//4919 4939//4939 4940//4940
f 4919//4919 4940//4940 4920//4920
f 4920//4920 4940//4940 4921//4921
f 4920//4920 4921//4921 4901//4901
f 4921//4921 4941//4941 4942//4942
f 4921//4921 4942//4942 4922//4922
f 4922//4922 4942//4942 4943//4943
f 4922//4922 4943//4943 4923//4923
f 4923//4923 4943//4943 4944//4944
f 4923//4923 4944//4944 4924//4924
f 4924//4924 4944//4944 4945//4945
f 4924//4924 4945//4945 4925//4925
f 4925//4925 4945//4945 4946//4946
f 4925//4925 4946//4946 4926//4926
f 4926//4926 4946//4946 4947//4947
f 4926//4926 4947//4947 4927//4927
f 4927//4927 4947//4947 4948//4948
f 4927//4927 4948//4948 4928//4928
f 4928//4928 4948//4948 4949//4949
f 4928//4928 4949//4949 4929//4929
f 4929//4929 4949//4949 4950//4950
f 4929//4929 4950//4950 4930//4930
f 4930//4930 4950//4950 4951//4951
f 4930//4930 4951//4951 4931//4931
f 4931//4931 4951//4951 4952//4952
f 4931//4931 4952//4952 4932//4932
f 4932//4932 4952//4952 4953//4953
f 4932//4932 4953//4953 4933//4933
f 4933//4933 4953//4953 4954//4954
f 4933//4933 4954//4954 4934//4934
f 4934//4934 4954//4954 4955//4955
f 4934//4934 4955//4955 4935//4935
f 4935//4935 4955//4955 4956//4956
f 4935//4935 4956//4956 4936//4936
f 4936//4936 4956//4956 4957//4957
f 4936//4936 4957//4957 4937//4937
f 4937//4937 4957//4957 4958//4958
f 4937//4937 4958//4958 4938//4938
f 4938//4938 4958//4958 4959//4959
f 4938//4938 4959//4959 4939//4939
f 4939//4939 4959//4959 4960//4960
f 4939//4939 4960//4960 4940//4940
f 4940//4940 4960//4960 4941//4941
f 4940//4940 4941//4941 4921//4921
f 4941//4941 4961//4961 4962//4962
f 4941//4941 4962//4962 4942//4942
f 4942//4942 4962//4962 4963//4963
f 4942//4942 4963//4963 4943//4943
f 4943//4943 4963//4963 4964//4964
f 4943//4943 4964//4964 4944//4944
f 4944//4944 4964//4964 4965//4965
f 4944//4944 4965//4965 4945//4945
f 4945//4945 4965//4965 4966//4966
f 4945//4945 4966//4966 4946//4946
f 4946//4946 4966//4966 4967//4967
f 4946//4946 4967//4967 4947//4947
f 4947//4947 4967//4967 4968//4968
f 4947//4947 4968//4968 4948//4948
f 4948//4948 4968//4968 4969//4969
f 4948//4948 4969//4969 4949//4949
f 4949//4949 4969//4969 4970//4970
f 4949//4949 4970//4970 4950//4950
f 4950//4950 4970//4970 4971//4971
f 4950//4950 4971//4971 4951//4951
f 4951//4951 4971//4971 4972//4972
f 4951//4951 4972//4972 4952//4952
f 4952//4952 4972//4972 4973//4973
f 4952//4952 4973//4973 4953//4953
f 4953//4953 4973//4973 4974//4974
f 4953//4953 4974//4974 4954//4954
f 4954//4954 4974//4974 4975//4975
f 4954//4954 4975//4975 4955//4955
f 4955//4955 4975//4975 4976//4976
f 4955//4955 4976//4976 4956//4956
f 4956//4956 4976//4976 4977//4977
f 4956//4956 4977//4977 4957//4957
f 4957//4957 4977//4977 4978//4978
f 4957//4957 4978//4978 4958//4958
f 4958//4958 4978//4978 4979//4979
f 4958//4958 4979//4979 4959//4959
f 4959//4959 4979//4979 4980//4980
f 4959//4959 4980//4980 4960//4960
f 4960//4960 4980//4980 4961//4961
f 4960//4960 4961//4961 4941//4941
f 4961//4961 4981//4981 4982//4982
f 4961//4961 4982//4982 4962//4962
f 4962//4962 4982//4982 4983//4983
f 4962//4962 4983//4983 4963//4963
f 4963//4963 4983//4983 4984//4984
f 4963//4963 4984//4984 4964//4964
f 4964//4964 4984//4984 4985//4985
f 4964//4964 4985//4985 4965//4965
f 4965//4965 4985//4985 4986//4986
f 4965//4965 4986//4986 4966//4966
f 4966//4966 4986//4986 4987//4987
f 4966//4966 4987//4987 4967//4967
f 4967//4967 4987//4987 4988//4988
f 4967//4967 4988//4988 4968//4968
f 4968//4968 4988//4988 4989//4989
f 4968//4968 4989//4989 4969//4969
f 4969//4969 4989//4989 4990//4990
f 4969//4969 4990//4990 4970//4970
f 4970//4970 4990//4990 4991//4991
f 4970//4970 4991//4991 4971//4971
f 4971//4971 4991//4991 4992//4992
f 4971//4971 4992//4992 4972//4972
f 4972//4972 4992//4992 4993//4993
f 4972//4972 4993//4993 4973//4973
f 4973//4973 4993//4993 4994//4994
f 4973//4973 4994//4994 4974//4974
f 4974//4974 4994//4994 4995//4995
f 4974//4974 4995//4995 4975//4975
f 4975//4975 4995//4995 4996//4996
f 4975//4975 4996//4996 4976//4976
f 4976//4976 4996//4996 4997//4997
f 4976//4976 4997//4997 4977//4977
f 4977//4977 4997//4997 4998//4998
f 4977//4977 4998//4998 4978//4978
f 4978//4978 4998//4998 4999//4999
f 4978//4978 4999//4999 4979//4979
f 4979//4979 4999//4999 5000//5000
f 4979//4979 5000//5000 4980//4980
f 4980//4980 5000//5000 4981//4981
f 4980//4980 4981//4981 4961//4961
f 4981//4981 5001//5001 5002//5002
f 4981//4981 5002//5002 4982//4982
f 4982//4982 5002//5002 5003//5003
f 4982//4982 5003//5003 4983//4983
f 4983//4983 5003//5003 5004//5004
f 4983//4983 5004//5004 4984//4984
f 4984//4984 5004//5004 5005//5005
f 4984//4984 5005//5005 4985//4985
f 4985//4985 5005//5005 5006//5006
f 4985//4985 5006//5006 4986//4986
f 4986//4986 5006//5006 5007//5007
f 4986//4986 5007//5007 4987//4987
f 4987//4987 5007//5007 5008//5008
f 4987//4987 5008//5008 4988//4988
f 4988//4988 5008//5008 5009//5009
f 4988//4988 5009//5009 4989//4989
f 4989//4989 5009//5009 5010//5010
f 4989//4989 5010//5010 4990//4990
f 4990//4990 5010//5010 5011//5011
f 4990//4990 5011//5011 4991//4991
f 4991//4991 5011//5011 5012//5012
f 4991//4991 5012//5012 4992//4992
f 4992//4992 5012//5012 5013//5013
f 4992//4992 5013//5013 4993//4993
f 4993//4993 5013//5013 5014//5014
f 4993//4993 5014//5014 4994//4994
f 4994//4994 5014//5014 5015//5015
f 4994//4994 5015//5015 4995//4995
f 4995//4995 5015//5015 5016//5016
f 4995//4995 5016//5016 4996//4996
f 4996//4996 5016//5016 5017//5017
f 4996//4996 5017//5017 4997//4997
f 4997//4997 5017//5017 5018//5018
f 4997//4997 5018//5018 4998//4998
f 4998//4998 5018//5018 5019//5019
f 4998//4998 5019//5019 4999//4999
f 4999//4999 5019//5019 5020//5020
f 4999//4999 5020//5020 5000//5000
f 5000//5000 5020//5020 5001//5001
f 5000//5000 5001//5001 4981//4981
f 5001//5001 5021//5021 5022//5022
f 5001//5001 5022//5022 5002//5002
f 5002//5002 5022//5022 5023//5023
f 5002//5002 5023//5023 5003//5003
f 5003//5003 5023//5023 5024//5024
f 5003//5003 5024//5024 5004//5004
f 5004//5004 5024//5024 5025//5025
f 5004//5004 5025//5025 5005//5005
f 5005//5005 5025//5025 5026//5026
f 5005//5005 5026//5026 5006//5006
f 5006//5006 5026//5026 5027//5027
f 5006//5006 5027//5027 5007//5007
f 5007//5007 5027//5027 5028//5028
f 5007//5007 5028//5028 5008//5008
f 5008//5008 5028//5028 5029//5029
f 5008//5008 5029//5029 5009//5009
f 5009//5009 5029//5029 5030//5030
f 5009//5009 5030//5030 5010//5010
f 5010//5010 5030//5030 5031//5031
f 5010//5010 5031//5031 5011//5011
f 5011//5011 5031//5031 5032//5032
f 5011//5011 5032//5032 5012//5012
f 5012//5012 5032//5032 5033//5033
f 5012//5012 5033//5033 5013//5013
f 5013//5013 5033//5033 5034//5034
f 5013//5013 5034//5034 5014//5014
f 5014//5014 5034//5034 5035//5035
f 5014//5014 5035//5035 5015//5015
f 5015//5015 5035//5035 5036//5036
f 5015//5015 5036//5036 5016//5016
f 5016//5016 5036//5036 5037//5037
f 5016//5016 5037//5037 5017//5017
f 5017//5017 5037//5037 5038//5038
f 5017//5017 5038//5038 5018//5018
f 5018//5018 5038//5038 5039//5039
f 5018//5018 5039//5039 5019//5019
f 5019//5019 5039//5039 5040//5040
f 5019//5019 5040//5040 5020//5020
f 5020//5020 5040//5040 5021//5021
f 5020//5020 5021//5021 5001//5001
f 5021//5021 5041//5041 5042//5042
f 5021//5021 5042//5042 5022//5022
f 5022//5022 5042//5042 5043//5043
f 5022//5022 5043//5043 5023//5023
f 5023//5023 5043//5043 5044//5044
f 5023//5023 5044//5044 5024//5024
f 5024//5024 5044//5044 5045//5045
f 5024//5024 5045//5045 5025//5025
f 5025//5025 5045//5045 5046//5046
f 5025//5025 5046//5046 5026//5026
f 5026//5026 5046//5046 5047//5047
f 5026//5026 5047//5047 5027//5027
f 5027//5027 5047//5047 5048//5048
f 5027//5027 5048//5048 5028//5028
f 5028//5028 5048//5048 5049//5049
f 5028//5028 5049//5049 5029//5029
f 5029//5029 5049//5049 5050//5050
f 5029//5029 5050//5050 5030//5030
f 5030//5030 5050//5050 5051//5051
f 5030//5030 5051//5051 5031//5031
f 5031//5031 5051//5051 5052//5052
f 5031//5031 5052//5052 5032//5032
f 5032//5032 5052//5052 5053//5053
f 5032//5032 5053//5053 5033//5033
f 5033//5033 5053//5053 5054//5054
f 5033//5033 5054//5054 5034//5034
f 5034//5034 5054//5054 5055//5055
f 5034//5034 5055//5055 5035//5035
f 5035//5035 5055//5055 5056//5056
f 5035//5035 5056//5056 5036//5036
f 5036//5036 5056//5056 5057//5057
f 5036//5036 5057//5057 5037//5037
f 5037//5037 5057//5057 5058//5058
f 5037//5037 5058//5058 5038//5038
f 5038//5038 5058//5058 5059//5059
f 5038//5038 5059//5059 5039//5039
f 5039//5039 5059//5059 5060//5060
f 5039//5039 5060//5060 5040//5040
f 5040//5040 5060//5060 5041//5041
f 5040//5040 5041//5041 5021//5021
f 5041//5041 5061//5061 5062//5062
f 5041//5041 5062//5062 5042//5042
f 5042//5042 5062//5062 5063//5063
f 5042//5042 5063//5063 5043//5043
f 5043//5043 5063//5063 5064//5064
f 5043//5043 5064//5064 5044//5044
f 5044//5044 5064//5064 5065//5065
f 5044//5044 5065//5065 5045//5045
f 5045//5045 5065//5065 5066//5066
f 5045//5045 5066//5066 5046//5046
f 5046//5046 5066//5066 5067//5067
f 5046//5046 5067//5067 5047//5047
f 5047//5047 5067//5067 5068//5068
f 5047//5047 5068//5068 5048//5048
f 5048//5048 5068//5068 5069//5069
f 5048//5048 5069//5069 5049//5049
f 5049//5049 5069//5069 5070//5070
f 5049//5049 5070//5070 5050//5050
f 5050//5050 5070//5070 5071//5071
f 5050//5050 5071//5071 5051//5051
f 5051//5051 5071//5071 5072//5072
f 5051//5051 5072//5072 5052//5052
f 5052//5052 5072//5072 5073//5073
f 5052//5052 5073//5073 5053//5053
f 5053//5053 5073//5073 5074//5074
f 5053//5053 5074//5074 5054//5054
f 5054//5054 5074//5074 5075//5075
f 5054//5054 5075//5075 5055//5055
f 5055//5055 5075//5075 5076//5076
f 5055//5055 5076//5076 5056//5056
f 5056//5056 5076//5076 5077//5077
f 5056//5056 5077//5077 5057//5057
f 5057//5057 5077//5077 5078//5078
f 5057//5057 5078//5078 5058//5058
f 5058//5058 5078//5078 5079//5079
f 5058//5058 5079//5079 5059//5059
f 5059//5059 5079//5079 5080//5080
f 5059//5059 5080//5080 5060//5060
f 5060//5060 5080//5080 5061//5061
f 5060//5060 5061//5061 5041//5041
f 5061//5061 5081//5081 5082//5082
f 5061//5061 5082//5082 5062//5062
f 5062//5062 5082//5082 5083//5083
f 5062//5062 5083//5083 5063//5063
f 5063//5063 5083//5083 5084//5084
f 5063//5063 5084//5084 5064//5064
f 5064//5064 5084//5084 5085//5085
f 5064//5064 5085//5085 5065//5065
f 5065//5065 5085//5085 5086//5086
f 5065//5065 5086//5086 5066//5066
f 5066//5066 5086//5086 5087//5087
f 5066//5066 5087//5087 5067//5067
f 5067//5067 5087//5087 5088//5088
f 5067//5067 5088//5088 5068//5068
f 5068//5068 5088//5088 5089//5089
f 5068//5068 5089//5089 5069//5069
f 5069//5069 5089//5089 5090//5090
f 5069//5069 5090//5090 5070//5070
f 5070//5070 5090//5090 5091//5091
f 5070//5070 5091//5091 5071//5071
f 5071//5071 5091//5091 5092//5092
f 5071//5071 5092//5092 5072//5072
f 5072//5072 5092//5092 5093//5093
f 5072//5072 5093//5093 5073//5073
f 5073//5073 5093//5093 5094//5094
f 5073//5073 5094//5094 5074//5074
f 5074//5074 5094//5094 5095//5095
f 5074//5074 5095//5095 5075//5075
f 5075//5075 5095//5095 5096//5096
f 5075//5075 5096//5096 5076//5076
f 5076//5076 5096//5096 5097//5097
f 5076//5076 5097//5097 5077//5077
f 5077//5077 5097//5097 5098//5098
f 5077//5077 5098//5098 5078//5078
f 5078//5078 5098//5098 5099//5099
f 5078//5078 5099//5099 5079//5079
f 5079//5079 5099//5099 5100//5100
f 5079//5079 5100//5100 5080//5080
f 5080//5080 5100//5100 5081//5081
f 5080//5080 5081//5081 5061//5061
f 5081//5081 5101//5101 5102//5102
f 5081//5081 5102//5102 5082//5082
f 5082//5082 5102//5102 5103//5103
f 5082//5082 5103//5103 5083//5083
f 5083//5083 5103//5103 5104//5104
f 5083//5083 5104//5104 5084//5084
f 5084//5084 5104//5104 5105//5105
f 5084//5084 5105//5105 5085//5085
f 5085//5085 5105//5105 5106//5106
f 5085//5085 5106//5106 5086//5086
f 5086//5086 5106//5106 5107//5107
f 5086//5086 5107//5107 5087//5087
f 5087//5087 5107//5107 5108//5108
f 5087//5087 5108//5108 5088//5088
f 5088//5088 5108//5108 5109//5109
f 5088//5088 5109//5109 5089//5089
f 5089//5089 5109//5109 5110//5110
f 5089//5089 5110//5110 5090//5090
f 5090//5090 5110//5110 5111//5111
f 5090//5090 5111//5111 5091//5091
f 5091//5091 5111//5111 5112//5112
f 5091//5091 5112//5112 5092//5092
f 5092//5092 5112//5112 5113//5113
f 5092//5092 5113//5113 5093//5093
f 5093//5093 5113//5113 5114//5114
f 5093//5093 5114//5114 5094//5094
f 5094//5094 5114//5114 5115//5115
f 5094//5094 5115//5115 5095//5095
f 5095//5095 5115//5115 5116//5116
f 5095//5095 5116//5116 5096//5096
f 5096//5096 5116//5116 5117//5117
f 5096//5096 5117//5117 5097//5097
f 5097//5097 5117//5117 5118//5118
f 5097//5097 5118//5118 5098//5098
f 5098//5098 5118//5118 5119//5119
f 5098//5098 5119//5119 5099//5099
f 5099//5099 5119//5119 5120//5120
f 5099//5099 5120//5120 5100//5100
f 5100//5100 5120//5120 5101//5101
f 5100//5100 5101//5101 5081//5081
f 5101//5101 1//1 2//2
f 5101//5101 2//2 5102//5102
f 5102//5102 2//2 3//3
f 5102//5102 3//3 5103//5103
f 5103//5103 3//3 4//4
f 5103//5103 4//4 5104//5104
f 5104//5104 4//4 5//5
f 5104//5104 5//5 5105//5105
f 5105//5105 5//5 6//6
f 5105//5105 6//6 5106//5106
f 5106//5106 6//6 7//7
f 5106//5106 7//7 5107//5107
f 5107//5107 7//7 8//8
f 5107//5107 8//8 5108//5108
f 5108//5108 8//8 9//9
f 5108//5108 9//9 5109//5109
f 5109//5109 9//9 10//10
f 5109//5109 10//10 5110//5110
f 5110//5110 10//10 11//11
f 5110//5110 11//11 5111//5111
f 5111//5111 11//11 12//12
f 5111//5111 12//12 5112//5112
f 5112//5112 12//12 13//13
f 5112//5112 13//13 5113//5113
f 5113//5113 13//13 14//14
f 5113//5113 14//14 5114//5114
f 5114//5114 14//14 15//15
f 5114//5114 15//15 5115//5115
f 5115//5115 15//15 16//16
f 5115//5115 16//16 5116//5116
f 5116//5116 16//16 17//17
f 5116//5116 17//17 5117//5117
f 5117//5117 17//17 18//18
f 5117//5117 18//18 5118//5118
f 5118//5118 18//18 19//19
f 5118//5118 19//19 5119//5119
f 5119//5119 19//19 20//20
f 5119//5119 20//20 5120//5120
f 5120//5120 20//20 1//1
f 5120//5120 1//1 5101//5101
